parent,left,right,vid,cut,n,m1,m2,m3,m4,m5,m6,m7,m8,m9,m10,sd_left,sd_right
-1,1,200,4,0.151866,1000,0.389699152,0.387557446,0.3879576,0.390891333,0.391063363,0.525513767,0.520121908,0.521812663,0.521693967,0.523656662,0.0597925686,0.2256921719
0,2,21,2,0.1066555,100,0.15862981,0.1570585,0.15353798,0.15504888,0.12538175,0.84886752,0.85091833,0.84628201,0.84082858,0.84570934,0.02314544251,0.06207864162
1,3,4,0,0.126471,10,0.1553531,0.143094,0.0946005,0.166356,0.1316336,0.8575738,0.8646058,0.8493565,0.8519553,0.8690572,0,0.02196530447
2,-1,-1,-1,,1,0.121413,0.125384,0.101219,0.129703,0.143318,0.876941,0.855494,0.815131,0.828049,0.806262,,
2,5,6,0,0.1320515,9,0.1591242222,0.1450617778,0.09386511111,0.1704285556,0.1303353333,0.8554218889,0.8656182222,0.8531593333,0.8546115556,0.8760344444,0,0.02171818002
4,-1,-1,-1,,1,0.131529,0.170418,0.087114,0.207186,0.119744,0.832992,0.87876,0.866131,0.818675,0.878777,,
4,7,8,0,0.133517,8,0.162573625,0.14189225,0.094709,0.165833875,0.13165925,0.858225625,0.8639755,0.851537875,0.859103625,0.875691625,0,0.02196671218
6,-1,-1,-1,,1,0.132574,0.149882,0.09915,0.140896,0.116512,0.855574,0.876841,0.833468,0.843233,0.846088,,
6,9,10,0,0.1389685,7,0.1668592857,0.1407508571,0.09407457143,0.1693964286,0.1338231429,0.8586044286,0.8621375714,0.8541192857,0.8613708571,0.8799207143,0,0.01937237545
8,-1,-1,-1,,1,0.13446,0.097578,0.103571,0.192431,0.130978,0.81642,0.864054,0.88458,0.874757,0.936656,,
8,11,12,0,0.148826,6,0.1722591667,0.1479463333,0.09249183333,0.1655573333,0.1342973333,0.8656351667,0.8618181667,0.8490425,0.8591398333,0.8704648333,0,0.01858613099
10,-1,-1,-1,,1,0.143477,0.134557,0.080478,0.199579,0.139827,0.842319,0.885252,0.865486,0.861465,0.84473,,
10,13,14,0,0.160433,5,0.1780156,0.1506242,0.0948946,0.158753,0.1331914,0.8702984,0.8571314,0.8457538,0.8586748,0.8756118,0,0.01790088641
12,-1,-1,-1,,1,0.154175,0.143649,0.09663,0.155064,0.138968,0.884086,0.87466,0.870725,0.900812,0.875207,,
12,15,16,0,0.1725605,4,0.18397575,0.152368,0.09446075,0.15967525,0.13174725,0.8668515,0.85274925,0.839511,0.8481405,0.875713,0,0.01826194212
14,-1,-1,-1,,1,0.166691,0.152947,0.103965,0.15659,0.12435,0.861705,0.869133,0.834604,0.853268,0.911915,,
14,17,18,0,0.184696,3,0.1897373333,0.152175,0.09129266667,0.1607036667,0.134213,0.868567,0.847288,0.8411466667,0.8464313333,0.8636456667,0,0.01308099865
16,-1,-1,-1,,1,0.17843,0.185905,0.103096,0.191934,0.139466,0.885538,0.844391,0.864245,0.824525,0.889546,,
16,19,20,0,0.195391,2,0.195391,0.13531,0.085391,0.1450885,0.1315865,0.8600815,0.8487365,0.8295975,0.8573845,0.8506955,0,0
18,-1,-1,-1,,1,0.190962,0.138048,0.092318,0.131046,0.118375,0.882939,0.841021,0.829042,0.831793,0.845493,,
18,-1,-1,-1,,1,0.19982,0.132572,0.078464,0.159131,0.144798,0.837224,0.856452,0.830153,0.882976,0.855898,,
1,22,39,6,0.805313,90,0.1589938889,0.1586101111,0.1600865889,0.1537925333,0.1246871,0.8479001556,0.8493975,0.8459404,0.8395922778,0.8431151333,0.02496344911,0.0644592244
21,23,24,0,0.1051435,9,0.1460441111,0.1469763333,0.1503686667,0.1601998889,0.1286928889,0.8668776667,0.7874167778,0.8453518889,0.8439085556,0.8431153333,0,0.02474201502
22,-1,-1,-1,,1,0.092131,0.150722,0.169951,0.135263,0.144132,0.90654,0.794909,0.839773,0.859098,0.859443,,
22,25,26,0,0.125088,8,0.15278325,0.146508125,0.147920875,0.163317,0.126763,0.861919875,0.78648025,0.84604925,0.842009875,0.841074375,0,0.02516615423
24,-1,-1,-1,,1,0.118156,0.119629,0.139872,0.202669,0.122735,0.845758,0.795157,0.853395,0.850518,0.834295,,
24,27,28,0,0.14389,7,0.15773,0.150348,0.1490707143,0.1576952857,0.1273384286,0.8642287143,0.7852407143,0.8449998571,0.8407944286,0.8420428571,0,0.02466964857
26,-1,-1,-1,,1,0.13202,0.210534,0.153753,0.141885,0.150578,0.877476,0.764129,0.857486,0.816264,0.857108,,
26,29,30,0,0.155927,6,0.162015,0.140317,0.1482903333,0.1603303333,0.1234651667,0.8620208333,0.7887593333,0.8429188333,0.8448828333,0.839532,0,0.0208350449
28,-1,-1,-1,,1,0.15576,0.098833,0.124738,0.136956,0.137664,0.915266,0.803347,0.831898,0.854981,0.917044,,
28,31,32,0,0.158709,5,0.163266,0.1486138,0.1530008,0.1650052,0.1206254,0.8513718,0.7858418,0.845123,0.8428632,0.8240296,0,0.020044025
30,-1,-1,-1,,1,0.156094,0.153828,0.161316,0.169762,0.115005,0.802929,0.805237,0.823505,0.822245,0.850302,,
30,33,34,0,0.1631485,4,0.165059,0.14731025,0.150922,0.163816,0.1220305,0.8634825,0.780993,0.8505275,0.84801775,0.8174615,0,0.01961301378
32,-1,-1,-1,,1,0.161324,0.137842,0.135563,0.180081,0.139199,0.901606,0.779844,0.872411,0.871648,0.814815,,
32,35,36,0,0.1649805,3,0.166304,0.1504663333,0.1560416667,0.1583943333,0.1163076667,0.8507746667,0.781376,0.843233,0.840141,0.8183436667,0,0.01956445318
34,-1,-1,-1,,1,0.164973,0.149418,0.181987,0.166916,0.082917,0.860736,0.781896,0.834971,0.85201,0.797908,,
34,37,38,0,0.1669695,2,0.1669695,0.1509905,0.143069,0.1541335,0.133003,0.845794,0.781116,0.847364,0.8342065,0.8285615,0,0
36,-1,-1,-1,,1,0.164988,0.157443,0.154195,0.11692,0.148636,0.84356,0.781022,0.889154,0.849818,0.822733,,
36,-1,-1,-1,,1,0.168951,0.144538,0.131943,0.191347,0.11737,0.848028,0.78121,0.805574,0.818595,0.83439,,
21,40,183,5,0.890521,81,0.1604327531,0.1599027531,0.161166358,0.1530806049,0.1242420123,0.8457915432,0.8562842469,0.8460057901,0.8391126914,0.8431151111,0.06727627578,0.02459987322
39,41,168,7,0.8825565,72,0.1638410972,0.161476625,0.1605662778,0.1523459583,0.1239458472,0.8377390139,0.8564738472,0.8460534861,0.8398930139,0.8434638889,0.07029148254,0.02345475906
40,42,155,5,0.8756095,64,0.1647169375,0.1637789062,0.1630795313,0.1531170625,0.1251004531,0.8362610312,0.8554257812,0.8386681094,0.8358720469,0.84172375,0.07361426713,0.0238240223
41,43,52,1,0.1003665,57,0.167709807,0.1654199298,0.1646966667,0.1549176316,0.12372,0.830858,0.8553579298,0.8374426842,0.8325152456,0.8399780877,0.02461191885,0.07616063971
42,44,45,0,0.1295245,5,0.1568612,0.0856418,0.1573006,0.1482522,0.1209,0.8391326,0.8626164,0.8483126,0.8504602,0.863973,0,0.02412667862
43,-1,-1,-1,,1,0.119157,0.082282,0.169267,0.163642,0.091159,0.801542,0.887663,0.833495,0.831408,0.847169,,
43,46,47,0,0.15131,4,0.16628725,0.08648175,0.154309,0.14440475,0.12833525,0.84853025,0.85635475,0.852017,0.85522325,0.868174,0,0.02363836877
45,-1,-1,-1,,1,0.139892,0.080819,0.109452,0.121363,0.128149,0.846201,0.859065,0.840569,0.847882,0.830479,,
45,48,49,0,0.1636425,3,0.1750856667,0.08836933333,0.1692613333,0.1520853333,0.1283973333,0.8493066667,0.8554513333,0.855833,0.8576703333,0.880739,0,0.01567998978
47,-1,-1,-1,,1,0.162728,0.080432,0.114446,0.104035,0.130698,0.862838,0.887275,0.868231,0.854034,0.912361,,
47,50,51,0,0.1812645,2,0.1812645,0.092338,0.196669,0.1761105,0.127247,0.842541,0.8395395,0.849634,0.8594885,0.864928,0,0
49,-1,-1,-1,,1,0.164557,0.089962,0.186879,0.177197,0.11295,0.820087,0.845265,0.843202,0.844141,0.897463,,
49,-1,-1,-1,,1,0.197972,0.094714,0.206459,0.175024,0.141544,0.864995,0.833814,0.856066,0.874836,0.832393,,
42,53,62,3,0.111205,52,0.1687529423,0.1730909038,0.1654078269,0.1555585385,0.1239911538,0.8300623654,0.85466,0.8363975,0.8307897692,0.8376708846,0.02375900145,0.07949747733
52,54,55,0,0.142034,5,0.1737998,0.1750786,0.1507566,0.1058548,0.1341274,0.8418282,0.8533126,0.8392576,0.839676,0.8499492,0,0.02096836676
53,-1,-1,-1,,1,0.109491,0.122102,0.134829,0.105812,0.144844,0.844106,0.880845,0.849996,0.82829,0.863778,,
53,56,57,0,0.1801105,4,0.189877,0.18832275,0.1547385,0.1058655,0.13144825,0.84125875,0.8464295,0.836573,0.8425225,0.846492,0,0.01894974656
55,-1,-1,-1,,1,0.174577,0.154396,0.160409,0.109993,0.124887,0.838793,0.880693,0.801314,0.841553,0.811721,,
55,58,59,0,0.189675,3,0.194977,0.1996316667,0.1528483333,0.1044896667,0.1336353333,0.8420806667,0.8350083333,0.848326,0.8428456667,0.8580823333,0,0.01349991978
57,-1,-1,-1,,1,0.185644,0.200222,0.109346,0.103957,0.133648,0.863412,0.811784,0.851362,0.8236,0.895468,,
57,60,61,0,0.1996435,2,0.1996435,0.1993365,0.1745995,0.104756,0.133629,0.831415,0.8466205,0.846808,0.8524685,0.8393895,0,0
59,-1,-1,-1,,1,0.193706,0.205946,0.188013,0.09911,0.137647,0.811725,0.859816,0.819129,0.840603,0.832544,,
59,-1,-1,-1,,1,0.205581,0.192727,0.161186,0.110402,0.129611,0.851105,0.833425,0.874487,0.864334,0.846235,,
52,63,90,1,0.1405695,47,0.1682160426,0.1728794468,0.1669664681,0.1608461702,0.1229128298,0.8288106809,0.8548033404,0.836093234,0.8298444255,0.8363646809,0.02446574066,0.09218850497
62,64,65,0,0.0984335,14,0.150979,0.1246698571,0.1496402143,0.1545612857,0.1297633571,0.8480332857,0.8525554286,0.8568744286,0.8407783571,0.8496360714,0,0.02359251336
63,-1,-1,-1,,1,0.094254,0.106019,0.186434,0.136119,0.124246,0.866348,0.885798,0.87941,0.827974,0.792875,,
63,66,67,0,0.1057465,13,0.1553424615,0.1261045385,0.1468099231,0.1559799231,0.1301877692,0.8466244615,0.8499983077,0.8551409231,0.8417633077,0.8540023077,0,0.02320889126
65,-1,-1,-1,,1,0.102613,0.112503,0.173075,0.14091,0.113373,0.844704,0.880618,0.869989,0.8128,0.885002,,
65,68,69,0,0.118858,12,0.1597365833,0.127238,0.1446211667,0.15723575,0.131589,0.8467845,0.8474466667,0.8539035833,0.8441769167,0.851419,0,0.0223013721
67,-1,-1,-1,,1,0.10888,0.123367,0.144231,0.16111,0.143458,0.858654,0.8153,0.877306,0.867324,0.915349,,
67,70,71,0,0.131345,11,0.1643599091,0.1275899091,0.1446566364,0.1568835455,0.13051,0.8457054545,0.8503690909,0.8517760909,0.8420726364,0.8456071818,0,0.02249728853
69,-1,-1,-1,,1,0.128836,0.127401,0.135532,0.186917,0.129976,0.874533,0.848547,0.837094,0.859862,0.856075,,
69,72,73,0,0.1395845,10,0.1679123,0.1276088,0.1455691,0.1538802,0.1305634,0.8428227,0.8505513,0.8532443,0.8402937,0.8445604,0,0.0221931194
71,-1,-1,-1,,1,0.133854,0.122101,0.17856,0.131257,0.100865,0.855214,0.872139,0.832503,0.87055,0.848861,,
71,74,75,0,0.145916,9,0.1716965556,0.1282207778,0.1419034444,0.1563938889,0.1338632222,0.8414458889,0.8481526667,0.8555488889,0.8369318889,0.8440825556,0,0.02244422032
73,-1,-1,-1,,1,0.145315,0.121336,0.152049,0.167149,0.148156,0.858085,0.821376,0.842001,0.869349,0.857739,,
73,76,77,0,0.149244,8,0.17499425,0.129081375,0.14063525,0.1550495,0.132076625,0.839366,0.85149975,0.857242375,0.83287975,0.8423755,0,0.02200967785
75,-1,-1,-1,,1,0.146517,0.118191,0.125779,0.122624,0.134038,0.852551,0.823926,0.851623,0.784436,0.833839,,
75,78,79,0,0.1538525,7,0.1790624286,0.1306371429,0.1427575714,0.1596817143,0.1317964286,0.8374824286,0.8554388571,0.8580451429,0.8398002857,0.843595,0,0.02170565141
77,-1,-1,-1,,1,0.151971,0.130924,0.173488,0.141795,0.114463,0.849699,0.837298,0.830271,0.854919,0.811058,,
77,80,81,0,0.1586065,6,0.1835776667,0.1305893333,0.1376358333,0.1626628333,0.1346853333,0.8354463333,0.8584623333,0.8626741667,0.8372805,0.8490178333,0,0.01866879636
79,-1,-1,-1,,1,0.155734,0.115063,0.138146,0.214049,0.144268,0.844628,0.856789,0.8056,0.835329,0.893036,,
79,82,83,0,0.167499,5,0.1891464,0.1336946,0.1375338,0.1523856,0.1327688,0.83361,0.858797,0.874089,0.8376708,0.8402142,0,0.01823424026
81,-1,-1,-1,,1,0.161479,0.137461,0.142292,0.145822,0.132537,0.86056,0.887648,0.86899,0.842504,0.811096,,
81,84,85,0,0.177357,4,0.19606325,0.132753,0.13634425,0.1540265,0.13282675,0.8268725,0.85158425,0.87536375,0.8364625,0.84749375,0,0.01734440589
83,-1,-1,-1,,1,0.173519,0.138058,0.119271,0.147675,0.146296,0.827919,0.825904,0.874145,0.800614,0.833031,,
83,86,87,0,0.1891765,3,0.203578,0.1309846667,0.1420353333,0.1561436667,0.128337,0.8265236667,0.8601443333,0.87577,0.848412,0.8523146667,0,0.0142380621
85,-1,-1,-1,,1,0.181195,0.13603,0.142519,0.199863,0.139263,0.840018,0.874144,0.876674,0.834826,0.838434,,
85,88,89,0,0.2147695,2,0.2147695,0.128462,0.1417935,0.134284,0.122874,0.8197765,0.8531445,0.875318,0.855205,0.859255,0,0
87,-1,-1,-1,,1,0.197158,0.139775,0.163878,0.126089,0.121999,0.811087,0.824465,0.873951,0.849892,0.869517,,
87,-1,-1,-1,,1,0.232381,0.117149,0.119709,0.142479,0.123749,0.828466,0.881824,0.876685,0.860518,0.848993,,
62,91,96,1,0.145746,33,0.1755287273,0.193332,0.174317,0.1635124848,0.1200065455,0.8206556364,0.855757,0.8272769697,0.8252057879,0.8307343939,0.02056571379,0.0960919457
90,92,93,0,0.153773,3,0.1624336667,0.1425486667,0.212428,0.149539,0.128216,0.8398016667,0.8246033333,0.8419836667,0.8445606667,0.845215,0,0.01978414743
91,-1,-1,-1,,1,0.14229,0.141725,0.190567,0.129913,0.126282,0.857932,0.811461,0.846801,0.806834,0.849566,,
91,94,95,0,0.1725055,2,0.1725055,0.1429605,0.2233585,0.159352,0.129183,0.8307365,0.8311745,0.839575,0.863424,0.8430395,0,0
93,-1,-1,-1,,1,0.165256,0.144557,0.191177,0.158966,0.135121,0.821142,0.842227,0.860585,0.876813,0.887233,,
93,-1,-1,-1,,1,0.179755,0.141364,0.25554,0.159738,0.123245,0.840331,0.820122,0.818565,0.850035,0.798846,,
90,97,102,1,0.1476375,30,0.1768382333,0.1984103333,0.1705059,0.1649098333,0.1191856,0.8187410333,0.8588723667,0.8258063,0.8232703,0.8292863333,0.01371313218,0.1006906814
96,98,99,0,0.1329445,3,0.1414923333,0.1472096667,0.185453,0.1744866667,0.127436,0.8639603333,0.883495,0.850794,0.8284676667,0.8528013333,0,0.01353437471
97,-1,-1,-1,,1,0.12919,0.147502,0.18177,0.156137,0.129534,0.868657,0.882132,0.871285,0.821705,0.83483,,
97,100,101,0,0.1476435,2,0.1476435,0.1470635,0.1872945,0.1836615,0.126387,0.861612,0.8841765,0.8405485,0.831849,0.861787,0,0
99,-1,-1,-1,,1,0.136699,0.147192,0.196096,0.188644,0.129898,0.87128,0.908567,0.850314,0.816799,0.837556,,
99,-1,-1,-1,,1,0.158588,0.146935,0.178493,0.178679,0.122876,0.851944,0.859786,0.830783,0.846899,0.886018,,
96,103,150,7,0.874461,27,0.1807655556,0.2040992963,0.1688451111,0.1638457407,0.1182688889,0.8137166667,0.8561365185,0.8230298889,0.8226928148,0.8266735556,0.1061575103,0.01806325602
102,104,107,2,0.1227295,24,0.1810280417,0.209022875,0.1712242083,0.1617072917,0.1179995417,0.81207725,0.85928575,0.816208625,0.8194965833,0.8251216667,0.01854419732,0.1101383354
103,105,106,0,0.1199515,2,0.1199515,0.179995,0.1155135,0.1982025,0.1379005,0.844791,0.8576215,0.827736,0.8706165,0.8148315,0,0
104,-1,-1,-1,,1,0.104788,0.208663,0.11124,0.21705,0.151154,0.838347,0.857988,0.790471,0.875312,0.834467,,
104,-1,-1,-1,,1,0.135115,0.151327,0.119787,0.179355,0.124647,0.851235,0.857255,0.865001,0.865921,0.795196,,
103,108,111,0,0.124153,22,0.1865804545,0.2116617727,0.1762888182,0.1583895455,0.1161903636,0.8091032727,0.8594370455,0.8151606818,0.8148493182,0.8260571364,0.01733506507,0.1148903997
107,109,110,0,0.1166305,2,0.1166305,0.1864415,0.171188,0.1195515,0.09613,0.8567395,0.8764675,0.81559,0.815993,0.8086035,0,0
108,-1,-1,-1,,1,0.110183,0.207879,0.178568,0.121025,0.10854,0.848937,0.904151,0.834695,0.796274,0.83529,,
108,-1,-1,-1,,1,0.123078,0.165004,0.163808,0.118078,0.08372,0.864542,0.848784,0.796485,0.835712,0.781917,,
107,112,147,8,0.881067,20,0.19357545,0.2141838,0.1767989,0.16227335,0.1181964,0.80433965,0.857734,0.81511775,0.81473495,0.8278025,0.1204763374,0.01333530895
111,113,114,0,0.1278855,18,0.1983522222,0.2176439444,0.1755990556,0.1630823333,0.1151575,0.8044308333,0.8585336111,0.8115307778,0.8062200556,0.8278757222,0,0.1234368726
112,-1,-1,-1,,1,0.12547,0.150274,0.133976,0.192157,0.12869,0.798101,0.926185,0.870127,0.795189,0.846824,,
112,115,116,0,0.1348055,17,0.2026394118,0.2216068824,0.1780474706,0.1613720588,0.1143614706,0.8048031765,0.8545541176,0.8080839412,0.8068689412,0.8267611176,0,0.1267895157
114,-1,-1,-1,,1,0.130301,0.173205,0.199471,0.124761,0.119964,0.860317,0.869524,0.873575,0.800187,0.831909,,
114,117,118,0,0.1396445,16,0.2071605625,0.224632,0.1767085,0.16366025,0.1140113125,0.8013335625,0.8536185,0.80399075,0.8072865625,0.826439375,0,0.1304247937
116,-1,-1,-1,,1,0.13931,0.212839,0.172672,0.130174,0.150929,0.795735,0.821377,0.856941,0.845205,0.908061,,
116,119,120,0,0.140637,15,0.2116839333,0.2254182,0.1769776,0.1658926667,0.1115501333,0.8017068,0.8557679333,0.8004607333,0.8047586667,0.8209979333,0,0.1344543285
118,-1,-1,-1,,1,0.139979,0.158029,0.127396,0.198896,0.126305,0.826989,0.841,0.867399,0.802945,0.843596,,
118,121,122,0,0.1417075,14,0.2168057143,0.2302317143,0.1805191429,0.1635352857,0.1104962143,0.7999009286,0.8568227857,0.7956794286,0.8048882143,0.8193837857,0,0.1390739497
120,-1,-1,-1,,1,0.141295,0.174434,0.161829,0.15009,0.086375,0.82284,0.871919,0.851477,0.843928,0.81566,,
120,123,124,0,0.142599,13,0.2226142308,0.2345238462,0.1819568462,0.1645695385,0.1123516923,0.7981363846,0.8556615385,0.7913873077,0.8018851538,0.8196702308,0,0.1440772039
122,-1,-1,-1,,1,0.14212,0.167678,0.146008,0.13836,0.136002,0.825674,0.865908,0.861654,0.849884,0.8244,,
122,125,126,0,0.143093,12,0.2293220833,0.2400943333,0.1849525833,0.1667536667,0.1103808333,0.7958415833,0.8548076667,0.78553175,0.79788525,0.8192760833,0,0.1495835732
124,-1,-1,-1,,1,0.143078,0.154601,0.1668,0.18557,0.13319,0.830134,0.859217,0.85421,0.866864,0.84407,,
124,127,128,0,0.143974,11,0.2371624545,0.2478664545,0.1866028182,0.1650430909,0.1083072727,0.7927240909,0.8544068182,0.7792882727,0.7916144545,0.8170220909,0,0.155959651
126,-1,-1,-1,,1,0.143108,0.186243,0.125672,0.128262,0.129761,0.792314,0.805389,0.811357,0.810077,0.88308,,
126,129,130,0,0.147169,10,0.2465679,0.2540288,0.1926959,0.1687212,0.1061619,0.7927651,0.8593086,0.7760814,0.7897682,0.8104163,0,0.1634088533
128,-1,-1,-1,,1,0.14484,0.190705,0.153324,0.127684,0.133553,0.829328,0.873568,0.848279,0.822414,0.817277,,
128,131,132,0,0.150278,9,0.257871,0.2610647778,0.1970705556,0.1732808889,0.1031184444,0.7887025556,0.8577242222,0.7680594444,0.7861408889,0.809654,0,0.1713137611
130,-1,-1,-1,,1,0.149498,0.175809,0.13612,0.148435,0.057882,0.83188,0.878296,0.829951,0.873548,0.909897,,
130,133,134,0,0.1513955,8,0.271417625,0.27172175,0.204689375,0.176386625,0.108773,0.783305375,0.85515275,0.760323,0.775215,0.797123625,0,0.1810271222
132,-1,-1,-1,,1,0.151058,0.155285,0.168421,0.135824,0.127681,0.842767,0.852025,0.787902,0.843138,0.880153,,
132,135,136,0,0.1665605,7,0.2886118571,0.2883555714,0.2098705714,0.1821812857,0.1060718571,0.7748108571,0.8555995714,0.7563831429,0.7655117143,0.7852622857,0,0.1922872177
134,-1,-1,-1,,1,0.151733,0.156124,0.183983,0.18161,0.138012,0.867403,0.823544,0.824545,0.865137,0.836508,,
134,137,138,0,0.185563,6,0.311425,0.3103941667,0.2141851667,0.1822765,0.1007485,0.7593788333,0.8609421667,0.7450228333,0.7489075,0.7767213333,0,0.2069581412
136,-1,-1,-1,,1,0.181388,0.242494,0.152767,0.112008,0.122629,0.874334,0.811659,0.816343,0.850727,0.824258,,
136,139,140,0,0.1915975,5,0.3374324,0.3239742,0.2264688,0.1963302,0.0963724,0.7363878,0.8707988,0.7307588,0.7285436,0.767214,0,0.2231250207
138,-1,-1,-1,,1,0.189738,0.147832,0.201432,0.172651,0.103965,0.82883,0.806524,0.844974,0.873429,0.906338,,
138,141,142,0,0.1968445,4,0.374356,0.36800975,0.232728,0.20225,0.09447425,0.71327725,0.8868675,0.702205,0.69232225,0.732433,0,0.2426315222
140,-1,-1,-1,,1,0.193457,0.168038,0.144282,0.152755,0.148393,0.852569,0.866941,0.802279,0.8575,0.893605,,
140,143,144,0,0.2069905,3,0.4346556667,0.434667,0.26221,0.2187483333,0.07650133333,0.6668466667,0.8935096667,0.668847,0.637263,0.678709,0,0.2593596757
142,-1,-1,-1,,1,0.200232,0.147773,0.136521,0.147939,0.142786,0.867458,0.863233,0.761006,0.85097,0.829402,,
142,145,146,0,0.5518675,2,0.5518675,0.578114,0.3250545,0.254153,0.043359,0.566541,0.908648,0.6227675,0.5304095,0.6033625,0,0
144,-1,-1,-1,,1,0.213749,0.160423,0.15452,0.143514,0.035295,0.869324,0.834765,0.840633,0.8732,0.886893,,
144,-1,-1,-1,,1,0.889986,0.995805,0.495589,0.364792,0.051423,0.263758,0.982531,0.404902,0.187619,0.319832,,
111,148,149,0,0.1505845,2,0.1505845,0.1830425,0.1875975,0.1549925,0.1455465,0.803519,0.8505375,0.8474005,0.891369,0.8271435,0,0
147,-1,-1,-1,,1,0.125228,0.180083,0.165686,0.163271,0.151073,0.799129,0.852104,0.850083,0.888586,0.849743,,
147,-1,-1,-1,,1,0.175941,0.186002,0.209509,0.146714,0.14002,0.807909,0.848971,0.844718,0.894152,0.804544,,
102,151,152,0,0.161962,3,0.1786656667,0.1647106667,0.1498123333,0.1809533333,0.1204236667,0.826832,0.8309426667,0.8776,0.8482626667,0.8390886667,0,0.0157187833
150,-1,-1,-1,,1,0.151962,0.155304,0.173115,0.171931,0.138871,0.79313,0.827936,0.881646,0.842491,0.855532,,
150,153,154,0,0.1920175,2,0.1920175,0.169414,0.138161,0.1854645,0.1112,0.843683,0.832446,0.875577,0.8511485,0.830867,0,0
152,-1,-1,-1,,1,0.171962,0.18571,0.137025,0.201468,0.089513,0.851768,0.834721,0.875347,0.831771,0.855951,,
152,-1,-1,-1,,1,0.212073,0.153118,0.139297,0.169461,0.132887,0.835598,0.830171,0.875807,0.870526,0.805783,,
41,156,157,0,0.1119245,7,0.1403464286,0.1504162857,0.1499114286,0.1384552857,0.1363412857,0.8802571429,0.8559782857,0.8486465714,0.863206,0.8559384286,0,0.02409397766
155,-1,-1,-1,,1,0.099606,0.136225,0.132413,0.143633,0.124588,0.884298,0.87481,0.827336,0.893803,0.866241,,
155,158,159,0,0.1269225,6,0.1471365,0.1527815,0.1528278333,0.1375923333,0.1383001667,0.8795836667,0.8528396667,0.8521983333,0.8581065,0.8542213333,0,0.02330872124
157,-1,-1,-1,,1,0.124243,0.132194,0.155956,0.182882,0.136715,0.876686,0.831785,0.854456,0.825082,0.811445,,
157,160,161,0,0.13516,5,0.1517152,0.156899,0.1522022,0.1285344,0.1386172,0.8801632,0.8570506,0.8517468,0.8647114,0.8627766,0,0.02312231799
159,-1,-1,-1,,1,0.129602,0.111194,0.133115,0.117897,0.117336,0.877182,0.830755,0.846491,0.845489,0.858587,,
159,162,163,0,0.1443295,4,0.1572435,0.16832525,0.156974,0.13119375,0.1439375,0.8809085,0.8636245,0.85306075,0.869517,0.863824,0,0.01949570725
161,-1,-1,-1,,1,0.140718,0.137229,0.14917,0.141811,0.143178,0.878605,0.821457,0.836776,0.932932,0.862076,,
161,164,165,0,0.151314,3,0.162752,0.1786906667,0.1595753333,0.1276546667,0.1441906667,0.8816763333,0.8776803333,0.858489,0.8483786667,0.8644066667,0,0.01584527212
163,-1,-1,-1,,1,0.147941,0.189304,0.13888,0.136081,0.132323,0.877839,0.849061,0.868215,0.882083,0.829514,,
163,166,167,0,0.1701575,2,0.1701575,0.173384,0.169923,0.1234415,0.1501245,0.883595,0.89199,0.853626,0.8315265,0.881853,0,0
165,-1,-1,-1,,1,0.154687,0.14688,0.148248,0.146669,0.148529,0.878649,0.902794,0.848377,0.850042,0.888598,,
165,-1,-1,-1,,1,0.185628,0.199888,0.191598,0.100214,0.15172,0.888541,0.881186,0.858875,0.813011,0.875108,,
40,169,170,0,0.129252,8,0.156834375,0.143058375,0.14046025,0.146177125,0.114709,0.849562875,0.864858375,0.9051365,0.87206075,0.857385,0,0.02310219276
168,-1,-1,-1,,1,0.128817,0.145852,0.1241,0.096315,0.145438,0.834695,0.844258,0.901623,0.847039,0.864032,,
168,171,172,0,0.1402025,7,0.1608368571,0.1426592857,0.1427974286,0.1533002857,0.1103191429,0.8516868571,0.8678012857,0.9056384286,0.8756352857,0.8564354286,0,0.02180644376
170,-1,-1,-1,,1,0.129687,0.139098,0.176714,0.168223,0.113895,0.809818,0.832085,0.915321,0.890383,0.899547,,
170,173,174,0,0.1511085,6,0.1660285,0.1432528333,0.1371446667,0.1508131667,0.1097231667,0.858665,0.873754,0.9040246667,0.8731773333,0.8492501667,0,0.02067619917
172,-1,-1,-1,,1,0.150718,0.186038,0.166056,0.173889,0.105199,0.865115,0.913476,0.910804,0.847695,0.835294,,
172,175,176,0,0.154649,5,0.1690906,0.1346958,0.1313624,0.146198,0.110628,0.857375,0.8658096,0.9026688,0.8782738,0.8520414,0,0.0208841231
174,-1,-1,-1,,1,0.151499,0.103359,0.13187,0.153943,0.136855,0.881319,0.844648,0.896167,0.872496,0.85472,,
174,177,178,0,0.1581995,4,0.1734885,0.14253,0.1312355,0.14426175,0.10407125,0.851389,0.8711,0.90429425,0.87971825,0.85137175,0,0.01846770126
176,-1,-1,-1,,1,0.157799,0.180758,0.121927,0.154663,0.102213,0.808872,0.900347,0.883467,0.8966,0.840283,,
176,179,180,0,0.160521,3,0.1787183333,0.1297873333,0.1343383333,0.1407946667,0.1046906667,0.8655613333,0.861351,0.9112366667,0.874091,0.855068,0,0.01557441652
178,-1,-1,-1,,1,0.1586,0.100095,0.152944,0.157023,0.121009,0.869155,0.846249,0.944378,0.881127,0.861061,,
178,181,182,0,0.1887775,2,0.1887775,0.1446335,0.1250355,0.1326805,0.0965315,0.8637645,0.868902,0.894666,0.870573,0.8520715,0,0
180,-1,-1,-1,,1,0.162442,0.146678,0.118388,0.100844,0.081128,0.8628,0.88481,0.89608,0.872037,0.838853,,
180,-1,-1,-1,,1,0.215113,0.142589,0.131683,0.164517,0.111935,0.864729,0.852994,0.893252,0.869109,0.86529,,
39,184,185,0,0.095746,9,0.133166,0.1473117778,0.165967,0.1589577778,0.1266113333,0.9102117778,0.8547674444,0.8456242222,0.8328701111,0.8403248889,0,0.02393214211
183,-1,-1,-1,,1,0.080903,0.130176,0.129955,0.187274,0.115246,0.922671,0.837948,0.866347,0.805362,0.811927,,
183,186,187,0,0.111667,8,0.139698875,0.14945375,0.1704685,0.15541825,0.128032,0.908654375,0.856869875,0.843033875,0.836308625,0.843874625,0,0.02314826627
185,-1,-1,-1,,1,0.110589,0.172839,0.159943,0.150569,0.147106,0.90259,0.811366,0.794364,0.862785,0.858104,,
185,188,189,0,0.116462,7,0.1438574286,0.146113,0.1719721429,0.156111,0.1253071429,0.9095207143,0.8633704286,0.8499867143,0.8325262857,0.8418418571,0,0.02160213105
187,-1,-1,-1,,1,0.112745,0.126999,0.138478,0.120019,0.108221,0.93732,0.872852,0.904648,0.832518,0.857684,,
187,190,191,0,0.1204695,6,0.1490428333,0.1492986667,0.1775545,0.1621263333,0.1281548333,0.9048875,0.8617901667,0.8408765,0.8325276667,0.8392015,0,0.02125768838
189,-1,-1,-1,,1,0.120179,0.106769,0.175096,0.153658,0.140278,0.900764,0.877179,0.874114,0.824692,0.853943,,
189,192,193,0,0.1325195,5,0.1548156,0.1578046,0.1780462,0.16382,0.1257302,0.9057122,0.8587124,0.834229,0.8340948,0.8362532,0,0.01918577805
191,-1,-1,-1,,1,0.12076,0.160363,0.154736,0.148556,0.120221,0.902411,0.886092,0.877793,0.796479,0.820435,,
191,194,195,0,0.146764,4,0.1633295,0.157165,0.18387375,0.167636,0.1271075,0.9065375,0.8518675,0.823338,0.84349875,0.84020775,0,0.017458241
193,-1,-1,-1,,1,0.144279,0.135173,0.192758,0.159639,0.13542,0.892501,0.88338,0.850335,0.836034,0.874147,,
193,196,197,0,0.161422,3,0.1696796667,0.1644956667,0.1809123333,0.1703016667,0.1243366667,0.9112163333,0.8413633333,0.814339,0.845987,0.8288946667,0,0.01550492146
195,-1,-1,-1,,1,0.149249,0.167252,0.167883,0.160191,0.113423,0.892575,0.835307,0.801945,0.87744,0.852288,,
195,198,199,0,0.179895,2,0.179895,0.1631175,0.187427,0.175357,0.1297935,0.920537,0.8443915,0.820536,0.8302605,0.817198,0,0
197,-1,-1,-1,,1,0.173595,0.165255,0.215689,0.151772,0.115216,0.914116,0.843957,0.793842,0.836363,0.818219,,
197,-1,-1,-1,,1,0.186195,0.16098,0.159165,0.198942,0.144371,0.926958,0.844826,0.84723,0.824158,0.816177,,
0,201,1280,5,0.392793,900,0.4153735233,0.41316844,0.4140042244,0.41709605,0.4205835422,0.4895855722,0.48336675,0.4857605133,0.4862345656,0.4878730311,0.06000136513,0.2437313216
200,202,309,3,0.2581395,540,0.3283510167,0.3269961278,0.326968763,0.3286885426,0.3307784056,0.3185711889,0.3274284815,0.3274764222,0.3297001315,0.3291541463,0.03721209519,0.06059925544
201,203,212,2,0.2442415,54,0.2952180741,0.3011082037,0.2996304444,0.2358055556,0.3173420926,0.2967098148,0.304651,0.3058122037,0.3045018889,0.3031913704,0.02445759388,0.03738666715
202,204,205,0,0.2559825,5,0.2887468,0.3125452,0.2344814,0.2365526,0.318362,0.2735842,0.2882812,0.326722,0.289512,0.3129858,0,0.02467150224
203,-1,-1,-1,,1,0.251703,0.304136,0.229623,0.218617,0.316099,0.247674,0.30006,0.365059,0.271154,0.306748,,
203,206,207,0,0.2727585,4,0.29800775,0.3146475,0.235696,0.2410365,0.31892775,0.28006175,0.2853365,0.31713775,0.2941015,0.31454525,0,0.0245740637
205,-1,-1,-1,,1,0.260262,0.318759,0.234529,0.253917,0.315593,0.272989,0.287118,0.283017,0.255089,0.296835,,
205,208,209,0,0.2986765,3,0.3105896667,0.313277,0.236085,0.236743,0.3200393333,0.2824193333,0.2847426667,0.3285113333,0.3071056667,0.3204486667,0,0.02474748532
207,-1,-1,-1,,1,0.285255,0.28892,0.240807,0.23361,0.318956,0.285021,0.304438,0.307041,0.295817,0.279701,,
207,210,211,0,0.323257,2,0.323257,0.3254555,0.233724,0.2383095,0.320581,0.2811185,0.274895,0.3392465,0.31275,0.3408225,0,0
209,-1,-1,-1,,1,0.312098,0.364483,0.227345,0.225748,0.283883,0.31659,0.257843,0.332828,0.279545,0.356273,,
209,-1,-1,-1,,1,0.334416,0.286428,0.240103,0.250871,0.357279,0.245647,0.291947,0.345665,0.345955,0.325372,,
202,213,220,0,0.2646045,49,0.2958784082,0.2999411633,0.3062783061,0.2357293265,0.3172380204,0.2990695714,0.3063213878,0.303678551,0.3060314694,0.3021919388,0.02445194807,0.03755832635
212,214,215,0,0.2136345,4,0.23497275,0.2985565,0.276099,0.2219505,0.33970875,0.295536,0.3244335,0.28847175,0.299818,0.29275,0,0.02216595536
213,-1,-1,-1,,1,0.20443,0.317452,0.27738,0.210495,0.29311,0.293116,0.337768,0.264167,0.307143,0.243154,,
213,216,217,0,0.235916,3,0.2451536667,0.292258,0.275672,0.225769,0.3552416667,0.2963426667,0.3199886667,0.2965733333,0.2973763333,0.309282,0,0.01259133399
215,-1,-1,-1,,1,0.222839,0.303209,0.279785,0.185456,0.301787,0.283361,0.352149,0.278509,0.265072,0.314044,,
215,218,219,0,0.256311,2,0.256311,0.2867825,0.2736155,0.2459255,0.381969,0.3028335,0.3039085,0.3056055,0.3135285,0.306901,0,0
217,-1,-1,-1,,1,0.248993,0.269496,0.290098,0.256372,0.36125,0.304186,0.320248,0.295201,0.319848,0.304459,,
217,-1,-1,-1,,1,0.263629,0.304069,0.257133,0.235479,0.402688,0.301481,0.287569,0.31601,0.307209,0.309343,,
212,221,228,9,0.255104,45,0.3012922444,0.3000642444,0.3089609111,0.2369541111,0.3152406222,0.2993836667,0.3047114222,0.3050302667,0.3065837778,0.3030312222,0.02469317163,0.03726552848
220,222,223,0,0.265691,4,0.28084375,0.29821525,0.3166255,0.23027125,0.32996875,0.29825025,0.2522455,0.3259055,0.31798475,0.230359,0,0.01688439329
221,-1,-1,-1,,1,0.26558,0.262547,0.27765,0.240401,0.303807,0.283787,0.174513,0.298641,0.336884,0.203623,,
221,224,225,0,0.2790325,3,0.2859316667,0.3101046667,0.3296173333,0.2268946667,0.3386893333,0.3030713333,0.2781563333,0.3349936667,0.311685,0.239271,0,0.01700218545
223,-1,-1,-1,,1,0.265802,0.301685,0.341731,0.227684,0.345034,0.307488,0.294365,0.345595,0.33977,0.239755,,
223,226,227,0,0.2959965,2,0.2959965,0.3143145,0.3235605,0.2265,0.335517,0.300863,0.270052,0.329693,0.2976425,0.239029,0,0
225,-1,-1,-1,,1,0.292263,0.282298,0.322918,0.221561,0.340545,0.332948,0.292355,0.321903,0.28752,0.249595,,
225,-1,-1,-1,,1,0.29973,0.346331,0.324203,0.231439,0.330489,0.268778,0.247749,0.337483,0.307765,0.228463,,
220,229,236,6,0.2548265,41,0.3032872195,0.3002446341,0.3082131463,0.2376060976,0.3138037317,0.2994942439,0.3098300488,0.3029936585,0.3054714878,0.3101211951,0.0216555335,0.03731139899
228,230,231,0,0.2869945,4,0.31351775,0.2875885,0.333214,0.22203325,0.2941395,0.3139615,0.237001,0.27440275,0.2934805,0.305537,0,0.02139113495
229,-1,-1,-1,,1,0.276659,0.306432,0.353026,0.233265,0.313262,0.332946,0.249393,0.290299,0.280686,0.321188,,
229,232,233,0,0.3043515,3,0.325804,0.2813073333,0.32661,0.2182893333,0.2877653333,0.3076333333,0.2328703333,0.269104,0.2977453333,0.30032,0,0.01546865932
231,-1,-1,-1,,1,0.29733,0.287801,0.283125,0.227277,0.322722,0.326933,0.234747,0.296367,0.322729,0.287238,,
231,234,235,0,0.340041,2,0.340041,0.2780605,0.3483525,0.2137955,0.270287,0.2979835,0.231932,0.2554725,0.2852535,0.306861,0,0
233,-1,-1,-1,,1,0.311373,0.263022,0.34443,0.232748,0.282508,0.321796,0.242475,0.264607,0.292811,0.305411,,
233,-1,-1,-1,,1,0.368709,0.293099,0.352275,0.194843,0.258066,0.274171,0.221389,0.246338,0.277696,0.308311,,
228,237,242,7,0.2420345,37,0.3021812162,0.3016128649,0.3055103514,0.2392896486,0.3159295946,0.2979302162,0.3177034595,0.3060845676,0.3067678108,0.3106167838,0.0134249152,0.03761928602
236,238,239,0,0.2778045,3,0.281839,0.2802083333,0.2886516667,0.2349323333,0.3440086667,0.286276,0.312697,0.2260956667,0.297219,0.3215703333,0,0.01173591428
237,-1,-1,-1,,1,0.276202,0.271761,0.277632,0.229633,0.311827,0.276287,0.312764,0.223904,0.314294,0.312422,,
237,240,241,0,0.2846575,2,0.2846575,0.284432,0.2941615,0.237582,0.3600995,0.2912705,0.3126635,0.2271915,0.2886815,0.3261445,0,0
239,-1,-1,-1,,1,0.279407,0.278152,0.321663,0.227349,0.357527,0.294947,0.318866,0.216689,0.27224,0.322977,,
239,-1,-1,-1,,1,0.289908,0.290712,0.26666,0.247815,0.362672,0.287594,0.306461,0.237694,0.305123,0.329312,,
236,243,248,0,0.276397,34,0.3039761176,0.3035015,0.3069978824,0.2396741176,0.3134520294,0.2989585294,0.3181452059,0.3131424118,0.3076103529,0.3096502941,0.0223583995,0.03819186654
242,244,245,0,0.2715825,3,0.2721376667,0.325847,0.3012033333,0.2447903333,0.334605,0.2681883333,0.2866323333,0.324999,0.2960193333,0.3142086667,0,0.02230231915
243,-1,-1,-1,,1,0.270146,0.326912,0.26583,0.247138,0.369189,0.249635,0.267459,0.319231,0.284269,0.309216,,
243,246,247,0,0.2731335,2,0.2731335,0.3253145,0.31889,0.2436165,0.317313,0.277465,0.296219,0.327883,0.3018945,0.316705,0,0
245,-1,-1,-1,,1,0.273019,0.304348,0.317449,0.231933,0.304785,0.284846,0.274346,0.341506,0.328733,0.36962,,
245,-1,-1,-1,,1,0.273248,0.346281,0.320331,0.2553,0.329841,0.270084,0.318092,0.31426,0.275056,0.26379,,
242,249,254,8,0.230504,31,0.3070572581,0.3013390323,0.3075586452,0.239179,0.3114049677,0.3019362903,0.3211948387,0.311995,0.3087320645,0.3092091613,0.02269055212,0.03753252465
248,250,251,0,0.283917,3,0.2883626667,0.270607,0.279429,0.2193523333,0.285857,0.2791776667,0.3328823333,0.3462526667,0.2222653333,0.2919576667,0,0.02154342626
249,-1,-1,-1,,1,0.279546,0.246477,0.262788,0.199737,0.322417,0.27645,0.358624,0.322486,0.212462,0.302895,,
249,252,253,0,0.292771,2,0.292771,0.282672,0.2877495,0.22916,0.267577,0.2805415,0.3200115,0.358136,0.227167,0.286489,0,0
251,-1,-1,-1,,1,0.288288,0.287035,0.305292,0.244818,0.322755,0.259148,0.339022,0.369564,0.228418,0.279189,,
251,-1,-1,-1,,1,0.297254,0.278309,0.270207,0.213502,0.212399,0.301935,0.301001,0.346708,0.225916,0.293789,,
248,255,258,2,0.253773,28,0.30906025,0.30463175,0.3105725357,0.2413032857,0.31414225,0.3043747143,0.3199426071,0.3083245357,0.3179963571,0.3110575357,0.01334732384,0.03700192
254,256,257,0,0.291787,2,0.291787,0.312806,0.250606,0.238837,0.3410555,0.2192035,0.306374,0.344409,0.3592005,0.2783345,0,0
255,-1,-1,-1,,1,0.286718,0.297087,0.253536,0.230235,0.318985,0.228215,0.32824,0.362579,0.357267,0.285104,,
255,-1,-1,-1,,1,0.296856,0.328525,0.247676,0.247439,0.363126,0.210192,0.284508,0.326239,0.361134,0.271565,,
254,259,262,8,0.2485385,26,0.3103889615,0.3040029615,0.3151853462,0.241493,0.312072,0.3109263462,0.3209863462,0.3055488077,0.3148268077,0.3135746923,0.01888474758,0.03670137666
258,260,261,0,0.2935135,2,0.2935135,0.261034,0.344742,0.241415,0.288618,0.333925,0.339717,0.3025625,0.234026,0.342343,0,0
259,-1,-1,-1,,1,0.284964,0.281807,0.355569,0.24424,0.32696,0.315987,0.327111,0.322434,0.235462,0.318078,,
259,-1,-1,-1,,1,0.302063,0.240261,0.333915,0.23859,0.250276,0.351863,0.352323,0.282691,0.23259,0.366608,,
258,263,266,8,0.2674765,24,0.31179525,0.3075837083,0.3127222917,0.2414995,0.3140265,0.3090097917,0.3194254583,0.3057976667,0.3215602083,0.3111773333,0.01740234451,0.0369155133
262,264,265,0,0.28781,2,0.28781,0.3222645,0.2854265,0.24115,0.2646385,0.2963705,0.333468,0.323701,0.2644275,0.3192415,0,0
263,-1,-1,-1,,1,0.285004,0.306396,0.302378,0.224509,0.258732,0.294814,0.328408,0.280102,0.26724,0.334498,,
263,-1,-1,-1,,1,0.290616,0.338133,0.268475,0.257791,0.270545,0.297927,0.338528,0.3673,0.261615,0.303985,,
262,267,270,4,0.253462,22,0.3139757273,0.3062490909,0.3152037273,0.2415312727,0.3185163182,0.3101588182,0.3181488636,0.3041700909,0.3267540909,0.3104442273,0.0191224977,0.03655033235
266,268,269,0,0.3342295,2,0.3342295,0.2525445,0.310474,0.2326525,0.240275,0.320392,0.3224975,0.293688,0.3684525,0.3067315,0,0
267,-1,-1,-1,,1,0.31233,0.255495,0.27155,0.231482,0.248559,0.300221,0.314556,0.29554,0.39446,0.327554,,
267,-1,-1,-1,,1,0.356129,0.249594,0.349398,0.233823,0.231991,0.340563,0.330439,0.291836,0.342445,0.285909,,
266,271,306,8,0.376918,20,0.31195035,0.31161955,0.3156767,0.24241915,0.32634045,0.3091355,0.317714,0.3052183,0.32258425,0.3108155,0.03715858284,0.0127655505
270,272,273,0,0.2807105,18,0.3152717778,0.3103008333,0.3147328889,0.2424389444,0.326154,0.3059877778,0.3208024444,0.3045352222,0.3155126667,0.3094447778,0,0.03360453697
271,-1,-1,-1,,1,0.280675,0.429718,0.402572,0.230889,0.368348,0.376354,0.347965,0.451646,0.298316,0.336018,,
271,274,275,0,0.2809675,17,0.3173068824,0.3032762941,0.3095658824,0.2431183529,0.323672,0.3018485882,0.3192046471,0.2958816471,0.3165242353,0.3078816471,0,0.03363569319
273,-1,-1,-1,,1,0.280746,0.28755,0.349836,0.255156,0.286986,0.312066,0.348314,0.344855,0.332183,0.262925,,
273,276,277,0,0.282145,16,0.3195919375,0.3042591875,0.307049,0.242366,0.325964875,0.30121,0.3173853125,0.2928208125,0.3155455625,0.3106914375,0,0.03381676277
275,-1,-1,-1,,1,0.281189,0.335514,0.273245,0.235576,0.375229,0.307591,0.350581,0.283125,0.27581,0.308252,,
275,278,279,0,0.2859375,15,0.3221521333,0.3021755333,0.3093026,0.2428186667,0.3226806,0.3007846,0.3151722667,0.2934672,0.3181946,0.3108540667,0,0.03330308466
277,-1,-1,-1,,1,0.283101,0.260866,0.306473,0.255431,0.363637,0.235766,0.265553,0.264195,0.368565,0.306498,,
277,280,281,0,0.288793,14,0.3249415,0.3051262143,0.3095047143,0.2419177857,0.3197551429,0.3054287857,0.3187165,0.2955580714,0.3145967143,0.3111652143,0,0.03295449319
279,-1,-1,-1,,1,0.288774,0.364817,0.32424,0.248978,0.287479,0.28961,0.375253,0.316514,0.346441,0.266363,,
279,282,283,0,0.2910115,13,0.3277236154,0.3005346154,0.3083712308,0.2413746923,0.3222379231,0.3066456154,0.3143675385,0.2939460769,0.3121471538,0.3146115385,0,0.03221541048
281,-1,-1,-1,,1,0.288812,0.243918,0.256764,0.255271,0.317573,0.26322,0.359169,0.259225,0.363142,0.306662,,
281,284,285,0,0.2977385,12,0.33096625,0.3052526667,0.3126718333,0.2402166667,0.3226266667,0.3102644167,0.3106340833,0.2968395,0.3078975833,0.315274,0,0.03274033038
283,-1,-1,-1,,1,0.293211,0.308859,0.300194,0.246301,0.26647,0.312389,0.304478,0.291715,0.29294,0.346869,,
283,286,287,0,0.302512,11,0.3343985455,0.3049248182,0.3138061818,0.2396635455,0.3277318182,0.3100712727,0.3111937273,0.2973053636,0.3092573636,0.3124017273,0,0.03364198053
285,-1,-1,-1,,1,0.302266,0.297028,0.317168,0.248376,0.31592,0.338438,0.300902,0.252149,0.314381,0.309943,,
285,288,289,0,0.3060125,10,0.3376118,0.3057145,0.31347,0.2387923,0.328913,0.3072346,0.3122229,0.301821,0.308745,0.3126476,0,0.03273268401
287,-1,-1,-1,,1,0.302758,0.302914,0.375923,0.236559,0.351981,0.233941,0.363081,0.278585,0.293866,0.339007,,
287,290,291,0,0.3099015,9,0.3414844444,0.3060256667,0.3065307778,0.2390404444,0.3263498889,0.3153783333,0.306572,0.3044027778,0.3103982222,0.3097187778,0,0.03372824163
289,-1,-1,-1,,1,0.309267,0.303042,0.276244,0.255569,0.296118,0.309734,0.333795,0.299603,0.303524,0.281011,,
289,292,293,0,0.314341,8,0.345511625,0.306398625,0.310316625,0.236974375,0.330128875,0.316083875,0.303169125,0.30500275,0.3112575,0.31330725,0,0.03335948307
291,-1,-1,-1,,1,0.310536,0.283385,0.25401,0.1967,0.362685,0.318221,0.286494,0.273311,0.338275,0.356284,,
291,294,295,0,0.3241455,7,0.3505081429,0.3096862857,0.3183604286,0.2427278571,0.325478,0.3157785714,0.3055512857,0.3095301429,0.3073978571,0.3071677143,0,0.03251003955
293,-1,-1,-1,,1,0.318146,0.312596,0.303761,0.252253,0.32879,0.295122,0.294044,0.246375,0.365393,0.363155,,
293,296,297,0,0.333225,6,0.3559018333,0.3092013333,0.3207936667,0.2411403333,0.324926,0.3192213333,0.3074691667,0.320056,0.297732,0.2978365,0,0.03194746498
295,-1,-1,-1,,1,0.330145,0.240316,0.345353,0.225425,0.294475,0.307558,0.26026,0.296136,0.295136,0.284096,,
295,298,299,0,0.3382345,5,0.3610532,0.3229784,0.3158818,0.2442834,0.3310162,0.321554,0.316911,0.32484,0.2982512,0.3005846,0,0.03211415919
297,-1,-1,-1,,1,0.336305,0.302674,0.286456,0.242919,0.334207,0.298061,0.310093,0.38926,0.326615,0.281404,,
297,300,301,0,0.3560625,4,0.36724025,0.3280545,0.32323825,0.2446245,0.3302185,0.32742725,0.3186155,0.308735,0.29116025,0.30537975,0,0.02805158129
299,-1,-1,-1,,1,0.340164,0.313654,0.260765,0.257652,0.258365,0.351187,0.28422,0.304575,0.322466,0.323087,,
299,302,303,0,0.3729185,3,0.3762656667,0.3328546667,0.3440626667,0.240282,0.3541696667,0.3195073333,0.3300806667,0.3101216667,0.280725,0.2994773333,0,0.01625032414
301,-1,-1,-1,,1,0.371961,0.348712,0.297018,0.226542,0.358579,0.300219,0.268265,0.249686,0.267713,0.260613,,
301,304,305,0,0.378418,2,0.378418,0.324926,0.367585,0.247152,0.351965,0.3291515,0.3609885,0.3403395,0.287231,0.3189095,0,0
303,-1,-1,-1,,1,0.373876,0.347917,0.375064,0.239678,0.380934,0.355636,0.354841,0.35104,0.27407,0.308252,,
303,-1,-1,-1,,1,0.38296,0.301935,0.360106,0.254626,0.322996,0.302667,0.367136,0.329639,0.300392,0.329567,,
270,307,308,0,0.2820575,2,0.2820575,0.323488,0.324171,0.242241,0.3280185,0.337465,0.289918,0.311366,0.3862285,0.323152,0,0
306,-1,-1,-1,,1,0.281275,0.321006,0.306474,0.23156,0.313334,0.351517,0.264518,0.316758,0.385271,0.333511,,
306,-1,-1,-1,,1,0.28284,0.32597,0.341868,0.252922,0.342703,0.323413,0.315318,0.305974,0.387186,0.312793,,
201,310,405,3,0.2738505,486,0.3320324547,0.3298725638,0.3300063539,0.3390088745,0.3322713292,0.3210002305,0.3299593128,0.3298835576,0.3324999362,0.3320388992,0.04059289287,0.06130797226
309,311,318,8,0.245832,48,0.3047711667,0.3070001875,0.309345,0.2662918125,0.2984357708,0.29407475,0.3027053333,0.3080482917,0.3111695625,0.3072422292,0.02600953981,0.04019049304
310,312,313,0,0.2483635,4,0.2720265,0.338898,0.29731025,0.26680425,0.31380875,0.337183,0.296416,0.28166225,0.226813,0.307058,0,0.02354730263
311,-1,-1,-1,,1,0.234433,0.384659,0.283586,0.263295,0.283096,0.310074,0.311642,0.267182,0.224896,0.262473,,
311,314,315,0,0.2754665,3,0.2845576667,0.3236443333,0.301885,0.267974,0.3240463333,0.3462193333,0.2913406667,0.286489,0.227452,0.3219196667,0,0.01899841346
313,-1,-1,-1,,1,0.262294,0.310744,0.294603,0.270788,0.276499,0.318021,0.314072,0.320302,0.219426,0.294106,,
313,316,317,0,0.2956895,2,0.2956895,0.3300945,0.305526,0.266567,0.34782,0.3603185,0.279975,0.2695825,0.231465,0.3358265,0,0
315,-1,-1,-1,,1,0.288639,0.327484,0.28974,0.272556,0.303976,0.374055,0.302969,0.245938,0.227372,0.328596,,
315,-1,-1,-1,,1,0.30274,0.332705,0.321312,0.260578,0.391664,0.346582,0.256981,0.293227,0.235558,0.343057,,
310,319,326,8,0.267805,44,0.3077479545,0.3041003864,0.3104390682,0.2662452273,0.2970382273,0.2901558182,0.3032770909,0.3104470227,0.3188383409,0.3072589773,0.02594512438,0.04028174085
318,320,321,0,0.3132505,4,0.33168675,0.248578,0.2905495,0.2653555,0.28183825,0.283415,0.3081365,0.305606,0.2600675,0.315476,0,0.02401766868
319,-1,-1,-1,,1,0.304755,0.278386,0.327762,0.262961,0.250596,0.25132,0.354949,0.307726,0.259262,0.318363,,
319,322,323,0,0.322849,3,0.340664,0.238642,0.2781453333,0.2661536667,0.2922523333,0.2941133333,0.2925323333,0.3048993333,0.260336,0.3145136667,0,0.02508330397
321,-1,-1,-1,,1,0.321746,0.255433,0.29656,0.259988,0.266025,0.262495,0.30708,0.297877,0.266338,0.30241,,
321,324,325,0,0.350123,2,0.350123,0.2302465,0.268938,0.2692365,0.305366,0.3099225,0.2852585,0.3084105,0.257335,0.3205655,0,0
323,-1,-1,-1,,1,0.323952,0.286775,0.290969,0.266585,0.30187,0.340838,0.296414,0.316841,0.256106,0.293108,,
323,-1,-1,-1,,1,0.376294,0.173718,0.246907,0.271888,0.308862,0.279007,0.274103,0.29998,0.258564,0.348023,,
318,327,334,5,0.2350965,40,0.305354075,0.309652625,0.312428025,0.2663342,0.298558225,0.2908299,0.30279115,0.310931125,0.324715425,0.306437275,0.0273107296,0.04030588657
326,328,329,0,0.2935355,4,0.3036265,0.33120775,0.293029,0.26592575,0.2726745,0.22169275,0.2911145,0.301249,0.31590875,0.27280075,0,0.02534473798
327,-1,-1,-1,,1,0.293312,0.374291,0.315172,0.263175,0.292832,0.200248,0.25355,0.25336,0.339298,0.254223,,
327,330,331,0,0.301724,3,0.3070646667,0.3168466667,0.285648,0.2668426667,0.2659553333,0.228841,0.303636,0.317212,0.3081123333,0.2789933333,0,0.02528180295
329,-1,-1,-1,,1,0.293759,0.336123,0.331364,0.258912,0.288539,0.233814,0.276191,0.331211,0.319897,0.278247,,
329,332,333,0,0.3137175,2,0.3137175,0.3072085,0.26279,0.270808,0.2546635,0.2263545,0.3173585,0.3102125,0.30222,0.2793665,0,0
331,-1,-1,-1,,1,0.309689,0.296957,0.212958,0.271054,0.218227,0.228185,0.353573,0.316679,0.275526,0.299121,,
331,-1,-1,-1,,1,0.317746,0.31746,0.312622,0.270562,0.2911,0.224524,0.281144,0.303746,0.328914,0.259612,,
326,335,354,2,0.2792135,36,0.3055460278,0.3072576111,0.3145834722,0.2663795833,0.3014341944,0.2985118056,0.3040885556,0.3120069167,0.3256939444,0.3101746667,0.02554348193,0.0422965386
334,336,337,0,0.2732245,10,0.2995178,0.3097544,0.2603936,0.2671598,0.2961678,0.3028155,0.3066682,0.3237638,0.2990243,0.3173074,0,0.02356481732
335,-1,-1,-1,,1,0.263351,0.281328,0.221305,0.270645,0.271998,0.264819,0.280117,0.335542,0.272973,0.236459,,
335,338,339,0,0.286001,9,0.3035363333,0.3129128889,0.2647367778,0.2667725556,0.2988533333,0.3070373333,0.3096183333,0.3224551111,0.3019188889,0.3262905556,0,0.02340679633
337,-1,-1,-1,,1,0.283098,0.298928,0.271271,0.264754,0.264341,0.308593,0.266272,0.362593,0.312306,0.32981,,
337,340,341,0,0.2901265,8,0.306091125,0.314661,0.26392,0.267024875,0.303167375,0.306842875,0.315036625,0.317437875,0.3006205,0.325850625,0,0.02317588138
339,-1,-1,-1,,1,0.288904,0.329943,0.266611,0.261822,0.351349,0.313027,0.303751,0.331465,0.283183,0.282243,,
339,342,343,0,0.295724,7,0.3085464286,0.3124778571,0.2635355714,0.2677681429,0.2962842857,0.3059594286,0.3166488571,0.315434,0.3031115714,0.3320802857,0,0.02102752652
341,-1,-1,-1,,1,0.291349,0.351619,0.241023,0.273052,0.35949,0.321207,0.319301,0.317533,0.352264,0.310391,,
341,344,345,0,0.3027605,6,0.3114126667,0.3059543333,0.2672876667,0.2668875,0.28575,0.3034181667,0.3162068333,0.3150841667,0.2949195,0.3356951667,0,0.02173650252
343,-1,-1,-1,,1,0.300099,0.302082,0.275539,0.266924,0.32134,0.318003,0.313254,0.321991,0.271571,0.347068,,
343,346,347,0,0.305765,5,0.3136754,0.3067288,0.2656374,0.2668802,0.278632,0.3005012,0.3167974,0.3137028,0.2995892,0.3334206,0,0.02251176566
345,-1,-1,-1,,1,0.305422,0.310925,0.246179,0.273557,0.234939,0.30508,0.329592,0.306134,0.302716,0.336932,,
345,348,349,0,0.3073765,4,0.31573875,0.30567975,0.270502,0.265211,0.28955525,0.2993565,0.31359875,0.315595,0.2988075,0.33254275,0,0.02321846532
347,-1,-1,-1,,1,0.306108,0.276932,0.276249,0.266115,0.315588,0.275286,0.328533,0.314196,0.275111,0.323764,,
347,350,351,0,0.3161485,3,0.318949,0.3152623333,0.2685863333,0.2649096667,0.2808776667,0.30738,0.3086206667,0.3160613333,0.3067063333,0.335469,0,0.01765869832
349,-1,-1,-1,,1,0.308645,0.3072,0.27836,0.259958,0.310839,0.294142,0.343535,0.262248,0.280945,0.313525,,
349,352,353,0,0.324101,2,0.324101,0.3192935,0.2636995,0.2673855,0.265897,0.313999,0.2911635,0.342968,0.319587,0.346441,0,0
351,-1,-1,-1,,1,0.323652,0.332684,0.258253,0.270755,0.300145,0.296602,0.274813,0.34373,0.348712,0.328948,,
351,-1,-1,-1,,1,0.32455,0.305903,0.269146,0.264016,0.231649,0.331396,0.307514,0.342206,0.290462,0.363934,,
334,355,358,5,0.2427545,26,0.3078645769,0.3062973077,0.3354257308,0.2660795,0.3034597308,0.2968565385,0.3030963846,0.3074850385,0.3359515,0.3074313077,0.01545273185,0.04258804556
354,356,357,0,0.2959785,2,0.2959785,0.2475405,0.306753,0.2648325,0.292817,0.238778,0.3112995,0.2556355,0.326267,0.2788735,0,0
355,-1,-1,-1,,1,0.269805,0.257161,0.289464,0.267413,0.296097,0.241177,0.314681,0.24354,0.311147,0.308904,,
355,-1,-1,-1,,1,0.322152,0.23792,0.324042,0.262252,0.289537,0.236379,0.307918,0.267731,0.341387,0.248843,,
354,359,362,9,0.2257125,24,0.3088550833,0.3111937083,0.337815125,0.2661834167,0.304346625,0.3016964167,0.3024127917,0.3118058333,0.3367585417,0.309811125,0.02159224847,0.0418671593
358,360,361,0,0.2927755,2,0.2927755,0.330157,0.335277,0.265028,0.335035,0.2710715,0.2849755,0.3334135,0.329113,0.1867005,0,0
359,-1,-1,-1,,1,0.27296,0.294,0.333213,0.268892,0.368537,0.288453,0.306658,0.357917,0.344235,0.17189,,
359,-1,-1,-1,,1,0.312591,0.366314,0.337341,0.261164,0.301533,0.25369,0.263293,0.30891,0.313991,0.201511,,
358,363,366,8,0.272115,22,0.3103168636,0.3094697727,0.3380458636,0.2662884545,0.3015567727,0.3044805,0.303998,0.3098415,0.3374535909,0.321003,0.02183934183,0.04169448232
362,364,365,0,0.347938,2,0.347938,0.303013,0.370285,0.2714815,0.279461,0.32436,0.2655955,0.257435,0.269974,0.34801,0,0
363,-1,-1,-1,,1,0.31448,0.292039,0.370335,0.273229,0.267849,0.281555,0.297854,0.279884,0.269272,0.351815,,
363,-1,-1,-1,,1,0.381396,0.313987,0.370235,0.269734,0.291073,0.367165,0.233337,0.234986,0.270676,0.344205,,
362,367,370,8,0.286546,20,0.30655475,0.31011545,0.33482195,0.26576915,0.30376635,0.30249255,0.30783825,0.31508215,0.34420155,0.3183023,0.01892730898,0.04241321733
366,368,369,0,0.282949,2,0.282949,0.321925,0.345555,0.262176,0.2814945,0.324625,0.318602,0.2880525,0.2756105,0.305525,0,0
367,-1,-1,-1,,1,0.247457,0.35418,0.35593,0.262257,0.291694,0.321914,0.336584,0.260928,0.273554,0.305396,,
367,-1,-1,-1,,1,0.318441,0.28967,0.33518,0.262095,0.271295,0.327336,0.30062,0.315177,0.277667,0.305654,,
366,371,372,0,0.212317,18,0.3091776111,0.3088032778,0.3336293889,0.2661683889,0.306241,0.3000333889,0.3066422778,0.3180854444,0.3518227778,0.319722,0,0.04258224406
370,-1,-1,-1,,1,0.210257,0.313806,0.35405,0.273398,0.32846,0.257067,0.309229,0.277747,0.362175,0.301767,,
370,373,374,0,0.2230065,17,0.3149964706,0.308509,0.3324281765,0.2657431176,0.304934,0.3025608235,0.3064901176,0.3204582941,0.3512138235,0.3207781765,0,0.04202595609
372,-1,-1,-1,,1,0.214377,0.380843,0.361932,0.265616,0.361632,0.356377,0.281032,0.336998,0.32173,0.325751,,
372,375,376,0,0.246896,16,0.3212851875,0.303988125,0.3305841875,0.2657510625,0.301390375,0.2991973125,0.30808125,0.3194245625,0.3530565625,0.320467375,0,0.04075782749
374,-1,-1,-1,,1,0.231636,0.236737,0.293397,0.26496,0.372784,0.244332,0.293181,0.372762,0.29827,0.263882,,
374,377,378,0,0.277493,15,0.3272618,0.3084715333,0.3330633333,0.2658038,0.2966308,0.302855,0.3090746,0.3158687333,0.356709,0.3242397333,0,0.04085536032
376,-1,-1,-1,,1,0.262156,0.351579,0.280067,0.273737,0.253097,0.292301,0.292363,0.281382,0.394787,0.34813,,
376,379,380,0,0.2950505,14,0.3319122143,0.3053924286,0.3368487857,0.2652371429,0.2997403571,0.3036088571,0.3102682857,0.3183320714,0.3539891429,0.3225332857,0,0.04091414761
378,-1,-1,-1,,1,0.29283,0.270101,0.344012,0.26293,0.32129,0.245826,0.233641,0.273021,0.366389,0.336945,,
378,381,382,0,0.2987515,13,0.3349185385,0.3081071538,0.3362977692,0.2654146154,0.2980826923,0.3080536923,0.3161626923,0.3218175385,0.3530353077,0.3214246923,0,0.0405835589
380,-1,-1,-1,,1,0.297271,0.285789,0.320527,0.270711,0.277678,0.350357,0.271717,0.419939,0.3072,0.339704,,
380,383,384,0,0.3053525,12,0.3380558333,0.309967,0.337612,0.26497325,0.2997830833,0.3045284167,0.3198665,0.31364075,0.3568549167,0.3199014167,0,0.04096799083
382,-1,-1,-1,,1,0.300232,0.321555,0.380545,0.2627,0.275664,0.2808,0.32708,0.298682,0.298218,0.380435,,
382,385,386,0,0.3145685,11,0.3414943636,0.3089135455,0.333709,0.2651799091,0.3019757273,0.3066855455,0.3192107273,0.3150006364,0.3621855455,0.3143983636,0,0.03703253726
384,-1,-1,-1,,1,0.310473,0.220117,0.29369,0.271594,0.218116,0.275117,0.385656,0.172882,0.359376,0.30943,,
384,387,388,0,0.3190725,10,0.3445965,0.3177932,0.3377109,0.2645385,0.3103617,0.3098424,0.3125662,0.3292125,0.3624665,0.3148952,0,0.03575501523
386,-1,-1,-1,,1,0.318664,0.367385,0.411582,0.26176,0.367774,0.292819,0.36321,0.382041,0.404269,0.339167,,
386,389,390,0,0.3208215,9,0.3474778889,0.312283,0.329503,0.2648472222,0.3039825556,0.3117338889,0.3069391111,0.3233426667,0.3578217778,0.3121983333,0,0.03505309795
388,-1,-1,-1,,1,0.319481,0.322555,0.378261,0.259657,0.237072,0.315168,0.292481,0.254303,0.325372,0.34517,,
388,391,392,0,0.3235235,8,0.3509775,0.310999,0.32340825,0.265496,0.312346375,0.311304625,0.308746375,0.331972625,0.361878,0.308076875,0,0.03411314651
390,-1,-1,-1,,1,0.322162,0.276352,0.36786,0.258488,0.246948,0.257954,0.299955,0.331682,0.420039,0.317783,,
390,393,394,0,0.325183,7,0.355094,0.3159485714,0.317058,0.2664971429,0.321689,0.3189261429,0.3100022857,0.3320141429,0.3535692857,0.3066902857,0,0.03267380911
392,-1,-1,-1,,1,0.324885,0.258962,0.312979,0.264883,0.329834,0.378596,0.34091,0.328751,0.431558,0.298684,,
392,395,396,0,0.328635,6,0.3601288333,0.3254463333,0.3177378333,0.2667661667,0.3203315,0.3089811667,0.304851,0.332558,0.3405711667,0.3080246667,0,0.03242304915
394,-1,-1,-1,,1,0.325481,0.32837,0.314137,0.259389,0.332991,0.314197,0.258647,0.308832,0.295425,0.249914,,
394,397,398,0,0.336134,5,0.3670584,0.3248616,0.318458,0.2682416,0.3177996,0.307938,0.3140918,0.3373032,0.3496004,0.3196468,0,0.0321871009
396,-1,-1,-1,,1,0.331789,0.32937,0.325436,0.2677,0.304294,0.264857,0.36724,0.315459,0.306689,0.299573,,
396,399,400,0,0.3458075,4,0.37587575,0.3237345,0.3167135,0.268377,0.321176,0.31870825,0.30080475,0.34276425,0.36032825,0.32466525,0,0.03085757233
398,-1,-1,-1,,1,0.340479,0.267279,0.32125,0.261907,0.313011,0.294566,0.325715,0.310203,0.348848,0.272787,,
398,401,402,0,0.3636515,3,0.3876746667,0.342553,0.3152013333,0.2705336667,0.3238976667,0.3267556667,0.2925013333,0.353618,0.364155,0.341958,0,0.0330091267
400,-1,-1,-1,,1,0.351136,0.352469,0.336205,0.267741,0.326502,0.315255,0.264554,0.338128,0.390293,0.313848,,
400,403,404,0,0.405944,2,0.405944,0.337595,0.3046995,0.27193,0.3225955,0.332506,0.306475,0.361363,0.351086,0.356013,0,0
402,-1,-1,-1,,1,0.376167,0.300146,0.281264,0.271552,0.350564,0.313465,0.256323,0.381165,0.298205,0.321242,,
402,-1,-1,-1,,1,0.435721,0.375044,0.328135,0.272308,0.294627,0.351547,0.356627,0.341561,0.403967,0.390784,,
309,406,491,3,0.292398,438,0.3350199932,0.3323791256,0.3322706119,0.3469778676,0.3359793356,0.323950968,0.3329460502,0.3322764635,0.3348375114,0.3347563425,0.04008163826,0.0620994527
405,407,414,9,0.232673,43,0.3009997209,0.3096016977,0.298857093,0.284275093,0.3067864651,0.3105719767,0.3024215116,0.3020371628,0.3041967442,0.3068929535,0.02507241339,0.03934532138
406,408,409,0,0.2781145,4,0.30427275,0.274366,0.29687425,0.28139025,0.34508625,0.322878,0.27641225,0.26124725,0.29098875,0.21392225,0,0.01872149431
407,-1,-1,-1,,1,0.243651,0.277301,0.334416,0.273964,0.379332,0.302572,0.265359,0.205507,0.321517,0.22277,,
407,410,411,0,0.3171575,3,0.32448,0.2733876667,0.2843603333,0.2838656667,0.333671,0.3296466667,0.2800966667,0.2798273333,0.2808126667,0.210973,0,0.0140892381
409,-1,-1,-1,,1,0.312578,0.24071,0.272032,0.27783,0.282958,0.31226,0.281287,0.273021,0.275092,0.207709,,
409,412,413,0,0.330431,2,0.330431,0.2897265,0.2905245,0.2868835,0.3590275,0.33834,0.2795015,0.2832305,0.283673,0.212605,0,0
411,-1,-1,-1,,1,0.321737,0.294585,0.299766,0.282193,0.33531,0.368619,0.262983,0.283462,0.286802,0.216658,,
411,-1,-1,-1,,1,0.339125,0.284868,0.281283,0.291574,0.382745,0.308061,0.29602,0.282999,0.280544,0.208552,,
406,415,420,3,0.2793825,39,0.3006640256,0.3132156154,0.2990604615,0.2845709744,0.3028582821,0.3093098205,0.3050891282,0.3062207436,0.3055514103,0.3164284103,0.01871223692,0.03992205433
414,416,417,0,0.305026,3,0.30954,0.303621,0.301876,0.277168,0.317292,0.3302293333,0.25566,0.3254233333,0.2720986667,0.2820326667,0,0.01345792459
415,-1,-1,-1,,1,0.300608,0.307014,0.281159,0.277108,0.316151,0.366222,0.272439,0.293873,0.301729,0.30685,,
415,418,419,0,0.314006,2,0.314006,0.3019245,0.3122345,0.277198,0.3178625,0.312233,0.2472705,0.3411985,0.2572835,0.269624,0,0
417,-1,-1,-1,,1,0.309444,0.299235,0.292002,0.275244,0.302487,0.34058,0.247452,0.353746,0.250145,0.258599,,
417,-1,-1,-1,,1,0.318568,0.304614,0.332467,0.279152,0.333238,0.283886,0.247089,0.328651,0.264422,0.280649,,
414,421,484,5,0.348639,36,0.2999243611,0.3140151667,0.2988258333,0.2851878889,0.3016554722,0.3075665278,0.3092082222,0.3046205278,0.3083391389,0.3192947222,0.04080778713,0.02357721123
420,422,427,6,0.240835,32,0.3036329063,0.3147448125,0.298338375,0.285104625,0.3004347813,0.3007322188,0.3086579063,0.3037805625,0.30738625,0.3190576563,0.02780994486,0.04032192664
421,423,424,0,0.2967235,3,0.3076583333,0.285002,0.282638,0.2850696667,0.3227816667,0.2677476667,0.2225556667,0.332088,0.3307803333,0.312817,0,0.01932560133
422,-1,-1,-1,,1,0.292218,0.301233,0.264936,0.290562,0.343789,0.32801,0.236734,0.381104,0.291354,0.275242,,
422,425,426,0,0.3153785,2,0.3153785,0.2768865,0.291489,0.2823235,0.312278,0.2376165,0.2154665,0.30758,0.3504935,0.3316045,0,0
424,-1,-1,-1,,1,0.301229,0.291243,0.292585,0.279948,0.281631,0.217047,0.237344,0.272029,0.336731,0.336837,,
424,-1,-1,-1,,1,0.329528,0.26253,0.290393,0.284699,0.342925,0.258186,0.193589,0.343131,0.364256,0.326372,,
421,428,431,4,0.2260585,29,0.3032164828,0.3178216552,0.2999625517,0.2851082414,0.2981230345,0.3041444138,0.3175650345,0.3008522069,0.3049661724,0.3197032414,0.02255381787,0.04024559333
427,429,430,0,0.294684,2,0.294684,0.316363,0.2787135,0.2847515,0.218005,0.265253,0.3013415,0.2932355,0.313153,0.271453,0,0
428,-1,-1,-1,,1,0.260935,0.346052,0.3049,0.284038,0.225936,0.301192,0.31623,0.286628,0.316624,0.298806,,
428,-1,-1,-1,,1,0.328433,0.286674,0.252527,0.285465,0.210074,0.229314,0.286453,0.299843,0.309682,0.2441,,
427,432,435,9,0.2553585,27,0.3038485185,0.3179297037,0.3015365556,0.2851346667,0.3040577037,0.3070252593,0.3187667778,0.3014164074,0.3043597407,0.3232773333,0.0222048352,0.03940448157
431,433,434,0,0.3170855,2,0.3170855,0.24257,0.2817385,0.288242,0.3165435,0.2819415,0.386674,0.2914515,0.287277,0.2449035,0,0
432,-1,-1,-1,,1,0.309351,0.221609,0.255177,0.284299,0.300139,0.323286,0.373567,0.253095,0.296409,0.247231,,
432,-1,-1,-1,,1,0.32482,0.263531,0.3083,0.292185,0.332948,0.240597,0.399781,0.329808,0.278145,0.242576,,
431,436,439,9,0.269363,25,0.30278956,0.32395848,0.3031204,0.28488608,0.30305884,0.30903196,0.3133342,0.3022136,0.30572636,0.32954724,0.01514895685,0.03929995988
435,437,438,0,0.227824,2,0.227824,0.324579,0.328853,0.2856015,0.314275,0.2967725,0.2770085,0.2724215,0.307541,0.264167,0,0
436,-1,-1,-1,,1,0.216841,0.340204,0.333194,0.284348,0.327283,0.319973,0.309691,0.283775,0.309719,0.263486,,
436,-1,-1,-1,,1,0.238807,0.308954,0.324512,0.286855,0.301267,0.273572,0.244326,0.261068,0.305363,0.264848,,
435,440,443,6,0.2707815,23,0.3093083043,0.3239045217,0.3008827826,0.2848238696,0.3020835217,0.310098,0.3164929565,0.3048042174,0.3055685652,0.3352324783,0.00879214138,0.03920286771
439,441,442,0,0.269952,2,0.269952,0.3025095,0.2431775,0.2871835,0.242843,0.310362,0.256168,0.3314075,0.3230265,0.3102625,0,0
440,-1,-1,-1,,1,0.267592,0.289988,0.24068,0.290132,0.244654,0.328175,0.248467,0.330477,0.311189,0.301611,,
440,-1,-1,-1,,1,0.272312,0.315031,0.245675,0.284235,0.241032,0.292549,0.263869,0.332338,0.334864,0.318914,,
439,444,447,9,0.2871485,21,0.3130565238,0.3259421429,0.3063785238,0.2845991429,0.3077254762,0.3100728571,0.3222381905,0.3022705714,0.3039059048,0.3376105714,0.01833184311,0.04001286255
443,445,446,0,0.307356,2,0.307356,0.347874,0.3025545,0.282505,0.283059,0.3018755,0.304746,0.2946085,0.3037995,0.276157,0,0
444,-1,-1,-1,,1,0.273069,0.340953,0.290188,0.280555,0.277319,0.302789,0.298995,0.286076,0.346642,0.273878,,
444,-1,-1,-1,,1,0.341643,0.354795,0.314921,0.284455,0.288799,0.300962,0.310497,0.303141,0.260957,0.278436,,
443,448,449,0,0.239369,19,0.3136565789,0.3236335263,0.3067810526,0.2848195789,0.3103219474,0.3109357368,0.3240794737,0.3030771053,0.3039171053,0.3440793684,0,0.03989399163
447,-1,-1,-1,,1,0.231794,0.321229,0.279991,0.289867,0.348589,0.276163,0.303791,0.363796,0.329147,0.387994,,
447,450,451,0,0.251111,18,0.3182045,0.3237671111,0.3082693889,0.2845391667,0.308196,0.3128675556,0.3252066111,0.2997038333,0.3025154444,0.3416396667,0,0.0401051685
449,-1,-1,-1,,1,0.246944,0.373347,0.297271,0.2826,0.336653,0.333303,0.295989,0.29968,0.336904,0.304302,,
449,452,453,0,0.2568775,17,0.3223962941,0.3208506471,0.3089163529,0.2846532353,0.3065220588,0.3116654706,0.3269252941,0.2997052353,0.3004925882,0.343836,0,0.04010772202
451,-1,-1,-1,,1,0.255278,0.279748,0.356248,0.287391,0.351382,0.306404,0.277694,0.26477,0.308256,0.374178,,
451,454,455,0,0.2590545,16,0.3265911875,0.3234195625,0.305958125,0.284482125,0.3037183125,0.3119943125,0.33000225,0.3018886875,0.300007375,0.341939625,0,0.04075739833
453,-1,-1,-1,,1,0.258477,0.35132,0.279975,0.280754,0.274674,0.306823,0.337602,0.317842,0.320085,0.342501,,
453,456,457,0,0.2627685,15,0.3311321333,0.3215595333,0.3076903333,0.2847306667,0.3056546,0.3123390667,0.3294956,0.3008251333,0.2986688667,0.3419022,0,0.04014113683
455,-1,-1,-1,,1,0.259632,0.390744,0.242258,0.287085,0.26682,0.320073,0.370254,0.262358,0.275647,0.392833,,
455,458,459,0,0.265983,14,0.3362392857,0.3166177857,0.3123640714,0.2845625,0.3084285,0.3117866429,0.3265842857,0.3035727857,0.3003132857,0.3382642857,0,0.04038006836
457,-1,-1,-1,,1,0.265905,0.281409,0.262381,0.292303,0.269565,0.346455,0.310252,0.294001,0.28121,0.316831,,
457,460,461,0,0.282313,13,0.3416496154,0.3193261538,0.3162089231,0.2839670769,0.311418,0.3091198462,0.3278406154,0.3043090769,0.3017827692,0.339913,0,0.04002735045
459,-1,-1,-1,,1,0.266061,0.2952,0.247647,0.286357,0.379875,0.28407,0.305306,0.300962,0.29579,0.303556,,
459,462,463,0,0.3048545,12,0.3479486667,0.3213366667,0.3219224167,0.2837679167,0.30571325,0.3112073333,0.3297185,0.304588,0.3022821667,0.34294275,0,0.04026261201
461,-1,-1,-1,,1,0.298565,0.353293,0.263676,0.290154,0.327333,0.330392,0.310894,0.23644,0.302924,0.350312,,
461,464,465,0,0.313054,11,0.3524380909,0.3184315455,0.3272175455,0.2831873636,0.3037478182,0.3094632727,0.3314298182,0.3107832727,0.3022238182,0.3422728182,0,0.0407157166
463,-1,-1,-1,,1,0.311144,0.340292,0.245654,0.282,0.299588,0.287618,0.317083,0.318937,0.263465,0.325089,,
463,466,467,0,0.319069,10,0.3565675,0.3162455,0.3353739,0.2833061,0.3041638,0.3116478,0.3328645,0.3099679,0.3060997,0.3439912,0,0.04050278407
465,-1,-1,-1,,1,0.314964,0.377661,0.252728,0.280104,0.313008,0.323352,0.371647,0.267433,0.308931,0.364989,,
465,468,469,0,0.325056,9,0.3611901111,0.3094215556,0.3445567778,0.2836618889,0.3031811111,0.3103473333,0.3285553333,0.314694,0.3057851111,0.3416581111,0,0.04178459423
467,-1,-1,-1,,1,0.323174,0.297288,0.398052,0.282177,0.315259,0.339672,0.34333,0.314645,0.335808,0.364009,,
467,470,471,0,0.327694,8,0.365942125,0.31093825,0.337869875,0.2838475,0.301671375,0.30668175,0.3267085,0.314700125,0.30203225,0.33886425,0,0.04336388554
469,-1,-1,-1,,1,0.326938,0.254603,0.352601,0.281262,0.294635,0.294613,0.296018,0.305966,0.273946,0.327925,,
469,472,473,0,0.330599,7,0.3715141429,0.3189861429,0.3357654286,0.2842168571,0.3026765714,0.3084058571,0.3310928571,0.3159478571,0.3060445714,0.340427,0,0.0448375744
471,-1,-1,-1,,1,0.32845,0.288187,0.351663,0.279613,0.278033,0.321999,0.339652,0.270372,0.256271,0.371025,,
471,474,475,0,0.337794,6,0.3786915,0.3241193333,0.3331158333,0.2849841667,0.3067838333,0.3061403333,0.3296663333,0.3235438333,0.3143401667,0.3353273333,0,0.0480333737
473,-1,-1,-1,,1,0.332748,0.300072,0.332888,0.283816,0.32409,0.296021,0.303607,0.303788,0.309769,0.321038,,
473,476,477,0,0.353501,5,0.3878802,0.3289288,0.3331614,0.2852178,0.3033226,0.3081642,0.3348782,0.327495,0.3152544,0.3381852,0,0.04235610723
475,-1,-1,-1,,1,0.34284,0.239674,0.213615,0.282771,0.2972,0.267044,0.292559,0.275909,0.248957,0.334895,,
475,478,479,0,0.370416,4,0.39914025,0.3512425,0.363048,0.2858295,0.30485325,0.31844425,0.345458,0.3403915,0.33182875,0.33900775,0,0.04126055414
477,-1,-1,-1,,1,0.364162,0.307566,0.3255,0.288123,0.226181,0.292552,0.345483,0.388107,0.342015,0.297415,,
477,480,481,0,0.3863545,3,0.4107996667,0.3658013333,0.375564,0.285065,0.3310773333,0.327075,0.3454496667,0.3244863333,0.3284333333,0.352872,0,0.03806899734
479,-1,-1,-1,,1,0.37667,0.412426,0.351776,0.280575,0.341389,0.345689,0.359209,0.392242,0.322431,0.427247,,
479,482,483,0,0.4278645,2,0.4278645,0.342489,0.387458,0.28731,0.3259215,0.317768,0.33857,0.2906085,0.3314345,0.3156845,0,0
481,-1,-1,-1,,1,0.396039,0.293227,0.337243,0.286198,0.316371,0.302278,0.294318,0.225715,0.29098,0.295861,,
481,-1,-1,-1,,1,0.45969,0.391751,0.437673,0.288422,0.335472,0.333258,0.382822,0.355502,0.371889,0.335508,,
420,485,486,0,0.248766,4,0.270256,0.308178,0.3027255,0.285854,0.311421,0.362241,0.31361075,0.31134025,0.31596225,0.32119125,0,0.01770040869
484,-1,-1,-1,,1,0.243892,0.303196,0.267442,0.283163,0.324113,0.358515,0.316773,0.267959,0.374935,0.367131,,
484,487,488,0,0.2644605,3,0.279044,0.3098386667,0.3144866667,0.286751,0.3071903333,0.363483,0.3125566667,0.3258006667,0.2963046667,0.305878,0,0.01429284853
486,-1,-1,-1,,1,0.25364,0.33388,0.325831,0.281927,0.294659,0.379631,0.281301,0.314696,0.314829,0.323365,,
486,489,490,0,0.291746,2,0.291746,0.297818,0.3088145,0.289163,0.313456,0.355409,0.3281845,0.331353,0.2870425,0.2971345,0,0
488,-1,-1,-1,,1,0.275281,0.281507,0.322226,0.289919,0.320627,0.350823,0.315477,0.357443,0.287941,0.27689,,
488,-1,-1,-1,,1,0.308211,0.314129,0.295403,0.288407,0.306285,0.359995,0.340892,0.305263,0.286144,0.317379,,
405,492,1201,5,0.381386,395,0.3387234658,0.3348586937,0.3359080329,0.3538037392,0.3391572937,0.3254074152,0.3362689747,0.3355683367,0.3381730886,0.3377895722,0.06342901262,0.04248038636
491,493,562,3,0.3057375,355,0.3381330141,0.3336163634,0.3334235549,0.3539283915,0.3382775127,0.3184944225,0.3344048197,0.3340249014,0.3366420085,0.3372845127,0.04179346479,0.06430059948
492,494,499,0,0.233785,35,0.3110200857,0.3064649143,0.2918181714,0.2987752571,0.3037278,0.3031815429,0.2994991429,0.309045,0.3181272286,0.2987173143,0.01904100179,0.04199863399
493,495,496,0,0.2187505,3,0.222954,0.327102,0.2800336667,0.297955,0.3029763333,0.3053543333,0.2823083333,0.2765293333,0.28321,0.307661,0,0.02005139056
494,-1,-1,-1,,1,0.218236,0.335778,0.26514,0.299277,0.291767,0.289492,0.305788,0.254215,0.285457,0.319399,,
494,497,498,0,0.225313,2,0.225313,0.322764,0.2874805,0.297294,0.308581,0.3132855,0.2705685,0.2876865,0.2820865,0.301792,0,0
496,-1,-1,-1,,1,0.219265,0.339598,0.266055,0.294992,0.34086,0.295697,0.265457,0.264695,0.315329,0.316798,,
496,-1,-1,-1,,1,0.231361,0.30593,0.308906,0.299596,0.276302,0.330874,0.27568,0.310678,0.248844,0.286786,,
493,500,505,4,0.219431,32,0.3192762812,0.3045301875,0.2929229687,0.2988521563,0.30379825,0.3029778438,0.3011107812,0.3120933437,0.3214007187,0.2978788437,0.02048433338,0.0412743528
499,501,502,0,0.323569,3,0.3308286667,0.2431833333,0.2901583333,0.299785,0.211412,0.250882,0.2775866667,0.2986776667,0.2818013333,0.2946993333,0,0.01958742793
500,-1,-1,-1,,1,0.302015,0.253513,0.323745,0.295972,0.211664,0.2505,0.296892,0.285007,0.270291,0.272232,,
500,503,504,0,0.3452355,2,0.3452355,0.2380185,0.273365,0.3016915,0.211286,0.251073,0.267934,0.305513,0.2875565,0.305933,0,0
502,-1,-1,-1,,1,0.345123,0.279624,0.251497,0.299391,0.204806,0.254583,0.282736,0.334728,0.309335,0.310506,,
502,-1,-1,-1,,1,0.345348,0.196413,0.295233,0.303992,0.217766,0.247563,0.253132,0.276298,0.265778,0.30136,,
499,506,509,6,0.2592795,29,0.3180812069,0.3108764138,0.2932089655,0.2987556552,0.3133554483,0.308367069,0.3035443103,0.3134811724,0.3254972069,0.2982077586,0.01770791389,0.04131772561
505,507,508,0,0.2907785,2,0.2907785,0.302593,0.2757745,0.3024215,0.391071,0.308552,0.252266,0.268595,0.350569,0.3050725,0,0
506,-1,-1,-1,,1,0.275217,0.301715,0.304911,0.30335,0.420547,0.310757,0.253871,0.268557,0.317171,0.312233,,
506,-1,-1,-1,,1,0.30634,0.303471,0.246638,0.301493,0.361595,0.306347,0.250661,0.268633,0.383967,0.297912,,
505,510,513,8,0.263444,27,0.3201036296,0.31149,0.2945004074,0.2984841111,0.3075987407,0.3083533704,0.3073427037,0.3168060741,0.323640037,0.2976992593,0.01861579045,0.04170427584
509,511,512,0,0.2975,2,0.2975,0.301356,0.26157,0.3020855,0.281352,0.292316,0.3072645,0.3025745,0.2469775,0.2855725,0,0
510,-1,-1,-1,,1,0.297291,0.333892,0.24749,0.300168,0.294677,0.280699,0.329009,0.279164,0.257667,0.313091,,
510,-1,-1,-1,,1,0.297709,0.26882,0.27565,0.304003,0.268027,0.303933,0.28552,0.325985,0.236288,0.258054,,
509,514,517,8,0.2829965,25,0.32191192,0.31230072,0.29713484,0.298196,0.30969848,0.30963636,0.30734896,0.3179446,0.32977304,0.2986694,0.0155779722,0.04267868735
513,515,516,0,0.3506205,2,0.3506205,0.3200555,0.313901,0.2951645,0.304205,0.3222745,0.289906,0.3288995,0.2744825,0.2837235,0,0
514,-1,-1,-1,,1,0.336785,0.351262,0.298918,0.297134,0.294297,0.317412,0.274183,0.336301,0.279744,0.30784,,
514,-1,-1,-1,,1,0.364456,0.288849,0.328884,0.293195,0.314113,0.327137,0.305629,0.321498,0.269221,0.259607,,
513,518,521,8,0.2882765,23,0.3194155217,0.3116263913,0.295676913,0.2984596087,0.3101761739,0.3085373913,0.3088657391,0.316992,0.334580913,0.2999690435,0.02255886147,0.04318507118
517,519,520,0,0.281637,2,0.281637,0.316888,0.2756195,0.298554,0.2544435,0.331618,0.311602,0.3238585,0.286999,0.298884,0,0
518,-1,-1,-1,,1,0.265891,0.341855,0.277616,0.301627,0.228993,0.324647,0.267548,0.303921,0.287749,0.333077,,
518,-1,-1,-1,,1,0.297383,0.291921,0.273623,0.295481,0.279894,0.338589,0.355656,0.343796,0.286249,0.264691,,
517,522,525,5,0.2616925,21,0.3230134762,0.3111252857,0.2975871429,0.298450619,0.3154840476,0.3063392381,0.3086051429,0.3163380476,0.3391125238,0.300072381,0.02413925636,0.04251628407
521,523,524,0,0.272773,2,0.272773,0.2454395,0.247997,0.300009,0.2971905,0.242806,0.3119505,0.312958,0.3606285,0.2513825,0,0
522,-1,-1,-1,,1,0.236209,0.224857,0.241588,0.294283,0.311192,0.227884,0.294084,0.33874,0.390459,0.21015,,
522,-1,-1,-1,,1,0.309337,0.266022,0.254406,0.305735,0.283189,0.257728,0.329817,0.287176,0.330798,0.292615,,
521,526,527,0,0.252575,19,0.3283019474,0.3180395789,0.3028071579,0.2982865789,0.3174096842,0.3130269474,0.308253,0.3166938421,0.3368476842,0.3051976316,0,0.04263531175
525,-1,-1,-1,,1,0.238451,0.308872,0.256023,0.301323,0.280793,0.316602,0.333423,0.33639,0.301741,0.267331,,
525,528,529,0,0.269462,18,0.3332936667,0.3185488889,0.3054062778,0.2981178889,0.3194439444,0.3128283333,0.3068546667,0.3155996111,0.3387980556,0.3073013333,0,0.04296663688
527,-1,-1,-1,,1,0.266699,0.314145,0.257042,0.297155,0.328891,0.268614,0.273868,0.361692,0.35232,0.326801,,
527,530,531,0,0.280159,17,0.337211,0.3188079412,0.3082512353,0.2981745294,0.3188882353,0.3154291765,0.3087950588,0.3128882941,0.3380026471,0.3061542941,0,0.04031504985
529,-1,-1,-1,,1,0.272225,0.301552,0.239589,0.297794,0.224308,0.298417,0.264688,0.193964,0.32146,0.180468,,
529,532,533,0,0.2941455,16,0.341272625,0.3198864375,0.312542625,0.2981983125,0.3247995,0.3164924375,0.31155175,0.3203210625,0.3390365625,0.3140096875,0,0.04072724813
531,-1,-1,-1,,1,0.288093,0.277679,0.28196,0.300401,0.34377,0.297528,0.290433,0.280367,0.302138,0.284573,,
531,534,535,0,0.301489,15,0.3448179333,0.3227002667,0.3145814667,0.2980514667,0.3235348,0.3177567333,0.3129596667,0.3229846667,0.3414964667,0.3159721333,0,0.0391893773
533,-1,-1,-1,,1,0.300198,0.335917,0.366414,0.296719,0.447087,0.336346,0.344329,0.405881,0.398229,0.3171,,
533,536,537,0,0.304512,14,0.3480050714,0.3217562143,0.3108791429,0.2981466429,0.3147096429,0.3164289286,0.310719,0.3170635,0.3374441429,0.3158915714,0,0.03918436621
535,-1,-1,-1,,1,0.30278,0.287337,0.300473,0.294996,0.348097,0.265657,0.370833,0.297536,0.329281,0.259269,,
535,538,539,0,0.3100885,13,0.3514839231,0.3244038462,0.3116796154,0.298389,0.3121413846,0.3203344615,0.3060948462,0.3185656154,0.3380720769,0.3202471538,0,0.03879353492
537,-1,-1,-1,,1,0.306244,0.267079,0.258246,0.29897,0.345822,0.308498,0.26571,0.257349,0.288804,0.303503,,
537,540,541,0,0.3183005,12,0.3552539167,0.3291809167,0.3161324167,0.2983405833,0.3093346667,0.3213208333,0.30946025,0.323667,0.34217775,0.3216425,0,0.03857776642
539,-1,-1,-1,,1,0.313933,0.234171,0.284409,0.303741,0.318753,0.287619,0.3262,0.287695,0.336722,0.291973,,
539,542,543,0,0.326047,11,0.3590103636,0.3378181818,0.3190163636,0.2978496364,0.3084784545,0.3243846364,0.3079384545,0.3269371818,0.3426737273,0.3243397273,0,0.03874026256
541,-1,-1,-1,,1,0.322668,0.358646,0.371068,0.301137,0.305365,0.318365,0.268884,0.388126,0.387242,0.349058,,
541,544,545,0,0.333044,10,0.3626446,0.3357354,0.3138112,0.2975209,0.3087898,0.3249866,0.3118439,0.3208183,0.3382169,0.3218679,0,0.03809684841
543,-1,-1,-1,,1,0.329426,0.358528,0.243946,0.304768,0.246917,0.323023,0.306009,0.247202,0.322507,0.359588,,
543,546,547,0,0.3416135,9,0.3663355556,0.3332028889,0.321574,0.2967156667,0.3156645556,0.3252047778,0.3124922222,0.3289978889,0.3399624444,0.3176767778,0,0.03713670882
545,-1,-1,-1,,1,0.336662,0.314652,0.254588,0.292493,0.396944,0.271233,0.316496,0.352212,0.296141,0.299968,,
545,548,549,0,0.3478485,8,0.37004475,0.33552175,0.32994725,0.2972435,0.305504625,0.33195125,0.31199175,0.326096125,0.345440125,0.319890375,0,0.03795475524
547,-1,-1,-1,,1,0.346565,0.399533,0.309396,0.296687,0.331027,0.326101,0.328178,0.333619,0.298327,0.323004,,
547,550,551,0,0.352555,7,0.373399,0.3263772857,0.3328831429,0.297323,0.3018585714,0.332787,0.3096794286,0.3250214286,0.3521705714,0.3194455714,0,0.03736413912
549,-1,-1,-1,,1,0.349132,0.313361,0.316332,0.293532,0.221096,0.321455,0.28074,0.269113,0.2986,0.329682,,
549,552,553,0,0.3565015,6,0.3774435,0.3285466667,0.3356416667,0.2979548333,0.315319,0.3346756667,0.3145026667,0.3343395,0.361099,0.3177395,0,0.03700371292
551,-1,-1,-1,,1,0.355978,0.402737,0.355571,0.295279,0.327537,0.329624,0.375428,0.352029,0.40312,0.338139,,
551,554,555,0,0.359562,5,0.3817366,0.3137086,0.3316558,0.29849,0.3128754,0.335686,0.3023176,0.3308016,0.3526948,0.3136596,0,0.03168454566
553,-1,-1,-1,,1,0.357025,0.212115,0.300933,0.304634,0.228231,0.285501,0.273031,0.31939,0.357555,0.307533,,
553,556,557,0,0.3621475,4,0.3879145,0.339107,0.3393365,0.296954,0.3340365,0.34823225,0.30963925,0.3336545,0.35147975,0.31519125,0,0.02929072314
555,-1,-1,-1,,1,0.362099,0.34695,0.300008,0.293578,0.275683,0.328344,0.266585,0.323572,0.324009,0.3601,,
555,558,559,0,0.387334,3,0.3965196667,0.3364926667,0.352446,0.2980793333,0.3534876667,0.3548616667,0.3239906667,0.3370153333,0.3606366667,0.3002216667,0,0.03061299176
557,-1,-1,-1,,1,0.362196,0.323754,0.359297,0.297044,0.316784,0.346351,0.350298,0.329907,0.37248,0.269034,,
557,560,561,0,0.4136815,2,0.4136815,0.342862,0.3490205,0.298597,0.3718395,0.359117,0.310837,0.3405695,0.354715,0.3158155,0,0
559,-1,-1,-1,,1,0.412472,0.369902,0.359817,0.299568,0.403699,0.373219,0.328913,0.291578,0.415295,0.285638,,
559,-1,-1,-1,,1,0.414891,0.315822,0.338224,0.297626,0.33998,0.345015,0.292761,0.389561,0.294135,0.345993,,
492,563,1010,5,0.3489505,320,0.3410984906,0.3365860531,0.3379741437,0.3599607656,0.3420563875,0.3201692687,0.3382226281,0.3367570781,0.3386670625,0.3415028,0.07044442007,0.04192430788
562,564,875,5,0.325356,224,0.3397168571,0.3334513839,0.3317822634,0.3580223482,0.3348039107,0.3008970312,0.3355126875,0.3306483839,0.3330891563,0.3371589241,0.07800863633,0.04425073189
563,565,594,3,0.3102405,156,0.332569609,0.3271481282,0.3232240385,0.3604252179,0.3306056859,0.2854296667,0.3302920769,0.3244353974,0.3253772179,0.3333467885,0.04035053468,0.08042806458
564,566,567,0,0.257818,15,0.3191342,0.2833131333,0.2956668,0.3074951333,0.3031826667,0.2744748,0.317576,0.3138987333,0.3042698,0.3117877333,0,0.04080001979
565,-1,-1,-1,,1,0.257283,0.337683,0.31304,0.305766,0.282829,0.261788,0.354451,0.288028,0.296226,0.33776,,
565,568,569,0,0.26547,14,0.3235521429,0.2794295714,0.2944258571,0.3076186429,0.3046365,0.275381,0.3149420714,0.3157466429,0.3048443571,0.3099325714,0,0.0402240387
567,-1,-1,-1,,1,0.258353,0.242661,0.205163,0.308829,0.229278,0.274826,0.313964,0.290965,0.336871,0.32403,,
567,570,571,0,0.2806615,13,0.3285674615,0.2822579231,0.3012922308,0.3075255385,0.3104333077,0.2754236923,0.3150173077,0.3176529231,0.3023807692,0.3088481538,0,0.03985291809
569,-1,-1,-1,,1,0.272587,0.230091,0.277592,0.307614,0.285806,0.299435,0.232734,0.376726,0.306689,0.290185,,
569,572,573,0,0.2891115,12,0.3332325,0.2866051667,0.30326725,0.3075181667,0.3124855833,0.27342275,0.32187425,0.3127301667,0.30202175,0.3104034167,0,0.0397796138
571,-1,-1,-1,,1,0.288736,0.30945,0.308618,0.308622,0.411631,0.262852,0.279716,0.331109,0.315698,0.329697,,
571,574,575,0,0.29052,11,0.3372776364,0.2845283636,0.3027808182,0.3074178182,0.3034723636,0.2743837273,0.3257068182,0.3110593636,0.3007784545,0.3086494545,0,0.04020851513
573,-1,-1,-1,,1,0.289487,0.234843,0.256699,0.307347,0.335133,0.267283,0.365077,0.326972,0.290465,0.270857,,
573,576,577,0,0.304927,10,0.3420567,0.2894969,0.307389,0.3074249,0.3003063,0.2750938,0.3217698,0.3094681,0.3018098,0.3124287,0,0.04013117924
575,-1,-1,-1,,1,0.291553,0.227696,0.314312,0.308214,0.295381,0.288119,0.297895,0.319704,0.295796,0.224506,,
575,578,579,0,0.3193265,9,0.3476682222,0.2963636667,0.3066197778,0.3073372222,0.3008535556,0.2736465556,0.3244225556,0.3083307778,0.302478,0.3221978889,0,0.04111015493
577,-1,-1,-1,,1,0.318301,0.239715,0.27479,0.306117,0.294228,0.25304,0.326712,0.275687,0.331201,0.287421,,
577,580,581,0,0.3226965,8,0.351339125,0.30344475,0.3105985,0.30748975,0.30168175,0.276222375,0.324136375,0.31241125,0.298887625,0.326545,0,0.04145271241
579,-1,-1,-1,,1,0.320352,0.291349,0.266586,0.306069,0.219778,0.277328,0.337133,0.281965,0.296939,0.279632,,
579,582,583,0,0.327073,7,0.3557658571,0.3051727143,0.316886,0.3076927143,0.3133822857,0.2760644286,0.3222797143,0.3167607143,0.299166,0.3332468571,0,0.03972041191
581,-1,-1,-1,,1,0.325041,0.185317,0.334676,0.309089,0.310051,0.245757,0.262782,0.280308,0.302618,0.356095,,
581,584,585,0,0.3320355,6,0.3608866667,0.3251486667,0.313921,0.30746,0.3139375,0.2811156667,0.332196,0.3228361667,0.2985906667,0.3294388333,0,0.04083298492
583,-1,-1,-1,,1,0.329105,0.321692,0.294116,0.309342,0.283058,0.22908,0.341011,0.305998,0.285105,0.267866,,
583,586,587,0,0.341476,5,0.367243,0.32584,0.317882,0.3070836,0.3201134,0.2915228,0.330433,0.3262038,0.3012878,0.3417534,0,0.04253069762
585,-1,-1,-1,,1,0.334966,0.324835,0.298835,0.306966,0.295742,0.303609,0.30713,0.276671,0.244232,0.32145,,
585,588,589,0,0.350126,4,0.37531225,0.32609125,0.32264375,0.307113,0.32620625,0.28850125,0.33625875,0.338587,0.31555175,0.34682925,0,0.03284515567
587,-1,-1,-1,,1,0.347986,0.35397,0.274388,0.30574,0.282375,0.305301,0.24204,0.270207,0.270577,0.255401,,
587,590,591,0,0.366946,3,0.384421,0.3167983333,0.338729,0.3075706667,0.3408166667,0.2829013333,0.367665,0.3613803333,0.3305433333,0.3773053333,0,0.02796200606
589,-1,-1,-1,,1,0.352266,0.271673,0.309579,0.306262,0.296578,0.270086,0.32791,0.335504,0.289251,0.343349,,
589,592,593,0,0.4004985,2,0.4004985,0.339361,0.353304,0.308225,0.362936,0.289309,0.3875425,0.3743185,0.3511895,0.3942835,0,0
591,-1,-1,-1,,1,0.381626,0.349762,0.313514,0.310189,0.341909,0.267945,0.362557,0.361927,0.376207,0.453148,,
591,-1,-1,-1,,1,0.419371,0.32896,0.393094,0.306261,0.383963,0.310673,0.412528,0.38671,0.326172,0.335419,,
564,595,622,3,0.317288,141,0.3339989078,0.3318114255,0.3261556596,0.366056078,0.3335230284,0.286595078,0.3316448511,0.3255563191,0.3276226879,0.335640305,0.04217201033,0.0828050778
594,596,597,0,0.209257,14,0.2936372857,0.3147347143,0.3029575714,0.3135321429,0.3233456429,0.2744851429,0.2903941429,0.3049818571,0.2915792143,0.2950182857,0,0.04226073301
595,-1,-1,-1,,1,0.20771,0.266215,0.286239,0.313996,0.332356,0.288075,0.224015,0.328016,0.299337,0.313183,,
595,598,599,0,0.2307455,13,0.3002470769,0.318467,0.3042436154,0.3134964615,0.3226525385,0.2734397692,0.2955002308,0.30321,0.2909824615,0.293621,0,0.04172580064
597,-1,-1,-1,,1,0.210804,0.329088,0.233126,0.317215,0.275219,0.295446,0.293217,0.2421,0.303467,0.253022,,
597,600,601,0,0.256989,12,0.3077006667,0.3175819167,0.3101700833,0.3131865833,0.3266053333,0.2716059167,0.2956905,0.3083025,0.2899420833,0.29700425,0,0.04174952502
599,-1,-1,-1,,1,0.250687,0.365765,0.351549,0.31697,0.368084,0.235862,0.354959,0.341128,0.319375,0.299553,,
599,602,603,0,0.2643905,11,0.3128837273,0.3132016364,0.3064083636,0.3128426364,0.3228345455,0.2748553636,0.2903024545,0.3053183636,0.2872663636,0.2967725455,0,0.04157778617
601,-1,-1,-1,,1,0.263291,0.255704,0.341517,0.313808,0.325711,0.322448,0.230238,0.290381,0.28649,0.360356,,
601,604,605,0,0.267539,10,0.317843,0.3189514,0.3028975,0.3127461,0.3225469,0.2700961,0.2963089,0.3068121,0.287344,0.2904142,0,0.04263495999
603,-1,-1,-1,,1,0.26549,0.346339,0.272588,0.317171,0.311153,0.295839,0.337297,0.294563,0.317308,0.310354,,
603,606,607,0,0.2737285,9,0.32366,0.3159083333,0.3062652222,0.3122544444,0.3238128889,0.2672357778,0.2917546667,0.3081731111,0.2840146667,0.2881986667,0,0.04261098792
605,-1,-1,-1,,1,0.269588,0.260034,0.358703,0.311103,0.338246,0.282311,0.363821,0.331003,0.253552,0.308885,,
605,608,609,0,0.2887145,8,0.330419,0.322892625,0.2997105,0.312398375,0.32200875,0.265351375,0.282746375,0.305319375,0.2878225,0.285612875,0,0.04282400648
607,-1,-1,-1,,1,0.277869,0.310654,0.293799,0.3122,0.306755,0.270317,0.344928,0.335507,0.296147,0.3676,,
607,610,611,0,0.302285,7,0.3379261429,0.324641,0.300555,0.3124267143,0.3241878571,0.264642,0.2738632857,0.3010068571,0.2866332857,0.2739004286,0,0.04377749328
609,-1,-1,-1,,1,0.29956,0.253173,0.283414,0.310292,0.322331,0.244101,0.223356,0.334415,0.304704,0.287146,,
609,612,613,0,0.3101045,6,0.3443205,0.3365523333,0.3034118333,0.3127825,0.3244973333,0.2680655,0.2822811667,0.2954388333,0.2836215,0.2716928333,0,0.04218281637
611,-1,-1,-1,,1,0.30501,0.402473,0.282982,0.31158,0.334183,0.323337,0.179994,0.25547,0.291491,0.281776,,
611,614,615,0,0.3254595,5,0.3521826,0.3233682,0.3074978,0.313023,0.3225602,0.2570112,0.3027386,0.3034326,0.2820476,0.2696762,0,0.04268590497
613,-1,-1,-1,,1,0.315199,0.271829,0.312711,0.312346,0.266508,0.25435,0.281641,0.240649,0.270644,0.235746,,
613,616,617,0,0.3430345,4,0.3614285,0.336253,0.3061945,0.31319225,0.33657325,0.2576765,0.308013,0.3191285,0.2848985,0.27815875,0,0.03919413559
615,-1,-1,-1,,1,0.33572,0.298317,0.254825,0.31106,0.261721,0.193474,0.31329,0.31459,0.215829,0.306641,,
615,618,619,0,0.354874,3,0.369998,0.3488983333,0.3233176667,0.313903,0.361524,0.2790773333,0.306254,0.3206413333,0.3079216667,0.2686646667,0,0.01969250925
617,-1,-1,-1,,1,0.350349,0.372452,0.328118,0.311011,0.396066,0.284879,0.445354,0.36153,0.339466,0.305246,,
617,620,621,0,0.3798225,2,0.3798225,0.3371215,0.3209175,0.315349,0.344253,0.2761765,0.236704,0.300197,0.2921495,0.250374,0,0
619,-1,-1,-1,,1,0.359399,0.337666,0.32816,0.31374,0.323984,0.305453,0.215892,0.311803,0.263666,0.222835,,
619,-1,-1,-1,,1,0.400246,0.336577,0.313675,0.316958,0.364522,0.2469,0.257516,0.288591,0.320633,0.277913,,
594,623,672,3,0.3294425,127,0.3384482205,0.3336938976,0.3287129291,0.3718461181,0.3346449449,0.2879300315,0.3361921732,0.3278243701,0.3315959843,0.3401183228,0.04227985008,0.08861477467
622,624,627,1,0.2298705,25,0.32018964,0.30287424,0.31087628,0.32518208,0.29368816,0.29433368,0.30329032,0.305834,0.30039704,0.33367644,0.01656193239,0.04281848971
623,625,626,0,0.3196575,2,0.3196575,0.223499,0.2794185,0.326633,0.2745305,0.2969885,0.305194,0.271986,0.290121,0.345976,0,0
624,-1,-1,-1,,1,0.30197,0.22683,0.295853,0.325641,0.250258,0.287433,0.316763,0.297672,0.310251,0.362367,,
624,-1,-1,-1,,1,0.337345,0.220168,0.262984,0.327625,0.298803,0.306544,0.293625,0.2463,0.269991,0.329585,,
623,628,631,0,0.258311,23,0.320235913,0.3097764348,0.3136117391,0.325055913,0.2953540435,0.2941028261,0.3031247826,0.3087773043,0.3012906087,0.332606913,0.02083233779,0.04279529991
627,629,630,0,0.2571795,2,0.2571795,0.326094,0.24491,0.32153,0.290952,0.2732705,0.264832,0.2638795,0.308747,0.3312085,0,0
628,-1,-1,-1,,1,0.25644,0.356171,0.215119,0.318558,0.256243,0.261245,0.262138,0.268432,0.310844,0.365218,,
628,-1,-1,-1,,1,0.257919,0.296017,0.274701,0.324502,0.325661,0.285296,0.267526,0.259327,0.30665,0.297199,,
627,632,635,1,0.2400075,21,0.3262412857,0.308222381,0.3201547619,0.3253917143,0.2957732857,0.2960868571,0.3067717143,0.3130532857,0.3005804762,0.3327400952,0.02304175233,0.04232738254
631,633,634,0,0.346408,2,0.346408,0.235486,0.373145,0.3269555,0.305557,0.283179,0.2861385,0.31749,0.224751,0.3177555,0,0
632,-1,-1,-1,,1,0.319413,0.238061,0.401594,0.328688,0.275525,0.250773,0.250749,0.333386,0.210812,0.328246,,
632,-1,-1,-1,,1,0.373403,0.232911,0.344696,0.325223,0.335589,0.315585,0.321528,0.301594,0.23869,0.307265,,
631,636,637,0,0.270287,19,0.3241184737,0.3158788421,0.3145768421,0.3252271053,0.2947434211,0.2974455789,0.3089436316,0.3125862632,0.3085625263,0.3343174211,0,0.04069989835
635,-1,-1,-1,,1,0.258703,0.280377,0.178638,0.323167,0.194112,0.314706,0.355251,0.278281,0.285054,0.29316,,
635,638,639,0,0.2863455,18,0.3277526667,0.3178511667,0.322129,0.3253415556,0.3003340556,0.2964866667,0.306371,0.3144921111,0.3098685556,0.3366039444,0,0.0408096144
637,-1,-1,-1,,1,0.281871,0.328971,0.282786,0.326803,0.32329,0.285183,0.241302,0.362743,0.253874,0.345417,,
637,640,641,0,0.2915735,17,0.3304515882,0.3171970588,0.3244432941,0.3252555882,0.2989837059,0.2971515882,0.3101985882,0.3116538235,0.3131623529,0.3360855294,0,0.0408024948
639,-1,-1,-1,,1,0.29082,0.271957,0.282333,0.324557,0.287316,0.242542,0.252222,0.366461,0.295604,0.360153,,
639,642,643,0,0.2928305,16,0.3329285625,0.3200245625,0.3270751875,0.32529925,0.2997129375,0.3005646875,0.313822125,0.308228375,0.31425975,0.3345813125,0,0.04100196968
641,-1,-1,-1,,1,0.292327,0.301921,0.259762,0.328153,0.271214,0.319235,0.301489,0.271931,0.318155,0.399019,,
641,644,645,0,0.296325,15,0.3356353333,0.3212314667,0.3315627333,0.325109,0.3016128667,0.29932,0.3146443333,0.3106482,0.3140000667,0.3302854667,0,0.04057399489
643,-1,-1,-1,,1,0.293334,0.328518,0.364677,0.326969,0.342816,0.288247,0.235066,0.266386,0.245415,0.280344,,
643,646,647,0,0.3000725,14,0.3386568571,0.320711,0.3291974286,0.3249761429,0.2986697857,0.3001109286,0.3203285,0.3138097857,0.318899,0.3338527143,0,0.04128424429
645,-1,-1,-1,,1,0.299316,0.306727,0.317246,0.323089,0.248767,0.293596,0.304266,0.359651,0.303777,0.298387,,
645,648,649,0,0.305326,13,0.3416830769,0.3217866923,0.3301167692,0.3251213077,0.3025084615,0.3006120769,0.3215640769,0.3102835385,0.3200622308,0.3365808462,0,0.04199640228
647,-1,-1,-1,,1,0.300829,0.283827,0.380697,0.317361,0.294863,0.311256,0.324266,0.283432,0.296209,0.380916,,
647,650,651,0,0.3122815,12,0.3450875833,0.32495,0.32590175,0.325768,0.3031455833,0.2997250833,0.3213389167,0.3125211667,0.32205,0.33288625,0,0.04319541986
649,-1,-1,-1,,1,0.309823,0.300975,0.337514,0.327387,0.303535,0.324444,0.354251,0.295917,0.307173,0.291411,,
649,652,653,0,0.318295,11,0.3482934545,0.3271295455,0.3248460909,0.3256208182,0.3031101818,0.2974779091,0.3183469091,0.3140306364,0.3234024545,0.3366567273,0,0.04259321757
651,-1,-1,-1,,1,0.31474,0.440834,0.376774,0.328907,0.294356,0.309179,0.290572,0.367786,0.354711,0.343143,,
651,654,655,0,0.32346,10,0.3516488,0.3157591,0.3196533,0.3252922,0.3039856,0.2963078,0.3211244,0.3086551,0.3202716,0.3360081,0,0.04303408371
653,-1,-1,-1,,1,0.32185,0.285042,0.351977,0.329253,0.268087,0.289212,0.373735,0.236143,0.315189,0.367426,,
653,656,657,0,0.333665,9,0.3549597778,0.3191721111,0.3160617778,0.3248521111,0.3079743333,0.2970962222,0.3152787778,0.316712,0.3208363333,0.3325172222,0,0.0435451628
655,-1,-1,-1,,1,0.32507,0.241954,0.355948,0.328081,0.266633,0.319088,0.344041,0.318735,0.285143,0.356172,,
655,658,659,0,0.3437165,8,0.358696,0.328824375,0.311076,0.3244485,0.313142,0.29434725,0.3116835,0.316459125,0.325298,0.329560375,0,0.03746031808
657,-1,-1,-1,,1,0.34226,0.42262,0.367263,0.32552,0.40766,0.306639,0.376853,0.445104,0.393363,0.336043,,
657,660,661,0,0.3455045,7,0.361044,0.315425,0.3030492857,0.3242954286,0.2996394286,0.2925912857,0.3023735714,0.2980812857,0.3155744286,0.3286342857,0,0.03666655362
659,-1,-1,-1,,1,0.345173,0.275163,0.237046,0.320019,0.280966,0.221111,0.345158,0.31228,0.318993,0.292516,,
659,662,663,0,0.346066,6,0.3636891667,0.3221353333,0.3140498333,0.3250081667,0.3027516667,0.3045046667,0.2952428333,0.2957148333,0.3150046667,0.334654,0,0.03866102477
661,-1,-1,-1,,1,0.345836,0.280308,0.298807,0.326005,0.277761,0.281626,0.263633,0.282492,0.320946,0.317778,,
661,664,665,0,0.35498,5,0.3672598,0.3305008,0.3170984,0.3248088,0.3077498,0.3090804,0.3015648,0.2983594,0.3138164,0.3380292,0,0.03476361899
663,-1,-1,-1,,1,0.346296,0.294727,0.344422,0.324741,0.187326,0.312268,0.31851,0.2729,0.265774,0.308139,,
663,666,667,0,0.36705,4,0.37250075,0.33944425,0.3102675,0.32482575,0.33785575,0.3082835,0.2973285,0.30472425,0.325827,0.34550175,0,0.02835407267
665,-1,-1,-1,,1,0.363664,0.329929,0.358602,0.329142,0.456201,0.314034,0.325236,0.293343,0.325784,0.37188,,
665,668,669,0,0.3737615,3,0.3754463333,0.342616,0.294156,0.323387,0.2984073333,0.3063666667,0.288026,0.308518,0.3258413333,0.336709,0,0.0256559592
667,-1,-1,-1,,1,0.370436,0.307247,0.253635,0.326572,0.303453,0.324281,0.238898,0.295715,0.363781,0.333355,,
667,670,671,0,0.3779515,2,0.3779515,0.3603005,0.3144165,0.3217945,0.2958845,0.2974095,0.31259,0.3149195,0.3068715,0.338386,0,0
669,-1,-1,-1,,1,0.377087,0.39175,0.289417,0.318143,0.288089,0.300023,0.329869,0.31854,0.23945,0.33298,,
669,-1,-1,-1,,1,0.378816,0.328851,0.339416,0.325446,0.30368,0.294796,0.295311,0.311299,0.374293,0.343792,,
622,673,854,5,0.320864,102,0.3429233627,0.3412477353,0.3330846569,0.3832833824,0.3446833725,0.2863605098,0.3442563529,0.3332141667,0.3392427843,0.3416972157,0.09246198642,0.04199366868
672,674,691,3,0.334241,91,0.3433800989,0.3405525604,0.3307904286,0.3853157582,0.3421081099,0.2818997912,0.3450811538,0.3325462418,0.3385691978,0.3396235165,0.04599002393,0.09579663869
673,675,676,0,0.253818,9,0.3304467778,0.3220872222,0.322808,0.3318914444,0.3222602222,0.2916134444,0.3079388889,0.3061931111,0.330882,0.3198795556,0,0.04637434897
674,-1,-1,-1,,1,0.251729,0.271192,0.292413,0.33087,0.293472,0.315533,0.301424,0.284378,0.284666,0.369975,,
674,677,678,0,0.271614,8,0.3402865,0.328449125,0.326607375,0.332019125,0.32585875,0.2886235,0.30875325,0.30892,0.336659,0.313617625,0,0.04634196383
676,-1,-1,-1,,1,0.255907,0.31082,0.358856,0.331632,0.305861,0.23503,0.293903,0.256209,0.400358,0.327829,,
676,679,680,0,0.296098,7,0.3523407143,0.3309675714,0.3220004286,0.3320744286,0.3287155714,0.2962797143,0.3108747143,0.3164501429,0.3275591429,0.3115874286,0,0.04213847172
678,-1,-1,-1,,1,0.287321,0.259162,0.309744,0.333381,0.264847,0.309634,0.32548,0.201162,0.309436,0.212042,,
678,681,682,0,0.309061,6,0.3631773333,0.3429351667,0.3240431667,0.3318566667,0.3393603333,0.294054,0.3084405,0.3356648333,0.3305796667,0.3281783333,0,0.04096835067
680,-1,-1,-1,,1,0.304875,0.295451,0.277731,0.330944,0.364173,0.265322,0.258723,0.319854,0.253051,0.298586,,
680,683,684,0,0.3312565,5,0.3748378,0.352432,0.3333056,0.3320392,0.3343978,0.2998004,0.318384,0.338827,0.3460854,0.3340968,0,0.03670886815
682,-1,-1,-1,,1,0.313247,0.43617,0.396992,0.331306,0.418355,0.30199,0.362049,0.349592,0.337501,0.332328,,
682,685,686,0,0.3653895,4,0.3902355,0.3314975,0.317384,0.3322225,0.3134085,0.299253,0.30746775,0.33613575,0.3482315,0.334539,0,0.03735976463
684,-1,-1,-1,,1,0.349266,0.380163,0.318814,0.333437,0.309647,0.310287,0.368749,0.321391,0.346802,0.363877,,
684,687,688,0,0.394272,3,0.403892,0.3152756667,0.3169073333,0.3318176667,0.3146623333,0.295575,0.2870406667,0.3410506667,0.348708,0.3247596667,0,0.03594809843
686,-1,-1,-1,,1,0.381513,0.253329,0.351032,0.329632,0.336739,0.309511,0.317866,0.313698,0.400189,0.336888,,
686,689,690,0,0.4150815,2,0.4150815,0.346249,0.299845,0.3329105,0.303624,0.288607,0.271628,0.354727,0.3229675,0.3186955,0,0
688,-1,-1,-1,,1,0.407031,0.354566,0.258839,0.331717,0.265925,0.297118,0.223117,0.322909,0.252554,0.282802,,
688,-1,-1,-1,,1,0.423132,0.337932,0.340851,0.334104,0.341323,0.280096,0.320139,0.386545,0.393381,0.354589,,
673,692,739,3,0.34403,82,0.3447996098,0.3425792439,0.3316665488,0.3911794024,0.3442865366,0.2808336585,0.3491577439,0.3354386585,0.3394129146,0.3417905366,0.04500574197,0.1078340014
691,693,696,2,0.241261,24,0.3022496667,0.3185310833,0.3096436667,0.338869,0.3194854167,0.28491575,0.3311387083,0.3038062917,0.3182734167,0.3158995833,0.01835217856,0.04509568824
692,694,695,0,0.2869495,2,0.2869495,0.294293,0.206674,0.3397585,0.313396,0.2937055,0.332472,0.251238,0.317298,0.297003,0,0
693,-1,-1,-1,,1,0.258629,0.283172,0.200031,0.33777,0.325459,0.294942,0.34259,0.261039,0.278579,0.27356,,
693,-1,-1,-1,,1,0.31527,0.305414,0.213317,0.341747,0.301333,0.292469,0.322354,0.241437,0.356017,0.320446,,
692,697,700,6,0.262759,22,0.3036405909,0.3207345455,0.3190045455,0.3387881364,0.320039,0.2841166818,0.3310175,0.3085852273,0.3183620909,0.3176174545,0.01996475545,0.04488363148
696,698,699,0,0.288748,2,0.288748,0.234966,0.3014565,0.3357775,0.298864,0.283771,0.249123,0.3110565,0.3533245,0.2997345,0,0
697,-1,-1,-1,,1,0.273191,0.222795,0.285061,0.334378,0.294451,0.307237,0.261168,0.285399,0.325127,0.265729,,
697,-1,-1,-1,,1,0.304305,0.247137,0.317852,0.337177,0.303277,0.260305,0.237078,0.336714,0.381522,0.33374,,
696,701,736,3,0.342852,20,0.30512985,0.3293114,0.32075935,0.3390892,0.3221565,0.28415125,0.33920695,0.3083381,0.31486585,0.31940575,0.04571320584,0.01500309774
700,702,703,0,0.2319275,18,0.305854,0.3355631667,0.3243606111,0.3386033333,0.3238437778,0.2856359444,0.3462692778,0.3109667778,0.315481,0.3164662778,0,0.04422704753
701,-1,-1,-1,,1,0.223413,0.399034,0.281806,0.335,0.247617,0.317683,0.308213,0.226989,0.231838,0.23764,,
701,704,705,0,0.2428,17,0.3107034706,0.3318295882,0.3268638235,0.3388152941,0.3283277059,0.2837508235,0.3485078824,0.3159066471,0.3204011765,0.3211031176,0,0.04380309724
703,-1,-1,-1,,1,0.240442,0.278759,0.348918,0.342332,0.334614,0.287573,0.302719,0.248315,0.225787,0.310779,,
703,706,707,0,0.248071,16,0.3150948125,0.3351465,0.3254854375,0.3385955,0.3279348125,0.2835119375,0.3513696875,0.320131125,0.3263145625,0.321748375,0,0.0433284646
705,-1,-1,-1,,1,0.245158,0.300221,0.328508,0.33724,0.23054,0.304223,0.33355,0.30862,0.303429,0.239328,,
705,708,709,0,0.265332,15,0.3197572667,0.3374748667,0.3252839333,0.3386858667,0.3344278,0.2821312,0.3525576667,0.3208985333,0.3278402667,0.3272430667,0,0.0412267105
707,-1,-1,-1,,1,0.250984,0.196177,0.269205,0.336428,0.248173,0.25149,0.357011,0.310726,0.385101,0.293812,,
707,710,711,0,0.290176,14,0.3246696429,0.3475675714,0.3292895714,0.3388471429,0.3405888571,0.2843198571,0.3522395714,0.3216251429,0.3237502143,0.329631,0,0.03997174827
709,-1,-1,-1,,1,0.27968,0.298513,0.317311,0.340015,0.312623,0.184547,0.332389,0.303129,0.272163,0.232812,,
709,712,713,0,0.301014,13,0.3281303846,0.351341,0.330211,0.3387573077,0.3427400769,0.2919946923,0.3537665385,0.3230479231,0.3277184615,0.3370786154,0,0.03970989959
711,-1,-1,-1,,1,0.300672,0.399217,0.412784,0.339504,0.395312,0.316447,0.39937,0.298335,0.359364,0.348954,,
711,714,715,0,0.304289,12,0.3304185833,0.3473513333,0.3233299167,0.3386950833,0.3383590833,0.289957,0.34996625,0.3251073333,0.3250813333,0.336089,0,0.04016666608
713,-1,-1,-1,,1,0.301356,0.289225,0.33624,0.337908,0.335365,0.306177,0.278281,0.336944,0.341577,0.359799,,
713,716,717,0,0.310407,11,0.3330606364,0.3526355455,0.3221562727,0.3387666364,0.3386312727,0.2884824545,0.3564830909,0.3240312727,0.3235817273,0.3339335455,0,0.04085169468
715,-1,-1,-1,,1,0.307222,0.301451,0.311191,0.336296,0.325937,0.235779,0.383715,0.309433,0.275495,0.332584,,
715,718,719,0,0.314315,10,0.3356445,0.357754,0.3232528,0.3390137,0.3399007,0.2937528,0.3537599,0.3254911,0.3283904,0.3340685,0,0.04172578473
717,-1,-1,-1,,1,0.313592,0.330949,0.307776,0.342728,0.354784,0.271532,0.354464,0.296888,0.252064,0.35292,,
717,720,721,0,0.3176215,9,0.3380947778,0.3607323333,0.3249724444,0.338601,0.338247,0.2962217778,0.3536816667,0.3286692222,0.3368711111,0.3319738889,0,0.0425870486
719,-1,-1,-1,,1,0.315038,0.360229,0.315084,0.337775,0.3283,0.273683,0.36246,0.28771,0.263588,0.287818,,
719,722,723,0,0.3203175,8,0.340976875,0.36079525,0.3262085,0.33870425,0.339490375,0.299039125,0.352584375,0.333789125,0.3460315,0.337493375,0,0.0411283301
721,-1,-1,-1,,1,0.320205,0.397603,0.270349,0.33634,0.273001,0.270496,0.26435,0.330461,0.325795,0.266814,,
721,724,725,0,0.321295,7,0.3439442857,0.355537,0.3341884286,0.339042,0.3489888571,0.3031167143,0.3651892857,0.3342645714,0.3489224286,0.3475904286,0,0.04224054705
723,-1,-1,-1,,1,0.32043,0.38193,0.300026,0.337236,0.420445,0.301828,0.355281,0.37658,0.339577,0.362645,,
723,726,727,0,0.3254835,6,0.3478633333,0.3511381667,0.3398821667,0.339343,0.3370795,0.3033315,0.3668406667,0.327212,0.35048,0.3450813333,0,0.03861553113
725,-1,-1,-1,,1,0.32216,0.379004,0.438749,0.341566,0.41801,0.316925,0.381086,0.390934,0.308264,0.400621,,
725,728,729,0,0.331352,5,0.353004,0.345565,0.3201088,0.3388984,0.3208934,0.3006128,0.3639916,0.3144676,0.3589232,0.3339734,0,0.03390691311
727,-1,-1,-1,,1,0.328807,0.269187,0.2741,0.342183,0.361001,0.310123,0.314293,0.269944,0.276493,0.297043,,
727,730,731,0,0.3484185,4,0.35905325,0.3646595,0.331611,0.33807725,0.3108665,0.29823525,0.37641625,0.3255985,0.37953075,0.343206,0,0.03793055034
729,-1,-1,-1,,1,0.333897,0.37295,0.31934,0.33806,0.300983,0.30655,0.370884,0.319067,0.406308,0.325606,,
729,732,733,0,0.3651215,3,0.3674386667,0.361896,0.3357013333,0.338083,0.314161,0.2954636667,0.3782603333,0.3277756667,0.370605,0.3490726667,0,0.03695499334
731,-1,-1,-1,,1,0.36294,0.368296,0.334381,0.340814,0.386845,0.31874,0.371769,0.394567,0.383465,0.350425,,
731,734,735,0,0.369688,2,0.369688,0.358696,0.3363615,0.3367175,0.277819,0.2838255,0.381506,0.29438,0.364175,0.3483965,0,0
733,-1,-1,-1,,1,0.367303,0.424749,0.384384,0.335186,0.288609,0.318435,0.380672,0.345113,0.414615,0.371775,,
733,-1,-1,-1,,1,0.372073,0.292643,0.288339,0.338249,0.267029,0.249216,0.38234,0.243647,0.313735,0.325018,,
700,737,738,0,0.2986125,2,0.2986125,0.2730455,0.288348,0.343462,0.306971,0.270789,0.275646,0.28468,0.3093295,0.345861,0,0
736,-1,-1,-1,,1,0.283247,0.260882,0.274138,0.342976,0.276473,0.259852,0.275069,0.305784,0.296567,0.343335,,
736,-1,-1,-1,,1,0.313978,0.285209,0.302558,0.343948,0.337469,0.281726,0.276223,0.263576,0.322092,0.348387,,
691,740,843,5,0.3167545,58,0.3624064828,0.3525302069,0.3407794655,0.4128250862,0.354549069,0.2791445172,0.3566138966,0.3485279138,0.3481602931,0.3525040345,0.1124803424,0.04577899428
739,741,822,5,0.309159,52,0.3629256538,0.3521615769,0.3384847115,0.4170079615,0.3590866538,0.2746280577,0.3566908846,0.3507957885,0.3487672692,0.3555369808,0.1235055268,0.04727459512
740,742,749,3,0.349358,41,0.367843561,0.3529820732,0.336128,0.4288291707,0.3623131707,0.2645362195,0.3578238049,0.3583297805,0.3557997561,0.359822,0.04034533551,0.1289195336
741,743,744,0,0.318677,4,0.345289,0.34317675,0.3548405,0.345986,0.35631475,0.26422775,0.3841515,0.3764535,0.35880875,0.359584,0,0.03507661324
742,-1,-1,-1,,1,0.296748,0.283889,0.294779,0.34526,0.328034,0.263914,0.352002,0.277569,0.352994,0.36453,,
742,745,746,0,0.348981,3,0.3614693333,0.3629393333,0.374861,0.346228,0.3657416667,0.2643323333,0.394868,0.409415,0.360747,0.3579353333,0,0.03293124833
744,-1,-1,-1,,1,0.340606,0.413959,0.363528,0.346431,0.356306,0.271447,0.3423,0.473239,0.359614,0.356141,,
744,747,748,0,0.371901,2,0.371901,0.3374295,0.3805275,0.3461265,0.3704595,0.260775,0.421152,0.377503,0.3613135,0.3588325,0,0
746,-1,-1,-1,,1,0.357356,0.343316,0.403177,0.344112,0.432688,0.220027,0.459445,0.356234,0.33576,0.403295,,
746,-1,-1,-1,,1,0.386446,0.331543,0.357878,0.348141,0.308231,0.301523,0.382859,0.398772,0.386867,0.31437,,
741,750,755,3,0.3513635,37,0.3702818919,0.3540421081,0.334105027,0.4377851892,0.3629616486,0.2645695676,0.3549775676,0.3563704595,0.3554744595,0.3598477297,0.03021527964,0.1327921609
749,751,752,0,0.291925,3,0.3147513333,0.3172786667,0.2836643333,0.350943,0.2871983333,0.250029,0.271391,0.2919066667,0.319363,0.2832513333,0,0.02319241702
750,-1,-1,-1,,1,0.263403,0.294054,0.281461,0.350575,0.251052,0.184991,0.295007,0.327916,0.33545,0.267229,,
750,753,754,0,0.3404255,2,0.3404255,0.328891,0.284766,0.351127,0.3052715,0.282548,0.259583,0.273902,0.3113195,0.2912625,0,0
752,-1,-1,-1,,1,0.320447,0.328222,0.243917,0.351168,0.325443,0.257205,0.272604,0.243812,0.339977,0.27215,,
752,-1,-1,-1,,1,0.360404,0.32956,0.325615,0.351086,0.2851,0.307891,0.246562,0.303992,0.282662,0.310375,,
749,756,761,3,0.3570265,34,0.3751816471,0.3572859412,0.3385556765,0.4454477353,0.3696466471,0.2658525588,0.3623528529,0.3620584412,0.3586607647,0.3666062353,0.02411938041,0.1370035338
755,757,758,0,0.271912,3,0.2852836667,0.2843993333,0.25859,0.353058,0.3167643333,0.2479116667,0.2754516667,0.3286606667,0.2748096667,0.3307693333,0,0.02306089289
756,-1,-1,-1,,1,0.254926,0.306856,0.217847,0.355707,0.339621,0.246455,0.270784,0.346874,0.250879,0.331492,,
756,759,760,0,0.3004625,2,0.3004625,0.273171,0.2789615,0.3517335,0.305336,0.24864,0.2777855,0.319554,0.286775,0.330408,0,0
758,-1,-1,-1,,1,0.288898,0.256411,0.277986,0.351559,0.304811,0.233074,0.238991,0.344185,0.261105,0.286943,,
758,-1,-1,-1,,1,0.312027,0.289931,0.279937,0.351908,0.305861,0.264206,0.31658,0.294923,0.312445,0.373873,,
755,762,767,3,0.3684905,31,0.3838814516,0.3643394839,0.3462942903,0.4543886774,0.3747642903,0.2675887742,0.3707626452,0.3652904839,0.3667753871,0.3700743226,0.03757121554,0.1426951732
761,763,764,0,0.318566,3,0.3397943333,0.3261843333,0.3223706667,0.3624313333,0.319582,0.2896736667,0.3652013333,0.3253226667,0.3230136667,0.3145906667,0,0.02412281357
762,-1,-1,-1,,1,0.255073,0.266709,0.281119,0.362911,0.314347,0.293851,0.302723,0.264267,0.303793,0.311343,,
762,765,766,0,0.382155,2,0.382155,0.355922,0.3429965,0.3621915,0.3221995,0.287585,0.3964405,0.3558505,0.332624,0.3162145,0,0
764,-1,-1,-1,,1,0.382059,0.351381,0.399409,0.358346,0.35078,0.305118,0.427428,0.333472,0.328752,0.315191,,
764,-1,-1,-1,,1,0.382251,0.360463,0.286584,0.366037,0.293619,0.270052,0.365453,0.378229,0.336496,0.317238,,
761,768,771,3,0.372743,28,0.3886050714,0.3684275357,0.3488575357,0.46424125,0.3806766786,0.2652225357,0.3713585,0.36957275,0.3714641429,0.376019,0.03948341307,0.1469829464
767,769,770,0,0.3122025,2,0.3122025,0.3184335,0.3116325,0.370961,0.3768045,0.3000165,0.353296,0.3200985,0.3454075,0.3365125,0,0
768,-1,-1,-1,,1,0.269382,0.274135,0.285434,0.370944,0.357089,0.292402,0.334857,0.248407,0.349811,0.26467,,
768,-1,-1,-1,,1,0.355023,0.362732,0.337831,0.370978,0.39652,0.307631,0.371735,0.39179,0.341004,0.408355,,
767,772,785,3,0.3885475,26,0.3944821923,0.3722732308,0.351721,0.4714166538,0.3809745385,0.2625460769,0.3727479231,0.3733784615,0.3734685,0.3790579615,0.04356376231,0.165950326
771,773,774,0,0.304995,7,0.3376508571,0.2960045714,0.3586472857,0.381291,0.3397111429,0.2810518571,0.338279,0.3294888571,0.3456927143,0.3231447143,0,0.04289563305
772,-1,-1,-1,,1,0.291476,0.285248,0.380737,0.380927,0.289302,0.269148,0.26976,0.353019,0.31244,0.236746,,
772,775,776,0,0.320703,6,0.3453466667,0.2977973333,0.3549656667,0.3813516667,0.3481126667,0.2830358333,0.3496988333,0.3255671667,0.3512348333,0.3375445,0,0.04070353621
774,-1,-1,-1,,1,0.318514,0.334654,0.335644,0.375258,0.260984,0.289937,0.291311,0.257225,0.356137,0.268714,,
774,777,778,0,0.329712,5,0.3507132,0.290426,0.35883,0.3825704,0.3655384,0.2816556,0.3613764,0.3392356,0.3502544,0.3513106,0,0.03503042933
776,-1,-1,-1,,1,0.322892,0.206183,0.354493,0.382709,0.299407,0.274702,0.373284,0.262623,0.31782,0.263971,,
776,779,780,0,0.3437425,4,0.3576685,0.31148675,0.35991425,0.38253575,0.38207125,0.283394,0.3583995,0.35838875,0.358363,0.3731455,0,0.02777322649
778,-1,-1,-1,,1,0.336532,0.223583,0.342943,0.385585,0.340628,0.25345,0.292756,0.3558,0.294809,0.377423,,
778,781,782,0,0.35978,3,0.364714,0.340788,0.3655713333,0.3815193333,0.3958856667,0.2933753333,0.3802806667,0.3592516667,0.3795476667,0.3717196667,0,0.02915026974
780,-1,-1,-1,,1,0.350953,0.32105,0.365529,0.383031,0.38705,0.299507,0.350486,0.369918,0.338621,0.344816,,
780,783,784,0,0.3715945,2,0.3715945,0.350657,0.3655925,0.3807635,0.4003035,0.2903095,0.395178,0.3539185,0.400011,0.3851715,0,0
782,-1,-1,-1,,1,0.368607,0.357421,0.342979,0.387019,0.3551,0.274749,0.414227,0.307759,0.375997,0.334808,,
782,-1,-1,-1,,1,0.374582,0.343893,0.388206,0.374508,0.445507,0.30587,0.376129,0.400078,0.424025,0.435535,,
771,786,787,0,0.152437,19,0.4154200526,0.4003722105,0.3491692105,0.5046208421,0.3961768421,0.2557281579,0.385447,0.3895483158,0.3837016842,0.3996575789,0,0.1529812249
785,-1,-1,-1,,1,0.125659,0.95703,0.807924,0.777204,0.473033,0.26603,0.169782,0.523816,0.769838,0.660427,,
785,788,789,0,0.2333505,18,0.4315178889,0.3694467778,0.3236828333,0.4894773333,0.3919070556,0.2551558333,0.3974283889,0.382089,0.3622496667,0.3851703889,0,0.1376405031
787,-1,-1,-1,,1,0.179215,0.065098,0.099421,0.977046,0.204504,0.099943,0.743252,0.839474,0.042859,0.334918,,
787,790,791,0,0.292424,17,0.4463592353,0.3873496471,0.3368747059,0.4607968235,0.4029307647,0.264286,0.3770858235,0.355184,0.3810373529,0.3881264118,0,0.1395972501
789,-1,-1,-1,,1,0.287486,0.377204,0.329701,0.39417,0.234321,0.269327,0.230821,0.279962,0.291718,0.330727,,
789,792,793,0,0.300758,16,0.4562888125,0.38798375,0.3373230625,0.464961,0.413468875,0.2639709375,0.386227375,0.359885375,0.3866198125,0.391713875,0,0.1430470201
791,-1,-1,-1,,1,0.297362,0.308437,0.354969,0.409307,0.329816,0.267699,0.364464,0.39852,0.391884,0.352003,,
791,794,795,0,0.3111635,15,0.4668839333,0.3932868667,0.3361466667,0.4686712667,0.4190457333,0.2637224,0.3876782667,0.3573097333,0.3862688667,0.3943612667,0,0.1470463164
793,-1,-1,-1,,1,0.304154,0.367285,0.320627,0.390149,0.447272,0.30111,0.396245,0.330612,0.338861,0.369959,,
793,796,797,0,0.328749,14,0.4785075,0.3951441429,0.3372552143,0.47428,0.4170295714,0.2610518571,0.3870663571,0.3592167143,0.3896551429,0.3961042857,0,0.1501774716
795,-1,-1,-1,,1,0.318173,0.349789,0.296893,0.39911,0.303648,0.303113,0.240667,0.383031,0.316405,0.289313,,
795,798,799,0,0.3448055,13,0.4908409231,0.398633,0.34036,0.4800623077,0.4257512308,0.2578163846,0.3983278462,0.3573848462,0.3952897692,0.404319,0,0.1542179255
797,-1,-1,-1,,1,0.339325,0.306944,0.282707,0.424247,0.28173,0.284415,0.425373,0.376111,0.343308,0.309913,,
797,800,801,0,0.3503545,12,0.50346725,0.40627375,0.3451644167,0.4847135833,0.437753,0.2555998333,0.3960740833,0.3558243333,0.3996215833,0.4121861667,0,0.1582528928
799,-1,-1,-1,,1,0.350286,0.284174,0.375751,0.410989,0.278696,0.299209,0.352456,0.44491,0.350876,0.330203,,
799,802,803,0,0.3524375,11,0.5173928182,0.4173737273,0.3423838182,0.4914158182,0.4522127273,0.2516353636,0.4000393636,0.3477256364,0.404053,0.4196391818,0,0.1636984265
801,-1,-1,-1,,1,0.350423,0.393093,0.433033,0.403943,0.36103,0.286901,0.316885,0.339978,0.381466,0.336507,,
801,804,805,0,0.3589865,10,0.5340898,0.4198018,0.3333189,0.5001631,0.461331,0.2481088,0.4083548,0.3485004,0.4063117,0.4279524,0,0.1688907985
803,-1,-1,-1,,1,0.354452,0.335648,0.380989,0.454497,0.384333,0.280343,0.334836,0.397994,0.282978,0.261969,,
803,806,807,0,0.3661675,9,0.5540495556,0.4291522222,0.3280222222,0.5052371111,0.4698863333,0.2445272222,0.4165235556,0.3430011111,0.4200154444,0.446395,0,0.1752683165
805,-1,-1,-1,,1,0.363521,0.363539,0.30732,0.488301,0.33259,0.296578,0.335666,0.339687,0.294247,0.335854,,
805,808,809,0,0.3725225,8,0.577865625,0.437353875,0.33061,0.507354125,0.487048375,0.238020875,0.42663075,0.343415375,0.4357365,0.460212625,0,0.1824008948
807,-1,-1,-1,,1,0.368814,0.271034,0.347984,0.411566,0.355674,0.30127,0.385392,0.41923,0.393256,0.425845,,
807,810,811,0,0.3777845,7,0.6077301429,0.4611138571,0.328128,0.5210381429,0.5058161429,0.2289852857,0.432522,0.3325847143,0.4418051429,0.4651222857,0,0.1907521803
809,-1,-1,-1,,1,0.376231,0.380866,0.334131,0.390076,0.347527,0.270111,0.321848,0.36972,0.381873,0.404132,,
809,812,813,0,0.385788,6,0.6463133333,0.4744885,0.3271275,0.5428651667,0.5321976667,0.222131,0.4509676667,0.3263955,0.4517938333,0.4752873333,0,0.1982047316
811,-1,-1,-1,,1,0.379338,0.364499,0.356913,0.439585,0.339176,0.291315,0.273571,0.317886,0.348909,0.417483,,
811,814,815,0,0.395289,5,0.6997084,0.4964864,0.3211704,0.5635212,0.570802,0.2082942,0.486447,0.3280974,0.4723708,0.4868482,0,0.2009590734
813,-1,-1,-1,,1,0.392238,0.364292,0.364439,0.394178,0.366718,0.301947,0.27999,0.429775,0.346137,0.355633,,
813,816,817,0,0.597564,4,0.776576,0.529535,0.31035325,0.605857,0.621823,0.184881,0.53806125,0.302678,0.50392925,0.519652,0,0.19569482
815,-1,-1,-1,,1,0.39834,0.375243,0.366657,0.406584,0.392184,0.259859,0.417625,0.443432,0.347501,0.368075,,
815,818,819,0,0.8729115,3,0.9026546667,0.5809656667,0.2915853333,0.6722813333,0.6983693333,0.1598883333,0.5782066667,0.25576,0.556072,0.5701776667,0,0.1343703208
817,-1,-1,-1,,1,0.796788,0.620634,0.000946,0.900451,0.878819,0.308443,0.999172,0.090656,0.649863,0.241577,,
817,820,821,0,0.955588,2,0.955588,0.5611315,0.436905,0.5581965,0.6081445,0.085611,0.367724,0.338312,0.5091765,0.734478,0,0
819,-1,-1,-1,,1,0.949035,0.425086,0.423599,0.420571,0.544186,0.131684,0.216826,0.19919,0.78328,0.595146,,
819,-1,-1,-1,,1,0.962141,0.697177,0.450211,0.695822,0.672103,0.039538,0.518622,0.477434,0.235073,0.87381,,
740,823,824,0,0.282122,11,0.3445952727,0.3491033636,0.3472688182,0.3729470909,0.3470605455,0.3122430909,0.3524681818,0.3227145455,0.3225552727,0.3395655455,0,0.04667260861
822,-1,-1,-1,,1,0.271925,0.330364,0.355136,0.346295,0.331354,0.316754,0.300573,0.215229,0.271619,0.295448,,
822,825,826,0,0.302993,10,0.3518623,0.3509773,0.3464821,0.3756123,0.3486312,0.311792,0.3576577,0.3334631,0.3276489,0.3439773,0,0.04584662599
824,-1,-1,-1,,1,0.292319,0.318186,0.245114,0.426604,0.321943,0.310936,0.326076,0.283686,0.285968,0.295262,,
824,827,828,0,0.3146065,9,0.3584782222,0.3546207778,0.3577452222,0.3699465556,0.3515965556,0.3118871111,0.3611667778,0.3389938889,0.3322801111,0.3493901111,0,0.04189157718
826,-1,-1,-1,,1,0.313667,0.380552,0.334701,0.359294,0.321704,0.312923,0.368183,0.520347,0.32556,0.427856,,
826,829,830,0,0.3376765,8,0.364079625,0.351379375,0.36062575,0.371278125,0.355333125,0.311757625,0.36028975,0.31632475,0.333120125,0.339581875,0,0.03939317682
828,-1,-1,-1,,1,0.315546,0.320578,0.32186,0.356286,0.28714,0.314655,0.295999,0.304335,0.243988,0.262887,,
828,831,832,0,0.3604425,7,0.371013,0.3557795714,0.3661637143,0.3734198571,0.365075,0.3113437143,0.3694741429,0.3180375714,0.3458532857,0.3505382857,0,0.04219363446
830,-1,-1,-1,,1,0.359807,0.371036,0.384052,0.382704,0.360407,0.314888,0.36047,0.303657,0.362852,0.363775,,
830,833,834,0,0.3629105,6,0.3728806667,0.3532368333,0.3631823333,0.3718725,0.365853,0.310753,0.3709748333,0.3204343333,0.3430201667,0.3483321667,0,0.04094968667
832,-1,-1,-1,,1,0.361078,0.442976,0.374737,0.346661,0.407425,0.310078,0.322655,0.34083,0.303203,0.284154,,
832,835,836,0,0.366191,5,0.3752412,0.335289,0.3608714,0.3769148,0.3575386,0.310888,0.3806388,0.3163552,0.3509836,0.3611678,0,0.04167000683
834,-1,-1,-1,,1,0.364743,0.321317,0.327863,0.441212,0.381372,0.309944,0.445355,0.286431,0.368498,0.365877,,
834,837,838,0,0.36928,4,0.37786575,0.338782,0.3691235,0.3608405,0.35158025,0.311124,0.36445975,0.32383625,0.346605,0.3599905,0,0.04142664709
836,-1,-1,-1,,1,0.367639,0.310329,0.399431,0.351112,0.398401,0.310008,0.382695,0.348188,0.315338,0.446327,,
836,839,840,0,0.378,3,0.3812746667,0.3482663333,0.359021,0.3640833333,0.3359733333,0.311496,0.3583813333,0.315719,0.3570273333,0.3312116667,0,0.03065067486
838,-1,-1,-1,,1,0.370921,0.396419,0.393046,0.34453,0.314518,0.311152,0.357931,0.332183,0.436352,0.435169,,
838,841,842,0,0.3864515,2,0.3864515,0.32419,0.3420085,0.37386,0.346701,0.311668,0.3586065,0.307487,0.317365,0.279233,0,0
840,-1,-1,-1,,1,0.385079,0.282792,0.313985,0.365315,0.327109,0.309875,0.313274,0.277122,0.258597,0.277554,,
840,-1,-1,-1,,1,0.387824,0.365588,0.370032,0.382405,0.366293,0.313461,0.403939,0.337852,0.376133,0.280912,,
739,844,845,0,0.315019,6,0.357907,0.355725,0.3606673333,0.3765735,0.3152233333,0.3182871667,0.3559466667,0.328873,0.3428998333,0.3262185,0,0.03815507119
843,-1,-1,-1,,1,0.306055,0.300866,0.270382,0.364801,0.284977,0.318645,0.337793,0.218985,0.214736,0.306393,,
843,846,847,0,0.326696,5,0.3682774,0.3666968,0.3787244,0.378928,0.3212726,0.3182156,0.3595774,0.3508506,0.3685326,0.3301836,0,0.03473916958
845,-1,-1,-1,,1,0.323983,0.310499,0.320227,0.388913,0.311795,0.316755,0.321203,0.279052,0.332976,0.275514,,
845,848,849,0,0.356915,4,0.379351,0.38074625,0.39334875,0.37643175,0.323642,0.31858075,0.369171,0.36880025,0.37742175,0.343851,0,0.02640061415
847,-1,-1,-1,,1,0.329409,0.420392,0.331662,0.425066,0.338046,0.316877,0.362984,0.29879,0.323103,0.390593,,
847,850,851,0,0.3890285,3,0.3959983333,0.367531,0.413911,0.3602203333,0.3188406667,0.3191486667,0.3712333333,0.392137,0.395528,0.3282703333,0,0.01547871812
849,-1,-1,-1,,1,0.384421,0.397237,0.474232,0.359265,0.281013,0.320758,0.336705,0.404236,0.352164,0.290366,,
849,852,853,0,0.401787,2,0.401787,0.352678,0.3837505,0.360698,0.3377545,0.318344,0.3884975,0.3860875,0.41721,0.3472225,0,0
851,-1,-1,-1,,1,0.393636,0.352044,0.405314,0.375604,0.344858,0.316835,0.406071,0.379072,0.435628,0.377087,,
851,-1,-1,-1,,1,0.409938,0.353312,0.362187,0.345792,0.330651,0.319853,0.370924,0.393103,0.398792,0.317358,,
672,855,856,0,0.2629425,11,0.3391449091,0.3469987273,0.3520641818,0.3664700909,0.3659878182,0.3232628182,0.337433,0.3387397273,0.3448151818,0.3588523636,0,0.03839669968
854,-1,-1,-1,,1,0.225704,0.269213,0.319225,0.363843,0.278438,0.323995,0.29337,0.336397,0.233266,0.342777,,
854,857,858,0,0.3086875,10,0.350489,0.3547773,0.3553481,0.3667328,0.3747428,0.3231896,0.3418393,0.338974,0.3559701,0.3604599,0,0.03310568999
856,-1,-1,-1,,1,0.300181,0.328142,0.294449,0.335844,0.243447,0.322611,0.321119,0.259446,0.301919,0.265092,,
856,859,860,0,0.3246205,9,0.3560787778,0.3577367778,0.3621146667,0.3701648889,0.3893312222,0.3232538889,0.3441415556,0.3478104444,0.3619757778,0.3710563333,0,0.03336981313
858,-1,-1,-1,,1,0.317194,0.319347,0.403007,0.38793,0.388178,0.324068,0.321545,0.35903,0.329235,0.413595,,
858,861,862,0,0.33873,8,0.360939375,0.3625355,0.357003125,0.36794425,0.389475375,0.323152125,0.346966125,0.346408,0.366068375,0.365739,0,0.03417160185
860,-1,-1,-1,,1,0.332047,0.35571,0.371024,0.413123,0.35678,0.322465,0.31518,0.330005,0.341508,0.384592,,
860,863,864,0,0.347378,7,0.3650668571,0.3635105714,0.3550001429,0.3614901429,0.3941461429,0.3232502857,0.351507,0.3487512857,0.369577,0.3630457143,0,0.03442706506
862,-1,-1,-1,,1,0.345413,0.325886,0.334735,0.355001,0.381143,0.32097,0.348722,0.325525,0.354972,0.439975,,
862,865,866,0,0.352175,6,0.3683425,0.3697813333,0.3583776667,0.3625716667,0.3963133333,0.3236303333,0.3519711667,0.3526223333,0.3720111667,0.3502241667,0,0.03189826577
864,-1,-1,-1,,1,0.349343,0.313268,0.314608,0.336013,0.415192,0.323966,0.42455,0.296821,0.352377,0.310652,,
864,867,868,0,0.3571775,5,0.3721424,0.381084,0.3671316,0.3678834,0.3925376,0.3235632,0.3374554,0.3637826,0.375938,0.3581386,0,0.02902139698
866,-1,-1,-1,,1,0.355007,0.398705,0.393394,0.363358,0.486543,0.324067,0.354188,0.383679,0.379626,0.30422,,
866,869,870,0,0.365182,4,0.37642625,0.37667875,0.360566,0.36901475,0.36903625,0.32343725,0.33327225,0.3588085,0.375016,0.37161825,0,0.02898881831
868,-1,-1,-1,,1,0.359348,0.413771,0.385348,0.366828,0.31244,0.325313,0.350968,0.366772,0.363068,0.352992,,
868,871,872,0,0.373785,3,0.382119,0.3643146667,0.3523053333,0.3697436667,0.3879016667,0.322812,0.3273736667,0.356154,0.3789986667,0.377827,0,0.01778403858
870,-1,-1,-1,,1,0.371016,0.385828,0.376191,0.349435,0.378277,0.323173,0.280942,0.339951,0.470035,0.362921,,
870,873,874,0,0.3876705,2,0.3876705,0.353558,0.3403625,0.379898,0.392714,0.3226315,0.3505895,0.3642555,0.3334805,0.38528,0,0
872,-1,-1,-1,,1,0.376554,0.374614,0.368072,0.378354,0.39167,0.321984,0.386658,0.36121,0.356149,0.3852,,
872,-1,-1,-1,,1,0.398787,0.332502,0.312653,0.381442,0.393758,0.323279,0.314521,0.367301,0.310812,0.38536,,
563,876,997,2,0.421279,68,0.3561134853,0.3479117941,0.3514158382,0.3525098824,0.3444351324,0.3363809853,0.3474893824,0.3449017059,0.35078125,0.3459044118,0.0440596088,0.02860887686
875,877,984,1,0.399254,61,0.3550602623,0.3440092131,0.3406887377,0.3502616885,0.3444687869,0.3364942623,0.3478013443,0.3427319836,0.3475908197,0.3451700164,0.04438584256,0.02886517663
876,878,973,4,0.3916715,54,0.3563720185,0.3339405,0.3371437222,0.3506232037,0.3411885926,0.3367235185,0.3467981481,0.3416189259,0.3476771481,0.3434803704,0.04396923685,0.02892394465
877,879,886,0,0.2705845,48,0.3519888958,0.332472375,0.33350525,0.3509655625,0.3298778333,0.3366054167,0.3431870208,0.3371027917,0.346266125,0.3429965208,0.02839508202,0.04264730323
878,880,881,0,0.2156705,4,0.23692,0.317062,0.27027175,0.36125175,0.32472275,0.33784675,0.352605,0.299977,0.31169375,0.30295275,0,0.02394602709
879,-1,-1,-1,,1,0.207735,0.278678,0.220871,0.369251,0.318897,0.340631,0.424629,0.276295,0.323862,0.325736,,
879,882,883,0,0.236777,3,0.2466483333,0.3298566667,0.2867386667,0.3585853333,0.3266646667,0.3369186667,0.328597,0.307871,0.3076376667,0.2953583333,0,0.02241153071
881,-1,-1,-1,,1,0.223606,0.324758,0.261147,0.372524,0.318207,0.345524,0.288431,0.272487,0.322319,0.307131,,
881,884,885,0,0.2581695,2,0.2581695,0.332406,0.2995345,0.351616,0.3308935,0.332616,0.34868,0.325563,0.300297,0.289472,0,0
883,-1,-1,-1,,1,0.249948,0.281365,0.295366,0.356879,0.304996,0.326125,0.328306,0.300139,0.29062,0.268568,,
883,-1,-1,-1,,1,0.266391,0.383447,0.303703,0.346353,0.356791,0.339107,0.369054,0.350987,0.309974,0.310376,,
878,887,956,4,0.367449,44,0.3624497045,0.3338733182,0.33925375,0.3500304545,0.3303464773,0.3364925682,0.3423308409,0.3404778636,0.3494090682,0.3466368636,0.04375960232,0.02802021528
886,888,893,4,0.265153,35,0.3567905429,0.3321521714,0.3336988,0.3503730571,0.3174744571,0.3368292,0.3374910857,0.3322287143,0.3447434,0.3451934857,0.02167276762,0.04341729992
887,889,890,0,0.3112215,3,0.3192566667,0.3230553333,0.2912073333,0.3356983333,0.235099,0.335506,0.3063213333,0.2892833333,0.2907396667,0.354746,0,0.01952723092
888,-1,-1,-1,,1,0.294096,0.353611,0.303836,0.348953,0.250244,0.330644,0.339067,0.289049,0.276157,0.325248,,
888,891,892,0,0.331837,2,0.331837,0.3077775,0.284893,0.329071,0.2275265,0.337937,0.2899485,0.2894005,0.298031,0.369495,0,0
890,-1,-1,-1,,1,0.328347,0.294499,0.326427,0.339894,0.205657,0.331198,0.273367,0.305109,0.282562,0.391805,,
890,-1,-1,-1,,1,0.335327,0.321056,0.243359,0.318248,0.249396,0.344676,0.30653,0.273692,0.3135,0.347185,,
887,894,949,2,0.3881555,32,0.3603093438,0.333005,0.337682375,0.3517488125,0.3251971562,0.33695325,0.34041325,0.3362548437,0.34980625,0.3442979375,0.04419727494,0.02446849002
893,895,898,7,0.267901,28,0.3591651071,0.3344884286,0.3301992143,0.3552535,0.3264262857,0.3365403214,0.3347217857,0.3387491786,0.3443999643,0.3425743571,0.02019978845,0.04315589479
894,896,897,0,0.3652505,2,0.3652505,0.2911365,0.281257,0.3155655,0.2988435,0.338222,0.2992425,0.243718,0.289817,0.269012,0,0
895,-1,-1,-1,,1,0.334576,0.303349,0.24975,0.311057,0.301227,0.341309,0.291582,0.258334,0.325682,0.289097,,
895,-1,-1,-1,,1,0.395925,0.278924,0.312764,0.320074,0.29646,0.335135,0.306903,0.229102,0.253952,0.248927,,
894,899,902,4,0.299429,26,0.358697,0.3378231923,0.333964,0.3583064231,0.3285480385,0.3364109615,0.3374509615,0.3460592692,0.3485986538,0.348233,0.0158492165,0.04404620899
898,900,901,0,0.374219,2,0.374219,0.37084,0.369476,0.364622,0.295585,0.3343525,0.336873,0.370012,0.3747325,0.3122715,0,0
899,-1,-1,-1,,1,0.338859,0.384146,0.366182,0.346071,0.292886,0.328074,0.343437,0.37437,0.352162,0.322826,,
899,-1,-1,-1,,1,0.409579,0.357534,0.37277,0.383173,0.298284,0.340631,0.330309,0.365654,0.397303,0.301717,,
898,903,944,9,0.4140765,24,0.3574035,0.3350717917,0.3310046667,0.357780125,0.3312949583,0.3365825,0.337499125,0.3440632083,0.3464208333,0.3512297917,0.04479216212,0.0212357663
902,904,907,1,0.256313,21,0.3552069048,0.3303576667,0.3281895714,0.3570804762,0.332635381,0.3363746667,0.3346957619,0.3452678571,0.349886381,0.3400739048,0.02307827871,0.04281311021
903,905,906,0,0.2994,2,0.2994,0.200822,0.3391885,0.3343585,0.335241,0.3352125,0.282004,0.3232345,0.291541,0.307974,0,0
904,-1,-1,-1,,1,0.293032,0.172255,0.342225,0.310458,0.333182,0.32657,0.325183,0.359063,0.276766,0.286911,,
904,-1,-1,-1,,1,0.305768,0.229389,0.336152,0.358259,0.3373,0.343855,0.238825,0.287406,0.306316,0.329037,,
903,908,909,0,0.292699,19,0.3610813158,0.343993,0.3270317895,0.3594722632,0.3323611053,0.336497,0.3402422632,0.3475871579,0.356028,0.3434528421,0,0.04279427385
907,-1,-1,-1,,1,0.274778,0.365718,0.287713,0.394255,0.335815,0.337911,0.275434,0.361279,0.342731,0.294611,,
907,910,911,0,0.313208,18,0.3658759444,0.3427860556,0.3292161667,0.3575398889,0.3321692222,0.3364184444,0.3438427222,0.3468265,0.3567667222,0.3461662778,0,0.04248009899
909,-1,-1,-1,,1,0.31062,0.338536,0.373528,0.317245,0.31317,0.327151,0.440371,0.277468,0.358312,0.365179,,
909,912,913,0,0.3207345,17,0.3691262941,0.3430360588,0.3266095882,0.3599101765,0.3332868235,0.3369635882,0.3381645882,0.3509064118,0.3566758235,0.3450478824,0,0.04275002772
911,-1,-1,-1,,1,0.315796,0.390037,0.364182,0.369749,0.326074,0.334587,0.303286,0.288458,0.392374,0.367622,,
911,914,915,0,0.3268555,16,0.3724594375,0.3400985,0.3242613125,0.35929525,0.333737625,0.337112125,0.3403445,0.3548094375,0.3544446875,0.343637,0,0.04142676187
913,-1,-1,-1,,1,0.325673,0.337667,0.228486,0.313859,0.351437,0.33877,0.295944,0.343654,0.255949,0.258479,,
913,916,917,0,0.3384015,15,0.3755785333,0.3402606,0.3306463333,0.3623243333,0.3325576667,0.3370016,0.3433045333,0.3555531333,0.3610110667,0.3493142,0,0.04070622447
915,-1,-1,-1,,1,0.328038,0.299319,0.361741,0.316075,0.36206,0.329431,0.349822,0.455103,0.298429,0.393034,,
915,918,919,0,0.350781,14,0.3789742857,0.343185,0.3284252857,0.3656278571,0.3304503571,0.3375423571,0.342839,0.3484424286,0.3654812143,0.3461913571,0,0.04034396946
917,-1,-1,-1,,1,0.348765,0.398994,0.261922,0.421868,0.349283,0.345773,0.378802,0.350782,0.39698,0.414047,,
917,920,921,0,0.353297,13,0.3812980769,0.338892,0.3335409231,0.3613016923,0.3290016923,0.3369092308,0.3400726154,0.3482624615,0.3630582308,0.3409716923,0,0.04079263839
919,-1,-1,-1,,1,0.352797,0.371425,0.385199,0.401736,0.303723,0.333192,0.296894,0.323843,0.33996,0.375187,,
919,922,923,0,0.3545145,12,0.3836731667,0.3361809167,0.3292360833,0.3579321667,0.33110825,0.337219,0.3436708333,0.3502974167,0.3649830833,0.3381204167,0,0.04045370816
921,-1,-1,-1,,1,0.353797,0.320863,0.302145,0.396895,0.328289,0.341274,0.366417,0.38175,0.457203,0.406058,,
921,924,925,0,0.356163,11,0.3863891818,0.3375734545,0.3316989091,0.3543900909,0.3313645455,0.3368503636,0.341603,0.3474380909,0.3565994545,0.3319442727,0,0.04111261872
923,-1,-1,-1,,1,0.355232,0.374,0.33525,0.327291,0.314245,0.346391,0.352151,0.34025,0.345983,0.411235,,
923,926,927,0,0.360103,10,0.3895049,0.3339308,0.3313438,0.3571,0.3330765,0.3358963,0.3405482,0.3481569,0.3576611,0.3240152,0,0.04232663908
925,-1,-1,-1,,1,0.357094,0.358236,0.331612,0.364128,0.304571,0.333946,0.307049,0.33016,0.382132,0.274465,,
925,928,929,0,0.3645015,9,0.3931061111,0.3312302222,0.331314,0.3563191111,0.3362437778,0.336113,0.3442703333,0.3501565556,0.3549421111,0.3295207778,0,0.04343017256
927,-1,-1,-1,,1,0.363112,0.283237,0.329878,0.337756,0.300574,0.335457,0.311329,0.315781,0.320953,0.298687,,
927,930,931,0,0.3704265,8,0.396855375,0.337229375,0.3314935,0.3586395,0.3407025,0.336195,0.348388,0.3544535,0.35919075,0.333375,0,0.04210503772
929,-1,-1,-1,,1,0.365891,0.363905,0.387919,0.378083,0.302261,0.347209,0.349552,0.395539,0.240833,0.363661,,
929,932,933,0,0.376869,7,0.4012788571,0.3334185714,0.3234327143,0.3558618571,0.3461941429,0.3346215714,0.3482217143,0.3485841429,0.376099,0.3290484286,0,0.04115469847
931,-1,-1,-1,,1,0.374962,0.323005,0.384319,0.395918,0.358185,0.330053,0.267955,0.427327,0.359569,0.337491,,
931,934,935,0,0.3813145,6,0.405665,0.3351541667,0.313285,0.3491858333,0.3441956667,0.335383,0.3615995,0.3354603333,0.378854,0.3276413333,0,0.0357967155
933,-1,-1,-1,,1,0.378776,0.290698,0.219108,0.308917,0.366402,0.339555,0.266512,0.306315,0.412769,0.2467,,
933,936,937,0,0.389557,5,0.4110428,0.3440454,0.3321204,0.3572396,0.3397544,0.3345486,0.380617,0.3412894,0.372071,0.3438296,0,0.03598097548
935,-1,-1,-1,,1,0.383853,0.335282,0.354486,0.336052,0.361776,0.333214,0.330234,0.284987,0.412048,0.360246,,
935,938,939,0,0.40578,4,0.41784025,0.34623625,0.326529,0.3625365,0.334249,0.33488225,0.39321275,0.355365,0.36207675,0.3397255,0,0.03646783454
937,-1,-1,-1,,1,0.395261,0.318592,0.305956,0.392124,0.354936,0.339308,0.415431,0.391618,0.376788,0.401947,,
937,940,941,0,0.4163355,3,0.4253666667,0.355451,0.3333866667,0.352674,0.3273533333,0.333407,0.3858066667,0.3432806667,0.357173,0.318985,0,0.02370353187
939,-1,-1,-1,,1,0.416299,0.368127,0.362731,0.371849,0.331317,0.345531,0.479885,0.418667,0.41113,0.324187,,
939,942,943,0,0.4299005,2,0.4299005,0.349113,0.3187145,0.3430865,0.3253715,0.327345,0.3387675,0.3055875,0.3301945,0.316384,0,0
941,-1,-1,-1,,1,0.416372,0.332764,0.295627,0.340588,0.304093,0.326948,0.314425,0.280966,0.33838,0.262437,,
941,-1,-1,-1,,1,0.443429,0.365462,0.341802,0.345585,0.34665,0.327742,0.36311,0.330209,0.322009,0.370331,,
902,945,946,0,0.359851,3,0.3727796667,0.3680706667,0.3507103333,0.3626776667,0.321912,0.3380373333,0.3571226667,0.3356306667,0.322162,0.429321,0,0.01298699353
944,-1,-1,-1,,1,0.358846,0.356216,0.318542,0.412048,0.32036,0.332501,0.382843,0.352522,0.280305,0.414106,,
944,947,948,0,0.3797465,2,0.3797465,0.373998,0.3667945,0.3379925,0.322688,0.3408055,0.3442625,0.327185,0.3430905,0.4369285,0,0
946,-1,-1,-1,,1,0.360856,0.359387,0.365971,0.359802,0.323579,0.346589,0.336725,0.313097,0.3606,0.430307,,
946,-1,-1,-1,,1,0.398637,0.388609,0.367618,0.316183,0.321797,0.335022,0.3518,0.341273,0.325581,0.44355,,
893,950,951,0,0.340892,4,0.368319,0.322621,0.3900645,0.327216,0.31659325,0.33984375,0.3802535,0.3187945,0.38765025,0.356363,0,0.02041020989
949,-1,-1,-1,,1,0.337157,0.351524,0.390734,0.316623,0.337041,0.340952,0.419716,0.365428,0.360376,0.398481,,
949,952,953,0,0.363306,3,0.3787063333,0.3129866667,0.3898413333,0.330747,0.3097773333,0.3394743333,0.3670993333,0.30325,0.3967416667,0.3423236667,0,0.0115293757
951,-1,-1,-1,,1,0.344627,0.336365,0.390693,0.313724,0.280062,0.332985,0.384264,0.298062,0.430179,0.295462,,
951,954,955,0,0.395746,2,0.395746,0.3012975,0.3894155,0.3392585,0.324635,0.342719,0.358517,0.305844,0.380023,0.3657545,0,0
953,-1,-1,-1,,1,0.381985,0.279915,0.390439,0.345567,0.334061,0.337863,0.349841,0.303146,0.371479,0.346419,,
953,-1,-1,-1,,1,0.409507,0.32268,0.388392,0.33295,0.315209,0.347575,0.367193,0.308542,0.388567,0.38509,,
886,957,958,0,0.340842,9,0.3844575556,0.3405666667,0.3608563333,0.3486981111,0.3804043333,0.3351834444,0.3611521111,0.3725578889,0.3675533333,0.35225,0,0.02712900384
956,-1,-1,-1,,1,0.335229,0.322707,0.366662,0.414996,0.390797,0.3453,0.409924,0.35593,0.352131,0.366361,,
956,959,960,0,0.3507945,8,0.390611125,0.342799125,0.360130625,0.340410875,0.37910525,0.333918875,0.355055625,0.374636375,0.369481125,0.350486125,0,0.02453990163
958,-1,-1,-1,,1,0.346455,0.346211,0.345061,0.325926,0.378745,0.33537,0.32034,0.435774,0.346158,0.432621,,
958,961,962,0,0.3698065,7,0.3969191429,0.3423117143,0.3622834286,0.3424801429,0.3791567143,0.3337115714,0.360015,0.3659024286,0.372813,0.3387525714,0,0.02389583258
960,-1,-1,-1,,1,0.355134,0.326291,0.359903,0.338712,0.389715,0.338029,0.400935,0.350584,0.321289,0.331705,,
960,963,964,0,0.38542,6,0.4038833333,0.3449818333,0.3626801667,0.3431081667,0.377397,0.332992,0.353195,0.3684555,0.3814003333,0.3399271667,0,0.02513681616
962,-1,-1,-1,,1,0.384479,0.37739,0.3769,0.353554,0.377823,0.338194,0.340137,0.36082,0.396285,0.342632,,
962,965,966,0,0.3885665,5,0.4077642,0.3385002,0.3598362,0.341019,0.3773118,0.3319516,0.3558066,0.3699826,0.3784234,0.3393862,0,0.02664928237
964,-1,-1,-1,,1,0.386361,0.360823,0.339813,0.329075,0.389307,0.326593,0.368032,0.343616,0.373737,0.336341,,
964,967,968,0,0.3932335,4,0.413115,0.3329195,0.364842,0.344005,0.374313,0.33329125,0.35275025,0.37657425,0.379595,0.3401475,0,0.02623274305
966,-1,-1,-1,,1,0.390772,0.304136,0.357856,0.343977,0.377948,0.328781,0.351831,0.355295,0.440759,0.354887,,
966,969,970,0,0.411399,3,0.4205626667,0.342514,0.3671706667,0.3440143333,0.3731013333,0.3347946667,0.3530566667,0.3836673333,0.359207,0.3352343333,0,0.02573205838
968,-1,-1,-1,,1,0.395695,0.323169,0.391914,0.32074,0.368496,0.331758,0.368414,0.428411,0.337305,0.341566,,
968,971,972,0,0.4329965,2,0.4329965,0.3521865,0.354799,0.3556515,0.375404,0.336313,0.345378,0.3612955,0.370158,0.3320685,0,0
970,-1,-1,-1,,1,0.427103,0.366874,0.394352,0.35256,0.369765,0.336294,0.334632,0.417759,0.395606,0.360598,,
970,-1,-1,-1,,1,0.43889,0.337499,0.315246,0.358743,0.381043,0.336332,0.356124,0.304832,0.34471,0.303539,,
877,974,975,0,0.3512745,6,0.391437,0.3456855,0.3662515,0.3478843333,0.4316746667,0.3376683333,0.3756871667,0.377748,0.3589653333,0.3473511667,0,0.02782104589
973,-1,-1,-1,,1,0.328046,0.368368,0.323126,0.318516,0.413819,0.343897,0.357739,0.367158,0.32629,0.368903,,
973,976,977,0,0.3844515,5,0.4041152,0.341149,0.3748766,0.353758,0.4352458,0.3364226,0.3792768,0.379866,0.3655004,0.3430408,0,0.02675393448
975,-1,-1,-1,,1,0.374503,0.325803,0.361535,0.402791,0.425053,0.328948,0.369649,0.441256,0.367785,0.324747,,
975,978,979,0,0.398621,4,0.41151825,0.3449855,0.378212,0.34149975,0.437794,0.33829125,0.38168375,0.3645185,0.36492925,0.34761425,0,0.02835986164
977,-1,-1,-1,,1,0.3944,0.369285,0.353515,0.33722,0.460949,0.338956,0.356056,0.351097,0.387096,0.347152,,
977,980,981,0,0.409991,3,0.4172243333,0.3368856667,0.3864443333,0.3429263333,0.4300756667,0.3380696667,0.3902263333,0.3689923333,0.3575403333,0.3477683333,0,0.02982811887
979,-1,-1,-1,,1,0.402842,0.339812,0.397617,0.354722,0.392546,0.345226,0.354814,0.369227,0.385898,0.332754,,
979,982,983,0,0.4244155,2,0.4244155,0.3354225,0.380858,0.3370285,0.4488405,0.3344915,0.4079325,0.368875,0.3433615,0.3552755,0,0
981,-1,-1,-1,,1,0.41714,0.319714,0.3983,0.311096,0.46924,0.335747,0.392169,0.382291,0.376091,0.279755,,
981,-1,-1,-1,,1,0.431691,0.351131,0.363416,0.362961,0.428441,0.333236,0.423696,0.355459,0.310632,0.430796,,
876,985,986,0,0.319332,7,0.344941,0.4216821429,0.368036,0.3474728571,0.3697731429,0.3347257143,0.3555402857,0.3513184286,0.3469248571,0.3582044286,0,0.02917555319
984,-1,-1,-1,,1,0.317526,0.41626,0.386962,0.319563,0.412459,0.32894,0.325653,0.356275,0.308043,0.35475,,
984,987,988,0,0.322403,6,0.3495101667,0.4225858333,0.3648816667,0.3521245,0.3626588333,0.33569,0.3605215,0.3504923333,0.3534051667,0.3587801667,0,0.02635190105
986,-1,-1,-1,,1,0.321138,0.459317,0.404108,0.376068,0.408934,0.332589,0.373443,0.393348,0.40556,0.408635,,
986,989,990,0,0.3402215,5,0.3551846,0.4152396,0.3570364,0.3473358,0.3534038,0.3363102,0.3579372,0.3419212,0.3429742,0.3488092,0,0.02471115834
988,-1,-1,-1,,1,0.323668,0.399514,0.289057,0.345118,0.371951,0.34274,0.368304,0.341531,0.343119,0.39213,,
988,991,992,0,0.360705,4,0.36306375,0.419171,0.37403125,0.34789025,0.348767,0.33470275,0.3553455,0.34201875,0.342938,0.337979,0,0.02164581539
990,-1,-1,-1,,1,0.356775,0.402675,0.350455,0.364495,0.336506,0.325399,0.430515,0.336476,0.347687,0.31165,,
990,993,994,0,0.3649435,3,0.36516,0.4246696667,0.38189,0.3423553333,0.352854,0.337804,0.330289,0.3438663333,0.341355,0.3467553333,0,0.02179920934
992,-1,-1,-1,,1,0.364635,0.422857,0.409318,0.325709,0.368159,0.340391,0.320325,0.324023,0.306,0.342531,,
992,995,996,0,0.3654225,2,0.3654225,0.425576,0.368176,0.3506785,0.3452015,0.3365105,0.335271,0.353788,0.3590325,0.3488675,0,0
994,-1,-1,-1,,1,0.365252,0.406918,0.396431,0.326982,0.329659,0.328037,0.373686,0.371265,0.36592,0.318833,,
994,-1,-1,-1,,1,0.365593,0.444234,0.339921,0.374375,0.360744,0.344984,0.296856,0.336311,0.352145,0.378902,,
875,998,999,0,0.342728,7,0.3652915714,0.38192,0.4448948571,0.3721012857,0.3441418571,0.3353938571,0.3447708571,0.3638092857,0.3785835714,0.3523041429,0,0.02512972409
997,-1,-1,-1,,1,0.338832,0.404463,0.447414,0.400732,0.313716,0.335793,0.262154,0.375365,0.331398,0.419274,,
997,1000,1001,0,0.351893,6,0.3697015,0.3781628333,0.444475,0.3673295,0.3492128333,0.3353273333,0.3585403333,0.3618833333,0.3864478333,0.3411425,0,0.02501684827
999,-1,-1,-1,,1,0.346624,0.402423,0.441638,0.363495,0.299331,0.3299,0.330702,0.372305,0.362021,0.322259,,
999,1002,1003,0,0.3607665,5,0.374317,0.3733108,0.4450424,0.3680964,0.3591892,0.3364128,0.364108,0.359799,0.3913332,0.3449192,0,0.02456075371
1001,-1,-1,-1,,1,0.357162,0.378394,0.444188,0.376347,0.346726,0.334491,0.414718,0.325694,0.367374,0.374648,,
1001,1004,1005,0,0.368015,4,0.37860575,0.37204,0.445256,0.36603375,0.362305,0.33689325,0.3514555,0.36832525,0.397323,0.337487,0,0.02325893475
1003,-1,-1,-1,,1,0.364371,0.379273,0.436051,0.321615,0.369783,0.326158,0.309906,0.383432,0.429971,0.316979,,
1003,1006,1007,0,0.3750305,3,0.3833506667,0.369629,0.4483243333,0.38084,0.3598123333,0.3404716667,0.3653053333,0.3632896667,0.3864403333,0.344323,0,0.01844535833
1005,-1,-1,-1,,1,0.371659,0.401253,0.442384,0.371024,0.35941,0.348674,0.35844,0.382554,0.367751,0.408974,,
1005,1008,1009,0,0.3891965,2,0.3891965,0.353817,0.4512945,0.385748,0.3600135,0.3363705,0.368738,0.3536575,0.395785,0.3119975,0,0
1007,-1,-1,-1,,1,0.378402,0.375373,0.43324,0.392064,0.366899,0.325598,0.367363,0.321704,0.373956,0.340147,,
1007,-1,-1,-1,,1,0.399991,0.332261,0.469349,0.379432,0.353128,0.347143,0.370113,0.385611,0.417614,0.283848,,
562,1011,1182,1,0.37992,96,0.3443223021,0.3439002813,0.3524218646,0.3644837396,0.3589788333,0.3651378229,0.3445458229,0.3510106979,0.3516821771,0.3516385104,0.04227226098,0.03171438703
1010,1012,1165,6,0.3936045,86,0.3440908605,0.3370772674,0.350446407,0.3629484884,0.3590896512,0.3650558837,0.3438673837,0.3501833721,0.3504419419,0.353870314,0.04229631609,0.03179572773
1011,1013,1150,5,0.377791,77,0.3434137403,0.3380505714,0.3477772078,0.3625686883,0.3575682078,0.3646178182,0.3349108182,0.3513568831,0.3505352597,0.3538984675,0.04308423021,0.03155995059
1012,1014,1025,5,0.350612,69,0.3412498261,0.3383414058,0.3502347536,0.3634144638,0.3581445362,0.3628016087,0.3330942464,0.3508009565,0.3510853043,0.3513372029,0.03410806473,0.04354552175
1013,1015,1016,0,0.3072495,6,0.348716,0.3403508333,0.3432306667,0.3617816667,0.3591481667,0.3498678333,0.3646671667,0.3444918333,0.3588945,0.3847716667,0,0.03396870614
1014,-1,-1,-1,,1,0.301229,0.37335,0.300113,0.402224,0.354681,0.350398,0.354549,0.291104,0.344396,0.376513,,
1014,1017,1018,0,0.3372935,5,0.3582134,0.333751,0.3518542,0.3536932,0.3600416,0.3497618,0.3666908,0.3551694,0.3617942,0.3864234,0,0.03467085133
1016,-1,-1,-1,,1,0.31327,0.300203,0.293379,0.36481,0.367511,0.350113,0.348702,0.339905,0.352346,0.403705,,
1016,1019,1020,0,0.362206,4,0.36944925,0.342138,0.366473,0.350914,0.35817425,0.349674,0.371188,0.3589855,0.36415625,0.382103,0,0.03616908898
1018,-1,-1,-1,,1,0.361317,0.347745,0.314977,0.346058,0.364899,0.349961,0.377832,0.345328,0.304814,0.389653,,
1018,1021,1022,0,0.3655305,3,0.37216,0.340269,0.3836383333,0.3525326667,0.3559326667,0.3495783333,0.3689733333,0.363538,0.383937,0.3795863333,0,0.0253193739
1020,-1,-1,-1,,1,0.363095,0.30401,0.329882,0.385475,0.455038,0.349587,0.358589,0.399965,0.369949,0.351438,,
1020,1023,1024,0,0.3766925,2,0.3766925,0.3583985,0.4105165,0.3360615,0.30638,0.349574,0.3741655,0.3453245,0.390931,0.3936605,0,0
1022,-1,-1,-1,,1,0.367966,0.367907,0.38016,0.319355,0.315048,0.349303,0.363883,0.299981,0.438872,0.416204,,
1022,-1,-1,-1,,1,0.385419,0.34889,0.440873,0.352768,0.297712,0.349845,0.384448,0.390668,0.34299,0.371117,,
1013,1026,1037,8,0.2715895,63,0.3405387619,0.3381500317,0.3509018095,0.3635699683,0.3580489524,0.3640333968,0.3300873016,0.3514018254,0.3503415714,0.3481529683,0.0344162185,0.04142253286
1025,1027,1028,0,0.2473575,6,0.3012083333,0.3114898333,0.3042321667,0.3399555,0.3297561667,0.3604765,0.308822,0.308188,0.2513026667,0.2848338333,0,0.03318785835
1026,-1,-1,-1,,1,0.225953,0.286403,0.370319,0.347461,0.353064,0.377209,0.297298,0.295803,0.21298,0.290847,,
1026,1029,1030,0,0.271936,5,0.3162594,0.3165072,0.2910148,0.3384544,0.3250946,0.35713,0.3111268,0.310665,0.2589672,0.2836312,0,0.03089496326
1028,-1,-1,-1,,1,0.268762,0.34632,0.294668,0.404185,0.330321,0.355828,0.339098,0.344118,0.269712,0.346788,,
1028,1031,1032,0,0.2938825,4,0.32813375,0.309054,0.2901015,0.32202175,0.323788,0.3574555,0.304134,0.30230175,0.256281,0.267842,0,0.02777591036
1030,-1,-1,-1,,1,0.27511,0.26928,0.308656,0.308066,0.330269,0.360395,0.270705,0.338422,0.270279,0.207221,,
1030,1033,1034,0,0.326998,3,0.3458083333,0.322312,0.2839166667,0.3266736667,0.3216276667,0.3564756667,0.315277,0.2902616667,0.251615,0.288049,0,0.02430447272
1032,-1,-1,-1,,1,0.312655,0.373792,0.319317,0.325272,0.343511,0.356867,0.28876,0.315781,0.259948,0.313477,,
1032,1035,1036,0,0.362385,2,0.362385,0.296572,0.2662165,0.3273745,0.310686,0.35628,0.3285355,0.277502,0.2474485,0.275335,0,0
1034,-1,-1,-1,,1,0.341341,0.330973,0.276496,0.311463,0.35315,0.351657,0.350753,0.238994,0.257118,0.28057,,
1034,-1,-1,-1,,1,0.383429,0.262171,0.255937,0.343286,0.268222,0.360903,0.306318,0.31601,0.237779,0.2701,,
1025,1038,1047,3,0.318755,57,0.344678807,0.3409563684,0.3558144035,0.3660557018,0.3610271404,0.364407807,0.3323257544,0.3559506491,0.3607667193,0.3548181404,0.02873484287,0.04154917456
1037,1039,1040,0,0.3456505,5,0.372096,0.3481904,0.3896936,0.3145396,0.333373,0.3630502,0.3359176,0.3457572,0.3748746,0.392705,0,0.02894561187
1038,-1,-1,-1,,1,0.325579,0.356391,0.382255,0.317812,0.369725,0.361505,0.351051,0.328205,0.413247,0.368498,,
1038,1041,1042,0,0.369276,4,0.38372525,0.34614025,0.39155325,0.3137215,0.324285,0.3634365,0.33213425,0.35014525,0.3652815,0.39875675,0,0.02537511532
1040,-1,-1,-1,,1,0.365722,0.374455,0.390897,0.310732,0.296866,0.353545,0.340958,0.40835,0.37612,0.327484,,
1040,1043,1044,0,0.3805505,3,0.3897263333,0.336702,0.391772,0.314718,0.3334246667,0.3667336667,0.329193,0.3307436667,0.3616686667,0.4225143333,0,0.01421166745
1042,-1,-1,-1,,1,0.37283,0.344702,0.413146,0.317847,0.322798,0.372212,0.303391,0.330474,0.425513,0.489477,,
1042,1045,1046,0,0.3981745,2,0.3981745,0.332702,0.381085,0.3131535,0.338738,0.3639945,0.342094,0.3308785,0.3297465,0.389033,0,0
1044,-1,-1,-1,,1,0.388271,0.323081,0.387078,0.314545,0.349113,0.360173,0.350213,0.340432,0.365909,0.374748,,
1044,-1,-1,-1,,1,0.408078,0.342323,0.375092,0.311762,0.328363,0.367816,0.333975,0.321325,0.293584,0.403318,,
1037,1048,1057,5,0.35234,52,0.3420425385,0.3402607885,0.3525567885,0.3710091731,0.3636861923,0.3645383462,0.3319803846,0.3569307885,0.3594101923,0.3511751731,0.03263314309,0.04189842661
1047,1049,1050,0,0.3376465,5,0.354282,0.310766,0.3505478,0.3602914,0.3206758,0.3513908,0.3357004,0.354064,0.3647654,0.3682006,0,0.03049423899
1048,-1,-1,-1,,1,0.337366,0.259985,0.340086,0.337195,0.383911,0.35147,0.37639,0.386325,0.404071,0.401251,,
1048,1051,1052,0,0.345806,4,0.358511,0.32346125,0.35316325,0.3660655,0.304867,0.351371,0.325528,0.34599875,0.354939,0.359938,0,0.0264453223
1050,-1,-1,-1,,1,0.337927,0.256937,0.280244,0.345671,0.287697,0.350899,0.296463,0.330498,0.367021,0.367224,,
1050,1053,1054,0,0.3577095,3,0.3653723333,0.345636,0.3774696667,0.3728636667,0.3105903333,0.3515283333,0.3352163333,0.3511656667,0.3509116667,0.3575093333,0,0.02553468955
1052,-1,-1,-1,,1,0.353685,0.372686,0.360373,0.401606,0.329444,0.350826,0.330441,0.323731,0.314559,0.38673,,
1052,1055,1056,0,0.371216,2,0.371216,0.332111,0.386018,0.3584925,0.3011635,0.3518795,0.337604,0.364883,0.369088,0.342899,0,0
1054,-1,-1,-1,,1,0.361734,0.355538,0.423637,0.354689,0.292384,0.351807,0.390469,0.334431,0.361993,0.318356,,
1054,-1,-1,-1,,1,0.380698,0.308684,0.348399,0.362296,0.309943,0.351952,0.284739,0.395335,0.376183,0.367442,,
1047,1058,1141,1,0.373988,47,0.3407404681,0.3433985319,0.3527705106,0.3721493617,0.368261766,0.3659370213,0.3315846383,0.357235766,0.3588404894,0.3493639574,0.04192449777,0.03292458818
1057,1059,1132,9,0.404141,42,0.3393702619,0.3393630238,0.3557655476,0.368048619,0.3689424286,0.365624619,0.3271479286,0.3573005,0.3553816429,0.3468047381,0.041857576,0.02669653774
1058,1060,1125,9,0.385077,37,0.3425384324,0.3373815946,0.3499287027,0.3693728378,0.3645578378,0.3667938649,0.3275838378,0.3554368919,0.3586828919,0.3373261351,0.04287675136,0.02199062023
1059,1061,1118,9,0.380178,33,0.3429576667,0.3389741515,0.3516298485,0.3690512424,0.3629755758,0.3662596061,0.3311311212,0.3539018788,0.3612415758,0.3307782727,0.04342617668,0.02587870817
1060,1062,1065,8,0.294275,29,0.3461666207,0.3407447241,0.3540934483,0.3697499655,0.3611811379,0.3662175862,0.3271863448,0.360782931,0.3620237586,0.3236237931,0.02293360687,0.04233133216
1061,1063,1064,0,0.359514,2,0.359514,0.324333,0.301065,0.3222435,0.2744645,0.3566115,0.2636765,0.3304045,0.283302,0.310199,0,0
1062,-1,-1,-1,,1,0.322969,0.309398,0.275157,0.319663,0.273363,0.35279,0.297066,0.333495,0.2729,0.352325,,
1062,-1,-1,-1,,1,0.396059,0.339268,0.326973,0.324824,0.275566,0.360433,0.230287,0.327314,0.293704,0.268073,,
1061,1066,1113,8,0.426268,27,0.3451779259,0.3419604074,0.3580214815,0.373268963,0.3676045926,0.3669291481,0.3318907778,0.3630331852,0.367855,0.3246182222,0.04175716751,0.02479829617
1065,1067,1070,3,0.3273375,24,0.3404961667,0.3419584583,0.35464325,0.3775379583,0.3709995833,0.3672692917,0.3314059583,0.357481125,0.3579777083,0.319588625,0.01882170076,0.04202818141
1066,1068,1069,0,0.3266415,2,0.3266415,0.3684755,0.398291,0.323791,0.399955,0.3549355,0.3794065,0.395351,0.355912,0.324552,0,0
1067,-1,-1,-1,,1,0.326578,0.363069,0.379367,0.325153,0.379452,0.352728,0.368517,0.362131,0.383871,0.29764,,
1067,-1,-1,-1,,1,0.326705,0.373882,0.417215,0.322429,0.420458,0.357143,0.390296,0.428571,0.327953,0.351464,,
1066,1071,1074,3,0.3384255,22,0.3417556818,0.3395478182,0.3506752727,0.3824240455,0.3683672727,0.3683905455,0.3270422727,0.3540384091,0.3581655,0.3191374091,0.02147058548,0.04225000234
1070,1072,1073,0,0.364238,2,0.364238,0.348696,0.3346025,0.3336705,0.332627,0.3684235,0.3505415,0.3722535,0.296598,0.350622,0,0
1071,-1,-1,-1,,1,0.309793,0.353311,0.341505,0.337819,0.360609,0.365924,0.375667,0.364059,0.297257,0.342176,,
1071,-1,-1,-1,,1,0.418683,0.344081,0.3277,0.329522,0.304645,0.370923,0.325416,0.380448,0.295939,0.359068,,
1070,1075,1110,0,0.381738,20,0.33950745,0.338633,0.35228255,0.3872994,0.3719413,0.36838725,0.32469235,0.3522169,0.36432225,0.31598895,0.04282350352,0.02099108803
1074,1076,1077,0,0.265442,18,0.3316055,0.3380712222,0.3503373333,0.3876984444,0.3705048333,0.367922,0.3254033333,0.3471954444,0.3622350556,0.3147496667,0,0.04068168873
1075,-1,-1,-1,,1,0.223552,0.291193,0.258269,0.340896,0.335353,0.3769,0.223972,0.277297,0.320438,0.257671,,
1075,1078,1079,0,0.307736,17,0.3379615882,0.3408287647,0.3557531176,0.3904515294,0.3725725882,0.3673938824,0.3313698824,0.3513071176,0.3646937059,0.3181072353,0,0.03717782132
1077,-1,-1,-1,,1,0.307332,0.306282,0.325339,0.342571,0.266093,0.372934,0.274014,0.208951,0.329785,0.194953,,
1077,1080,1081,0,0.309831,16,0.3398759375,0.3429879375,0.357654,0.3934440625,0.3792275625,0.367047625,0.334954625,0.360204375,0.3668755,0.325804375,0,0.03630857999
1079,-1,-1,-1,,1,0.30814,0.318862,0.297081,0.434952,0.33507,0.377103,0.297076,0.290634,0.294846,0.363824,,
1079,1082,1083,0,0.313799,15,0.3419916667,0.3445963333,0.3616922,0.3906768667,0.3821714,0.3663772667,0.3374798667,0.3648424,0.3716774667,0.3232697333,0,0.03596244229
1081,-1,-1,-1,,1,0.311522,0.366342,0.2957,0.422732,0.432039,0.361677,0.304271,0.383169,0.379212,0.254097,,
1081,1084,1085,0,0.3194925,14,0.3441680714,0.3430430714,0.3664059286,0.3883872143,0.3786094286,0.366713,0.3398519286,0.3635333571,0.3711392857,0.3282106429,0,0.03534747233
1083,-1,-1,-1,,1,0.316076,0.348795,0.309377,0.37254,0.392281,0.371588,0.367208,0.429684,0.35408,0.242471,,
1083,1086,1087,0,0.323177,13,0.346329,0.3426006154,0.3707927692,0.3896062308,0.3775577692,0.366338,0.3377476154,0.3584448462,0.3724515385,0.334806,0,0.03558363154
1085,-1,-1,-1,,1,0.322909,0.342541,0.43106,0.339032,0.35533,0.362685,0.333399,0.312215,0.37211,0.351413,,
1085,1088,1089,0,0.3235955,12,0.3482806667,0.3426055833,0.3657705,0.39382075,0.3794100833,0.3666424167,0.33811,0.3622973333,0.37248,0.3334220833,0,0.03328567543
1087,-1,-1,-1,,1,0.323445,0.265209,0.412191,0.41927,0.286027,0.371623,0.259785,0.320308,0.33723,0.349832,,
1087,1090,1091,0,0.3260265,11,0.3505384545,0.3496416364,0.3615504545,0.3915071818,0.3878994545,0.3661896364,0.3452304545,0.3661145455,0.3756845455,0.3319302727,0,0.03264315616
1089,-1,-1,-1,,1,0.323746,0.348466,0.348161,0.346525,0.457907,0.368398,0.335343,0.418228,0.416578,0.372048,,
1089,1092,1093,0,0.3289395,10,0.3532177,0.3497592,0.3628894,0.3960054,0.3808987,0.3659688,0.3462192,0.3609032,0.3715952,0.3279185,0,0.03211983171
1091,-1,-1,-1,,1,0.328307,0.311171,0.396649,0.407537,0.30608,0.357359,0.325415,0.351411,0.364836,0.380001,,
1091,1094,1095,0,0.3347845,9,0.3559855556,0.3540467778,0.3591383333,0.3947241111,0.3892118889,0.3669254444,0.3485307778,0.3619578889,0.3723462222,0.3221315556,0,0.02979018465
1093,-1,-1,-1,,1,0.329572,0.364353,0.337662,0.355852,0.429605,0.37114,0.38992,0.256813,0.391031,0.365532,,
1093,1096,1097,0,0.3417525,8,0.35928725,0.3527585,0.361822875,0.399583125,0.38416275,0.366398625,0.343357125,0.375101,0.370010625,0.3167065,0,0.02490133816
1095,-1,-1,-1,,1,0.339997,0.373256,0.430008,0.492962,0.403978,0.360424,0.259197,0.3358,0.400376,0.318491,,
1095,1098,1099,0,0.3491625,7,0.362043,0.3498302857,0.3520821429,0.3862432857,0.381332,0.3672521429,0.35538,0.3807154286,0.3656727143,0.3164515714,0,0.02538222247
1097,-1,-1,-1,,1,0.343508,0.367873,0.322713,0.379738,0.348978,0.371327,0.351254,0.385371,0.381208,0.350422,,
1097,1100,1101,0,0.3566975,6,0.3651321667,0.3468231667,0.356977,0.3873275,0.3867243333,0.366573,0.3560676667,0.3799395,0.3630835,0.3107898333,0,0.02623927823
1099,-1,-1,-1,,1,0.354817,0.359959,0.361181,0.43491,0.366222,0.364103,0.371211,0.385068,0.371527,0.296254,,
1099,1102,1103,0,0.361566,5,0.3671952,0.344196,0.3561362,0.377811,0.3908248,0.367067,0.353039,0.3789138,0.3613948,0.313697,0,0.02579819912
1101,-1,-1,-1,,1,0.358578,0.347373,0.335487,0.346281,0.35754,0.363109,0.389907,0.378877,0.408352,0.306638,,
1101,1104,1105,0,0.3652365,4,0.3693495,0.34340175,0.3612985,0.3856935,0.399146,0.3680565,0.343822,0.378923,0.3496555,0.31546175,0,0.02566330992
1103,-1,-1,-1,,1,0.364554,0.363751,0.404948,0.361315,0.415394,0.369429,0.317427,0.351323,0.363781,0.33241,,
1103,1106,1107,0,0.367613,3,0.370948,0.3366186667,0.3467486667,0.3938196667,0.39373,0.367599,0.3526203333,0.388123,0.344947,0.3098123333,0,0.0256786295
1105,-1,-1,-1,,1,0.365919,0.366317,0.32237,0.416489,0.419218,0.374186,0.317587,0.371103,0.333771,0.304356,,
1105,1108,1109,0,0.3734625,2,0.3734625,0.3217695,0.358938,0.382485,0.380986,0.3643055,0.370137,0.396633,0.350535,0.3125405,0,0
1107,-1,-1,-1,,1,0.369307,0.322824,0.384985,0.418092,0.367678,0.356771,0.367715,0.444773,0.307586,0.327621,,
1107,-1,-1,-1,,1,0.377618,0.320715,0.332891,0.346878,0.394294,0.37184,0.372559,0.348493,0.393484,0.29746,,
1074,1111,1112,0,0.410625,2,0.410625,0.343689,0.3697895,0.383708,0.3848695,0.3725745,0.3182935,0.39741,0.383107,0.3271425,0,0
1110,-1,-1,-1,,1,0.385858,0.346921,0.371389,0.357639,0.358447,0.37753,0.304044,0.408265,0.4078,0.365181,,
1110,-1,-1,-1,,1,0.435392,0.340457,0.36819,0.409777,0.411292,0.367619,0.332543,0.386555,0.358414,0.289104,,
1065,1114,1115,0,0.3744515,3,0.382632,0.341976,0.3850473333,0.339117,0.3404446667,0.364208,0.3357693333,0.4074496667,0.4468733333,0.364855,0,0.02749149635
1113,-1,-1,-1,,1,0.367622,0.322023,0.407819,0.324169,0.312386,0.368986,0.340856,0.409773,0.444203,0.362013,,
1113,1116,1117,0,0.390137,2,0.390137,0.3519525,0.3736615,0.346591,0.354474,0.361819,0.333226,0.406288,0.4482085,0.366276,0,0
1115,-1,-1,-1,,1,0.381281,0.34622,0.405917,0.36668,0.318844,0.365259,0.378151,0.455163,0.435958,0.353465,,
1115,-1,-1,-1,,1,0.398993,0.357685,0.341406,0.326502,0.390104,0.358379,0.288301,0.357413,0.460459,0.379087,,
1060,1119,1120,0,0.2696455,4,0.31969275,0.3261375,0.33376875,0.3639855,0.37598525,0.36656425,0.35973075,0.30401425,0.35557075,0.38264825,0,0.02273789417
1118,-1,-1,-1,,1,0.233964,0.325342,0.328777,0.393113,0.385155,0.376194,0.363546,0.310519,0.355566,0.381467,,
1118,1121,1122,0,0.327723,3,0.348269,0.3264026667,0.3354326667,0.3542763333,0.3729286667,0.3633543333,0.358459,0.301846,0.3555723333,0.383042,0,0.02217752866
1120,-1,-1,-1,,1,0.305327,0.323837,0.370664,0.357361,0.386683,0.359258,0.37925,0.307938,0.357004,0.384935,,
1120,1123,1124,0,0.36974,2,0.36974,0.3276855,0.317817,0.352734,0.3660515,0.3654025,0.3480635,0.2988,0.3548565,0.3820955,0,0
1122,-1,-1,-1,,1,0.350119,0.295333,0.343154,0.336847,0.334513,0.374673,0.310839,0.307586,0.361631,0.380355,,
1122,-1,-1,-1,,1,0.389361,0.360038,0.29248,0.368621,0.39759,0.356132,0.385288,0.290014,0.348082,0.383836,,
1059,1126,1127,0,0.330105,4,0.33907975,0.324243,0.33589425,0.372026,0.3776115,0.3712015,0.29831875,0.36810075,0.33757375,0.391346,0,0.01824683976
1125,-1,-1,-1,,1,0.322773,0.281362,0.32967,0.41454,0.331125,0.373658,0.309329,0.344518,0.347664,0.402265,,
1125,1128,1129,0,0.338223,3,0.3445153333,0.3385366667,0.337969,0.3578546667,0.393107,0.3703826667,0.2946486667,0.3759616667,0.3342103333,0.3877063333,0,0.01395530413
1127,-1,-1,-1,,1,0.337437,0.336689,0.342339,0.344031,0.403887,0.368784,0.348064,0.383413,0.361867,0.385219,,
1127,1130,1131,0,0.3480545,2,0.3480545,0.3394605,0.335784,0.3647665,0.387717,0.371182,0.267941,0.372236,0.320382,0.38895,0,0
1129,-1,-1,-1,,1,0.339009,0.347658,0.329053,0.378917,0.380893,0.376989,0.286121,0.405938,0.322432,0.390404,,
1129,-1,-1,-1,,1,0.3571,0.331263,0.342515,0.350616,0.394541,0.365375,0.249761,0.338534,0.318332,0.387496,,
1058,1133,1134,0,0.293411,5,0.3159258,0.3540256,0.3989582,0.3582494,0.4013884,0.3569722,0.3239222,0.3710912,0.3309524,0.4169464,0,0.02502606606
1132,-1,-1,-1,,1,0.286388,0.358412,0.356021,0.346072,0.457887,0.356,0.370767,0.360075,0.324989,0.423149,,
1132,1135,1136,0,0.3051955,4,0.32331025,0.352929,0.4096925,0.36129375,0.38726375,0.35721525,0.312211,0.37384525,0.33244325,0.41539575,0,0.02223682661
1134,-1,-1,-1,,1,0.300434,0.366422,0.469365,0.348345,0.377465,0.362416,0.343116,0.33916,0.363188,0.417142,,
1134,1137,1138,0,0.324118,3,0.3309356667,0.3484313333,0.3898016667,0.36561,0.39053,0.3554816667,0.3019093333,0.385407,0.322195,0.4148136667,0,0.01048442699
1136,-1,-1,-1,,1,0.309957,0.367807,0.364885,0.35566,0.430334,0.355072,0.291354,0.443998,0.280268,0.413471,,
1136,1139,1140,0,0.341425,2,0.341425,0.3387435,0.40226,0.370585,0.370628,0.3556865,0.307187,0.3561115,0.3431585,0.415485,0,0
1138,-1,-1,-1,,1,0.338279,0.323595,0.409059,0.356853,0.37011,0.353886,0.321479,0.353884,0.325195,0.406017,,
1138,-1,-1,-1,,1,0.344571,0.353892,0.395461,0.384317,0.371146,0.357487,0.292895,0.358339,0.361122,0.424953,,
1057,1142,1143,0,0.3275725,5,0.3522502,0.3772968,0.3276122,0.4065956,0.3625442,0.3685612,0.368853,0.356692,0.3878948,0.3708614,0,0.03570463385
1141,-1,-1,-1,,1,0.324485,0.377084,0.303849,0.384496,0.348454,0.363994,0.357056,0.347,0.403031,0.363036,,
1141,1144,1145,0,0.3385375,4,0.3591915,0.37735,0.333553,0.4121205,0.36606675,0.369703,0.37180225,0.359115,0.38411075,0.37281775,0,0.03535073907
1143,-1,-1,-1,,1,0.33066,0.377438,0.342883,0.449775,0.337088,0.375122,0.345731,0.296282,0.377848,0.325153,,
1143,1146,1147,0,0.3590855,3,0.368702,0.3773206667,0.330443,0.399569,0.3757263333,0.3678966667,0.3804926667,0.3800593333,0.3861983333,0.388706,0,0.03046570291
1145,-1,-1,-1,,1,0.346415,0.377997,0.395612,0.398575,0.370756,0.359786,0.377288,0.370368,0.382154,0.301174,,
1145,1148,1149,0,0.3798455,2,0.3798455,0.3769825,0.2978585,0.400066,0.3782115,0.371952,0.382095,0.384905,0.3882205,0.432472,0,0
1147,-1,-1,-1,,1,0.371756,0.379871,0.315781,0.355836,0.345111,0.373124,0.377873,0.392932,0.353698,0.36495,,
1147,-1,-1,-1,,1,0.387935,0.374094,0.279936,0.444296,0.411312,0.37078,0.386317,0.376878,0.422743,0.499994,,
1012,1151,1152,0,0.2871375,8,0.3620775,0.335542125,0.326580875,0.355273875,0.352597375,0.380282625,0.35057875,0.35615175,0.345791125,0.375989375,0,0.02969044046
1150,-1,-1,-1,,1,0.265117,0.307946,0.305061,0.344424,0.305417,0.381356,0.392399,0.328787,0.342279,0.360243,,
1150,1153,1154,0,0.3315935,7,0.375929,0.3394844286,0.3296551429,0.3568238571,0.3593374286,0.3801292857,0.3446044286,0.360061,0.3462928571,0.3782388571,0,0.0286073236
1152,-1,-1,-1,,1,0.309158,0.368974,0.354681,0.362568,0.37788,0.379535,0.359256,0.420527,0.364668,0.394467,,
1152,1155,1156,0,0.356037,6,0.3870575,0.3345695,0.3254841667,0.3558665,0.356247,0.3802283333,0.3421625,0.3499833333,0.3432303333,0.3755341667,0,0.03009995601
1154,-1,-1,-1,,1,0.354029,0.359968,0.336205,0.350381,0.331601,0.379491,0.34685,0.361544,0.355809,0.394661,,
1154,1157,1158,0,0.367488,5,0.3936632,0.3294898,0.32334,0.3569636,0.3611762,0.3803758,0.341225,0.3476712,0.3407146,0.3717088,0,0.02601725262
1156,-1,-1,-1,,1,0.358045,0.343905,0.283217,0.439573,0.338851,0.380885,0.358757,0.321629,0.288313,0.392656,,
1156,1159,1160,0,0.39249,4,0.40256775,0.325886,0.33337075,0.33631125,0.3667575,0.3802485,0.336842,0.35418175,0.353815,0.366472,0,0.02512897704
1158,-1,-1,-1,,1,0.376931,0.32662,0.350378,0.324731,0.415127,0.380763,0.378231,0.325419,0.365066,0.369791,,
1158,1161,1162,0,0.41011,3,0.4111133333,0.3256413333,0.3277016667,0.3401713333,0.3506343333,0.380077,0.3230456667,0.3637693333,0.3500646667,0.3653656667,0,0.02045567693
1160,-1,-1,-1,,1,0.408049,0.311703,0.342794,0.335891,0.415898,0.381384,0.36644,0.370044,0.340956,0.38364,,
1160,1163,1164,0,0.4126455,2,0.4126455,0.3326105,0.3201555,0.3423115,0.3180025,0.3794235,0.3013485,0.360632,0.354619,0.3562285,0,0
1162,-1,-1,-1,,1,0.412171,0.324517,0.348846,0.334669,0.327312,0.380795,0.260531,0.38687,0.342681,0.330704,,
1162,-1,-1,-1,,1,0.41312,0.340704,0.291465,0.349954,0.308693,0.378052,0.342166,0.334394,0.366557,0.381753,,
1011,1166,1167,0,0.291116,9,0.349884,0.3287501111,0.3732828889,0.3661978889,0.3721064444,0.3688037778,0.4204957778,0.3401433333,0.3496435556,0.3536294444,0,0.0285904555
1165,-1,-1,-1,,1,0.261965,0.311536,0.365704,0.33198,0.381616,0.378543,0.441626,0.416203,0.428888,0.325357,,
1165,1168,1169,0,0.324801,8,0.360873875,0.330901875,0.37423025,0.370475125,0.37091775,0.367586375,0.4178545,0.330635875,0.339738,0.3571635,0,0.02828830155
1167,-1,-1,-1,,1,0.320267,0.364816,0.372668,0.397577,0.389971,0.377765,0.437238,0.289244,0.371817,0.324235,,
1167,1170,1171,0,0.3418615,7,0.3666748571,0.326057,0.3744534286,0.3666034286,0.3681958571,0.3661322857,0.4150854286,0.336549,0.3351552857,0.3618675714,0,0.02791093645
1169,-1,-1,-1,,1,0.329335,0.302958,0.426583,0.354168,0.397843,0.374921,0.39481,0.299492,0.355329,0.363393,,
1169,1172,1173,0,0.3548885,6,0.3728981667,0.3299068333,0.3657651667,0.368676,0.3632546667,0.3646675,0.4184646667,0.3427251667,0.331793,0.3616133333,0,0.02424474821
1171,-1,-1,-1,,1,0.354388,0.349371,0.434892,0.371216,0.351968,0.358,0.410616,0.375452,0.267133,0.420496,,
1171,1174,1175,0,0.358707,5,0.3766002,0.326014,0.3519398,0.368168,0.365512,0.366001,0.4200344,0.3361798,0.344725,0.3498368,0,0.02184332696
1173,-1,-1,-1,,1,0.355389,0.327593,0.381381,0.437504,0.402534,0.379441,0.410882,0.322306,0.354566,0.335941,,
1173,1176,1177,0,0.368144,4,0.381903,0.32561925,0.3445795,0.350834,0.3562565,0.362641,0.4223225,0.33964825,0.34226475,0.35331075,0,0.01930659621
1175,-1,-1,-1,,1,0.362025,0.292779,0.330707,0.355189,0.299029,0.353859,0.42263,0.327694,0.363195,0.370888,,
1175,1178,1179,0,0.384789,3,0.388529,0.336566,0.3492036667,0.3493823333,0.3753323333,0.3655683333,0.42222,0.343633,0.335288,0.3474516667,0,0.0163937112
1177,-1,-1,-1,,1,0.374263,0.35024,0.359813,0.323902,0.347656,0.349227,0.413502,0.362081,0.304704,0.329163,,
1177,1180,1181,0,0.395662,2,0.395662,0.329729,0.343899,0.3621225,0.3891705,0.373739,0.426579,0.334409,0.35058,0.356596,0,0
1179,-1,-1,-1,,1,0.395315,0.336932,0.319469,0.332989,0.393449,0.379575,0.4538,0.317967,0.339403,0.357752,,
1179,-1,-1,-1,,1,0.396009,0.322526,0.368329,0.391256,0.384892,0.367903,0.399358,0.350851,0.361757,0.35544,,
1010,1183,1184,0,0.2990615,10,0.3463127,0.4025782,0.3694108,0.3776869,0.3580258,0.3658425,0.3503804,0.3581257,0.3623482,0.332445,0,0.03196293452
1182,-1,-1,-1,,1,0.295667,0.427667,0.339556,0.396383,0.348356,0.380918,0.359284,0.354083,0.374699,0.279852,,
1182,1185,1186,0,0.3107055,9,0.35194,0.3997905556,0.372728,0.3756095556,0.3591002222,0.3641674444,0.3493911111,0.3585748889,0.3609758889,0.3382886667,0,0.03250297333
1184,-1,-1,-1,,1,0.302456,0.382514,0.410179,0.389774,0.376199,0.354665,0.31582,0.345349,0.339817,0.349371,,
1184,1187,1188,0,0.320181,8,0.3581255,0.401950125,0.368046625,0.373839,0.356962875,0.36535525,0.3535875,0.360228125,0.36362075,0.336903375,0,0.03163730389
1186,-1,-1,-1,,1,0.318955,0.422281,0.432863,0.342933,0.329263,0.358209,0.390228,0.381356,0.391501,0.290469,,
1186,1189,1190,0,0.327525,7,0.3637212857,0.3990457143,0.3587871429,0.3782541429,0.36092,0.3663761429,0.3483531429,0.3572098571,0.3596378571,0.3435368571,0,0.03122485895
1188,-1,-1,-1,,1,0.321407,0.379969,0.412251,0.385548,0.374882,0.358289,0.309823,0.399864,0.325394,0.354014,,
1188,1191,1192,0,0.3354515,6,0.3707736667,0.4022251667,0.3498765,0.3770385,0.358593,0.367724,0.3547748333,0.3501008333,0.3653451667,0.3417906667,0,0.03234218732
1190,-1,-1,-1,,1,0.333643,0.398075,0.339587,0.329831,0.341194,0.378445,0.370428,0.352312,0.353508,0.366841,,
1190,1193,1194,0,0.351013,5,0.3781998,0.4030552,0.3519344,0.38648,0.3620728,0.3655798,0.3516442,0.3496586,0.3677126,0.3367806,0,0.0327978913
1192,-1,-1,-1,,1,0.33726,0.384974,0.381703,0.379184,0.323885,0.377192,0.358888,0.333381,0.331167,0.301714,,
1192,1195,1196,0,0.3727475,4,0.38843475,0.4075755,0.34449225,0.388304,0.37161975,0.36267675,0.34983325,0.353728,0.376849,0.34554725,0,0.03224807145
1194,-1,-1,-1,,1,0.364766,0.426365,0.335276,0.359572,0.366323,0.358792,0.347147,0.30351,0.329454,0.298322,,
1194,1197,1198,0,0.389757,3,0.3963243333,0.4013123333,0.3475643333,0.3978813333,0.3733853333,0.3639716667,0.3507286667,0.3704673333,0.3926473333,0.361289,0,0.01559383364
1196,-1,-1,-1,,1,0.380729,0.427064,0.413248,0.424563,0.430153,0.359496,0.397191,0.29833,0.36646,0.343041,,
1196,1199,1200,0,0.404122,2,0.404122,0.3884365,0.3147225,0.3845405,0.3450015,0.3662095,0.3274975,0.406536,0.405741,0.370413,0,0
1198,-1,-1,-1,,1,0.398785,0.392796,0.329444,0.37201,0.324221,0.369866,0.325077,0.445789,0.403853,0.366536,,
1198,-1,-1,-1,,1,0.409459,0.384077,0.300001,0.397071,0.365782,0.362553,0.329918,0.367283,0.407629,0.37429,,
491,1202,1273,4,0.400669,40,0.343963725,0.345884375,0.357957775,0.35269745,0.34696535,0.386760225,0.35281335,0.349266325,0.351761425,0.342271975,0.04269860094,0.02757965849
1201,1203,1208,4,0.266442,36,0.3402040833,0.3453078056,0.3563606111,0.3534352222,0.3385831944,0.3866875,0.3514601667,0.348276,0.3530571389,0.3400164167,0.02333115425,0.03854565298
1202,1204,1205,0,0.267516,3,0.2766083333,0.2925496667,0.29673,0.3233736667,0.225647,0.385632,0.258475,0.293605,0.268753,0.2856226667,0,0.02407241824
1203,-1,-1,-1,,1,0.254257,0.303117,0.320835,0.327734,0.23864,0.381834,0.247047,0.304302,0.302772,0.30469,,
1203,1206,1207,0,0.287784,2,0.287784,0.287266,0.2846775,0.3211935,0.2191505,0.387531,0.264189,0.2882565,0.2517435,0.276089,0,0
1205,-1,-1,-1,,1,0.280775,0.24401,0.330144,0.331943,0.235765,0.383911,0.241065,0.269237,0.237868,0.258377,,
1205,-1,-1,-1,,1,0.294793,0.330522,0.239211,0.310444,0.202536,0.391151,0.287313,0.307276,0.265619,0.293801,,
1202,1209,1214,0,0.297444,33,0.3459855152,0.350104,0.3617815758,0.3561680909,0.3488501212,0.3867834545,0.3599133636,0.3532460909,0.3607211515,0.344961303,0.02535246056,0.03827000536
1208,1210,1211,0,0.262615,3,0.2739293333,0.3327236667,0.3323983333,0.3616986667,0.367363,0.383031,0.3366463333,0.3888726667,0.3693633333,0.3140016667,0,0.01362524835
1209,-1,-1,-1,,1,0.251883,0.28126,0.302668,0.350305,0.309662,0.383889,0.313334,0.360431,0.332749,0.299571,,
1209,1212,1213,0,0.2849525,2,0.2849525,0.3584555,0.3472635,0.3673955,0.3962135,0.382602,0.3483025,0.4030935,0.3876705,0.321217,0,0
1211,-1,-1,-1,,1,0.273347,0.352416,0.325533,0.391004,0.397187,0.38334,0.335315,0.386619,0.402082,0.32376,,
1211,-1,-1,-1,,1,0.296558,0.364495,0.368994,0.343787,0.39524,0.381864,0.36129,0.419568,0.373259,0.318674,,
1208,1215,1268,2,0.4191995,30,0.3531911333,0.3518420333,0.3647199,0.3556150333,0.3469988333,0.3871587,0.3622400667,0.3496834333,0.3598569333,0.3480572667,0.03836242731,0.02810462467
1214,1216,1219,5,0.3815505,27,0.3514508148,0.3504037778,0.3583476667,0.3546323704,0.3455223333,0.3870103333,0.3609980741,0.3509535185,0.3636777778,0.3469339259,0.02346704831,0.03861076309
1215,1217,1218,0,0.3611135,2,0.3611135,0.343555,0.366227,0.3766095,0.338527,0.3814585,0.3990045,0.4080645,0.3926925,0.3483515,0,0
1216,-1,-1,-1,,1,0.346594,0.366754,0.360035,0.395745,0.307124,0.381388,0.404538,0.350811,0.395963,0.355285,,
1216,-1,-1,-1,,1,0.375633,0.320356,0.372419,0.357474,0.36993,0.381529,0.393471,0.465318,0.389422,0.341418,,
1215,1220,1223,7,0.299334,25,0.3506778,0.35095168,0.35771732,0.3528742,0.34608196,0.38745448,0.35795756,0.34638464,0.3613566,0.34682052,0.0244198314,0.03796911358
1219,1221,1222,0,0.32662,2,0.32662,0.343234,0.376484,0.3481895,0.340163,0.3852095,0.293717,0.2735795,0.365951,0.2927215,0,0
1220,-1,-1,-1,,1,0.30416,0.334729,0.348767,0.31525,0.316415,0.383232,0.278673,0.248029,0.321323,0.282997,,
1220,-1,-1,-1,,1,0.34908,0.351739,0.404201,0.381129,0.363911,0.387187,0.308761,0.29913,0.410579,0.302446,,
1219,1224,1259,2,0.383446,23,0.3527697826,0.3516227826,0.3560854348,0.3532815652,0.3465966522,0.3876496957,0.3635436957,0.3527155217,0.360957087,0.3515247826,0.03904867244,0.02610681968
1223,1225,1226,0,0.2988255,18,0.3573938889,0.3523144444,0.3423081667,0.3591820556,0.3448065556,0.3876124444,0.3633893889,0.3541238333,0.3617978333,0.3566071111,0,0.03802310947
1224,-1,-1,-1,,1,0.29833,0.437351,0.266305,0.378307,0.294244,0.381572,0.397312,0.349639,0.28332,0.339091,,
1224,1227,1228,0,0.3000385,17,0.3608682353,0.3473122941,0.3467789412,0.3580570588,0.3477808235,0.3879677647,0.3613939412,0.3543876471,0.3664141765,0.3576374706,0,0.03756585503
1226,-1,-1,-1,,1,0.299321,0.282113,0.343598,0.397688,0.318444,0.389153,0.354412,0.335839,0.279717,0.378155,,
1226,1229,1230,0,0.3113145,16,0.3647149375,0.35138725,0.34697775,0.355580125,0.349614375,0.3878936875,0.3618303125,0.3555469375,0.37183275,0.356355125,0,0.03774147455
1228,-1,-1,-1,,1,0.300756,0.320605,0.353529,0.380344,0.37823,0.388723,0.378262,0.345491,0.416908,0.405885,,
1228,1231,1232,0,0.3239445,15,0.3689788667,0.3534394,0.346541,0.3539292,0.3477066667,0.3878384,0.3607348667,0.3562173333,0.3688277333,0.3530531333,0,0.03691916033
1230,-1,-1,-1,,1,0.321873,0.333313,0.324225,0.440401,0.361754,0.392731,0.40667,0.39013,0.356399,0.437205,,
1230,1233,1234,0,0.3292775,14,0.3723435714,0.354877,0.348135,0.3477526429,0.3467032857,0.3874889286,0.3574537857,0.353795,0.3697155,0.3470422857,0,0.03609284363
1232,-1,-1,-1,,1,0.326016,0.409837,0.368513,0.312673,0.352455,0.38985,0.373508,0.403863,0.34295,0.249026,,
1232,1235,1236,0,0.3327075,13,0.3759072308,0.3506493077,0.3465674615,0.3504510769,0.3462608462,0.3873073077,0.3562188462,0.3499436154,0.3717743846,0.354582,0,0.03683074543
1234,-1,-1,-1,,1,0.332539,0.359859,0.360937,0.372842,0.360521,0.383234,0.383231,0.381533,0.352535,0.321822,,
1234,1237,1238,0,0.342584,12,0.37952125,0.3498818333,0.34537,0.3485851667,0.3450725,0.38764675,0.3539678333,0.3473111667,0.3733776667,0.357312,0,0.03702174812
1236,-1,-1,-1,,1,0.332876,0.38263,0.375166,0.328039,0.308498,0.38952,0.378178,0.312563,0.325836,0.389856,,
1236,1239,1240,0,0.3561095,11,0.3837617273,0.3469047273,0.3426612727,0.350453,0.3483974545,0.3874764545,0.3517669091,0.3504700909,0.3776996364,0.3543534545,0,0.03516214522
1238,-1,-1,-1,,1,0.352292,0.370315,0.353176,0.417447,0.384688,0.391418,0.462314,0.302306,0.419212,0.323862,,
1238,1241,1242,0,0.3621425,10,0.3869087,0.3445637,0.3416098,0.3437536,0.3447684,0.3870823,0.3407122,0.3552865,0.3735484,0.3574026,0,0.03600049176
1240,-1,-1,-1,,1,0.359927,0.334688,0.315163,0.329861,0.325416,0.388812,0.377564,0.339871,0.323562,0.367659,,
1240,1243,1244,0,0.366242,9,0.3899066667,0.345661,0.3445483333,0.3452972222,0.3469186667,0.3868901111,0.3366175556,0.3569993333,0.3791024444,0.356263,0,0.03681981675
1242,-1,-1,-1,,1,0.364358,0.382125,0.36361,0.365841,0.390685,0.383088,0.330267,0.332827,0.400858,0.317767,,
1242,1245,1246,0,0.368629,8,0.39310025,0.341103,0.342165625,0.34272925,0.341447875,0.387365375,0.337411375,0.360020875,0.376383,0.361075,0,0.03552968374
1244,-1,-1,-1,,1,0.368126,0.349834,0.339844,0.312793,0.310203,0.383103,0.455331,0.369103,0.381194,0.392266,,
1244,1247,1248,0,0.371983,7,0.396668,0.3398557143,0.3424972857,0.3470058571,0.3459114286,0.3879742857,0.3205657143,0.3587234286,0.3756957143,0.3566191429,0,0.03044178266
1246,-1,-1,-1,,1,0.369132,0.258684,0.330011,0.297051,0.334353,0.389042,0.281089,0.33544,0.335395,0.237352,,
1246,1249,1250,0,0.38097,6,0.4012573333,0.3533843333,0.3445783333,0.3553316667,0.3478378333,0.3877963333,0.3271451667,0.362604,0.3824125,0.376497,0,0.03184799609
1248,-1,-1,-1,,1,0.374834,0.375734,0.351882,0.324344,0.334515,0.384809,0.310917,0.352201,0.346308,0.376402,,
1248,1251,1252,0,0.3919545,5,0.406542,0.3489144,0.3431176,0.3615292,0.3505024,0.3883938,0.3303908,0.3646846,0.3896334,0.376516,0,0.033624483
1250,-1,-1,-1,,1,0.387106,0.342144,0.353887,0.354384,0.348748,0.391055,0.339001,0.35855,0.383101,0.316207,,
1250,1253,1254,0,0.396901,4,0.411401,0.350607,0.34042525,0.3633155,0.350941,0.3877285,0.32823825,0.36621825,0.3912665,0.39159325,0,0.03261657332
1252,-1,-1,-1,,1,0.396803,0.325081,0.372185,0.332278,0.394356,0.389802,0.265859,0.401911,0.382231,0.394614,,
1252,1255,1256,0,0.402197,3,0.416267,0.3591156667,0.3298386667,0.3736613333,0.3364693333,0.3870373333,0.3490313333,0.3543206667,0.3942783333,0.3905863333,0,0.02866704157
1254,-1,-1,-1,,1,0.396999,0.381869,0.250163,0.398595,0.336276,0.384643,0.312892,0.34691,0.413676,0.363798,,
1254,1257,1258,0,0.425901,2,0.425901,0.347739,0.3696765,0.3611945,0.336566,0.3882345,0.367101,0.358026,0.3845795,0.4039805,0,0
1256,-1,-1,-1,,1,0.407395,0.397301,0.370989,0.353479,0.372139,0.385321,0.38264,0.376001,0.386964,0.344704,,
1256,-1,-1,-1,,1,0.444407,0.298177,0.368364,0.36891,0.300993,0.391148,0.351562,0.340051,0.382195,0.463257,,
1223,1260,1261,0,0.320637,5,0.336123,0.3491328,0.4056836,0.3320398,0.353041,0.3877838,0.3640992,0.3476456,0.3579304,0.3332284,0,0.02274405578
1259,-1,-1,-1,,1,0.306631,0.316019,0.405628,0.310153,0.366854,0.389286,0.384041,0.299538,0.290079,0.360707,,
1259,1262,1263,0,0.3386985,4,0.343496,0.35741125,0.4056975,0.3375115,0.34958775,0.38740825,0.35911375,0.3596725,0.37489325,0.32635875,0,0.01949577509
1261,-1,-1,-1,,1,0.334643,0.360295,0.409633,0.384932,0.37671,0.391997,0.364501,0.401525,0.40617,0.359531,,
1261,1264,1265,0,0.344841,3,0.346447,0.35645,0.4043856667,0.3217046667,0.340547,0.3858786667,0.357318,0.3457216667,0.3644676667,0.3153013333,0,0.01759119098
1263,-1,-1,-1,,1,0.342754,0.38144,0.391726,0.316291,0.306229,0.384076,0.36072,0.362692,0.331758,0.325177,,
1263,1266,1267,0,0.3482935,2,0.3482935,0.343955,0.4107155,0.3244115,0.357706,0.38678,0.355617,0.3372365,0.3808225,0.3103635,0,0
1265,-1,-1,-1,,1,0.346928,0.388002,0.417366,0.305615,0.353205,0.388894,0.358424,0.360862,0.368656,0.306343,,
1265,-1,-1,-1,,1,0.349659,0.299908,0.404065,0.343208,0.362207,0.384666,0.35281,0.313611,0.392989,0.314384,,
1214,1269,1270,0,0.3464595,3,0.368854,0.3647863333,0.42207,0.364459,0.3602873333,0.388494,0.373418,0.3382526667,0.3254693333,0.3581673333,0,0.02058799316
1268,-1,-1,-1,,1,0.334768,0.338002,0.423889,0.305982,0.391758,0.388467,0.406348,0.380251,0.299576,0.37646,,
1268,1271,1272,0,0.385897,2,0.385897,0.3781785,0.4211605,0.3936975,0.344552,0.3885075,0.356953,0.3172535,0.338416,0.349021,0,0
1270,-1,-1,-1,,1,0.358151,0.402124,0.421288,0.393552,0.367896,0.389307,0.38556,0.328481,0.301379,0.354822,,
1270,-1,-1,-1,,1,0.413643,0.354233,0.421033,0.393843,0.321208,0.387708,0.328346,0.306026,0.375453,0.34322,,
1201,1274,1275,0,0.3495385,4,0.3778005,0.3510735,0.37233225,0.3460575,0.42240475,0.38741475,0.364992,0.35817925,0.3401,0.362572,0,0.02105366377
1273,-1,-1,-1,,1,0.33536,0.340429,0.431464,0.422025,0.425764,0.390166,0.362508,0.33357,0.310297,0.374608,,
1273,1276,1277,0,0.384177,3,0.3919473333,0.3546216667,0.3526216667,0.320735,0.421285,0.3864976667,0.36582,0.3663823333,0.3500343333,0.35856,0,0.01738337981
1275,-1,-1,-1,,1,0.363717,0.359713,0.350327,0.297256,0.425886,0.38959,0.369944,0.365899,0.325766,0.305459,,
1275,1278,1279,0,0.4060625,2,0.4060625,0.352076,0.353769,0.3324745,0.4189845,0.3849515,0.363758,0.366624,0.3621685,0.3851105,0,0
1277,-1,-1,-1,,1,0.404637,0.347905,0.327465,0.351929,0.433818,0.382084,0.371387,0.391068,0.335729,0.403792,,
1277,-1,-1,-1,,1,0.407488,0.356247,0.380073,0.31302,0.404151,0.387819,0.356129,0.34218,0.388608,0.366429,,
200,1281,1352,5,0.4131865,360,0.5459072833,0.5424269083,0.5445574167,0.5497073111,0.5552912472,0.7461071472,0.7172741528,0.72318665,0.7210362167,0.7259513583,0.03858199109,0.23598415
1280,1282,1287,4,0.2796745,36,0.3542075,0.3590530556,0.3635921111,0.3586541944,0.3471268889,0.4017336111,0.36067125,0.3683591944,0.3568271389,0.3585108611,0.02317024443,0.03829761567
1281,1283,1284,0,0.350952,3,0.3698483333,0.389068,0.3691553333,0.3599176667,0.2550763333,0.4029396667,0.3624826667,0.3530893333,0.378434,0.3824346667,0,0.01959924551
1282,-1,-1,-1,,1,0.342858,0.352948,0.385591,0.34194,0.266378,0.408437,0.318548,0.337677,0.403239,0.389361,,
1282,1285,1286,0,0.3833435,2,0.3833435,0.407128,0.3609375,0.3689065,0.2494255,0.400191,0.38445,0.3607955,0.3660315,0.3789715,0,0
1284,-1,-1,-1,,1,0.359046,0.389924,0.399326,0.349511,0.278057,0.402447,0.380543,0.348828,0.360484,0.38851,,
1284,-1,-1,-1,,1,0.407641,0.424332,0.322549,0.388302,0.220794,0.397935,0.388357,0.372763,0.371579,0.369433,,
1281,1288,1345,1,0.4148835,33,0.3527856061,0.3563244242,0.3630863636,0.3585393333,0.3554951212,0.4016239697,0.3605065758,0.3697473636,0.3548628788,0.3563359697,0.03873604567,0.0218651986
1287,1289,1292,5,0.3938,29,0.3501043793,0.3462122069,0.3630785172,0.3601212414,0.3534107586,0.4024841724,0.362643,0.370135,0.3535582759,0.3572841724,0.0175292588,0.03885436657
1288,1290,1291,0,0.361438,2,0.361438,0.3225235,0.375895,0.3325285,0.32638,0.393039,0.3771895,0.293654,0.3430585,0.3940125,0,0
1289,-1,-1,-1,,1,0.337344,0.324047,0.347901,0.331416,0.325222,0.392855,0.362116,0.330607,0.348581,0.385046,,
1289,-1,-1,-1,,1,0.385532,0.321,0.403889,0.333641,0.327538,0.393223,0.392263,0.256701,0.337536,0.402979,,
1288,1293,1340,0,0.3939165,27,0.3492648519,0.3479669259,0.3621291481,0.3621651481,0.355413037,0.4031838148,0.3615654815,0.3758002593,0.354336037,0.3545635556,0.03829652279,0.02123586912
1292,1294,1331,1,0.373516,24,0.342401,0.34569775,0.358862625,0.3613050417,0.3557632083,0.403015375,0.3636427083,0.3694945,0.3492860417,0.3467239583,0.0402855903,0.02059162837
1293,1295,1296,0,0.266736,19,0.3369877895,0.3342872632,0.3547890526,0.3575743158,0.3592871579,0.4022721053,0.3614924211,0.369805,0.3506611579,0.3406928947,0,0.03948139784
1294,-1,-1,-1,,1,0.251869,0.316427,0.294599,0.320279,0.390352,0.39793,0.425972,0.352676,0.275013,0.391472,,
1294,1297,1298,0,0.28308,18,0.3417166111,0.3352795,0.3581329444,0.3596462778,0.3575613333,0.4025133333,0.3579102222,0.3707566111,0.3548638333,0.3378718333,0,0.03986258069
1296,-1,-1,-1,,1,0.281603,0.365914,0.370448,0.364379,0.346773,0.400239,0.333632,0.337017,0.3774,0.390621,,
1296,1299,1300,0,0.286914,17,0.3452527059,0.3334774706,0.3574085294,0.3593678824,0.3581959412,0.4026471176,0.3593383529,0.3727412941,0.3535381765,0.3347689412,0,0.03965944692
1298,-1,-1,-1,,1,0.284557,0.344982,0.380409,0.386219,0.285585,0.412069,0.319669,0.371768,0.426672,0.34089,,
1298,1301,1302,0,0.3008735,16,0.3490461875,0.3327584375,0.355971,0.3576896875,0.362734125,0.40205825,0.3618176875,0.372802125,0.3489673125,0.334386375,0,0.04005240842
1300,-1,-1,-1,,1,0.289271,0.33929,0.36191,0.332484,0.328186,0.405779,0.351214,0.347999,0.407136,0.361512,,
1300,1303,1304,0,0.3150715,15,0.3530312,0.332323,0.3555750667,0.3593700667,0.3650373333,0.4018102,0.3625246,0.3744556667,0.3450894,0.332578,0,0.04012335143
1302,-1,-1,-1,,1,0.312476,0.313911,0.41309,0.35085,0.388312,0.407972,0.366803,0.397855,0.411272,0.390365,,
1302,1305,1306,0,0.321858,14,0.355928,0.3336381429,0.3514668571,0.3599786429,0.3633748571,0.4013700714,0.362219,0.3727842857,0.3403620714,0.3284503571,0,0.04041956954
1304,-1,-1,-1,,1,0.317667,0.336107,0.358871,0.337207,0.370623,0.402449,0.302791,0.318457,0.282397,0.339796,,
1304,1307,1308,0,0.331881,13,0.3588711538,0.3334482308,0.3508973077,0.3617303077,0.3628173077,0.4012870769,0.3667903846,0.3769633077,0.3448209231,0.3275776154,0,0.04073460482
1306,-1,-1,-1,,1,0.326049,0.363507,0.283757,0.329571,0.345903,0.399328,0.335445,0.398851,0.394219,0.304466,,
1306,1309,1310,0,0.340828,12,0.3616063333,0.3309433333,0.3564923333,0.36441025,0.3642268333,0.4014503333,0.3694025,0.3751393333,0.3407044167,0.3295035833,0,0.03907513543
1308,-1,-1,-1,,1,0.337713,0.351839,0.397316,0.283895,0.403117,0.394377,0.290561,0.431539,0.369082,0.242077,,
1308,1311,1312,0,0.345524,11,0.3637784545,0.3290437273,0.3527810909,0.3717298182,0.3606913636,0.4020933636,0.3765699091,0.3700120909,0.3381246364,0.3374514545,0,0.03765275422
1310,-1,-1,-1,,1,0.343943,0.306371,0.329233,0.329483,0.281292,0.396152,0.345938,0.332497,0.253172,0.269238,,
1310,1313,1314,0,0.350688,10,0.365762,0.331311,0.3551359,0.3759545,0.3686313,0.4026875,0.3796331,0.3737636,0.3466199,0.3442728,0,0.03577024757
1312,-1,-1,-1,,1,0.347105,0.321355,0.310877,0.436478,0.461906,0.408677,0.372815,0.393112,0.262683,0.385308,,
1312,1315,1316,0,0.3549585,9,0.367835,0.3324172222,0.3600535556,0.3692296667,0.3582674444,0.402022,0.3803906667,0.3716137778,0.3559462222,0.3397133333,0,0.03225689106
1314,-1,-1,-1,,1,0.354271,0.32956,0.307734,0.366728,0.374805,0.397044,0.31229,0.431929,0.239713,0.281839,,
1314,1317,1318,0,0.3592505,8,0.3695305,0.332774375,0.3665935,0.369542375,0.35620025,0.40264425,0.38890325,0.364074375,0.370475375,0.346947625,0,0.03149824858
1316,-1,-1,-1,,1,0.355646,0.318352,0.318372,0.411475,0.356728,0.395562,0.403667,0.329979,0.294319,0.365704,,
1316,1319,1320,0,0.3652585,7,0.371514,0.3348347143,0.3734822857,0.363552,0.3561248571,0.403656,0.3867941429,0.3689451429,0.3813548571,0.3442681429,0,0.03274593531
1318,-1,-1,-1,,1,0.362855,0.311861,0.3807,0.393449,0.325907,0.400741,0.392523,0.348884,0.343014,0.341796,,
1318,1321,1322,0,0.368256,6,0.3729571667,0.3386636667,0.3722793333,0.3585691667,0.3611611667,0.4041418333,0.3858393333,0.3722886667,0.387745,0.3446801667,0,0.0321280857
1320,-1,-1,-1,,1,0.367662,0.311152,0.331819,0.392691,0.354697,0.401755,0.326489,0.413025,0.346183,0.336753,,
1320,1323,1324,0,0.3707995,5,0.3740162,0.344166,0.3803714,0.3517448,0.362454,0.4046192,0.3977094,0.3641414,0.3960574,0.3462656,0,0.03000967647
1322,-1,-1,-1,,1,0.36885,0.353177,0.353499,0.386745,0.426846,0.400091,0.445525,0.325493,0.416403,0.300943,,
1322,1325,1326,0,0.373631,4,0.37530775,0.34191325,0.3870895,0.34299475,0.346356,0.40575125,0.3857555,0.3738035,0.390971,0.35759625,0,0.01842863816
1324,-1,-1,-1,,1,0.372749,0.324707,0.341309,0.37462,0.3699,0.396424,0.371584,0.278334,0.361569,0.285788,,
1324,1327,1328,0,0.3755955,3,0.3761606667,0.3476486667,0.4023496667,0.332453,0.338508,0.4088603333,0.3904793333,0.4056266667,0.4007716667,0.3815323333,0,0.01487755639
1326,-1,-1,-1,,1,0.374513,0.372571,0.417381,0.363368,0.329816,0.403251,0.393949,0.444781,0.382325,0.388102,,
1326,1329,1330,0,0.3769845,2,0.3769845,0.3351875,0.394834,0.3169955,0.342854,0.411665,0.3887445,0.3860495,0.409995,0.3782475,0,0
1328,-1,-1,-1,,1,0.376678,0.34663,0.400243,0.306161,0.367463,0.410594,0.416717,0.384632,0.39246,0.362851,,
1328,-1,-1,-1,,1,0.377291,0.323745,0.389425,0.32783,0.318245,0.412736,0.360772,0.387467,0.42753,0.393644,,
1293,1332,1333,0,0.3417025,5,0.3629712,0.3890576,0.3743422,0.3754818,0.3423722,0.4058398,0.3718138,0.3683146,0.3440606,0.369642,0,0.02019457942
1331,-1,-1,-1,,1,0.334311,0.380229,0.393729,0.376769,0.294452,0.411208,0.364141,0.365241,0.356478,0.378905,,
1331,1334,1335,0,0.3581325,4,0.37013625,0.39126475,0.3694955,0.37516,0.35435225,0.40449775,0.373732,0.369083,0.34095625,0.36732625,0,0.01885600823
1333,-1,-1,-1,,1,0.349094,0.374688,0.374124,0.403807,0.34183,0.4003,0.357484,0.350856,0.327294,0.408773,,
1333,1336,1337,0,0.3690905,3,0.3771503333,0.3967903333,0.3679526667,0.365611,0.3585263333,0.405897,0.379148,0.3751586667,0.3455103333,0.3535106667,0,0.01968131748
1335,-1,-1,-1,,1,0.367171,0.374461,0.36431,0.359647,0.385576,0.411297,0.375805,0.355136,0.345436,0.364749,,
1335,1338,1339,0,0.38214,2,0.38214,0.407955,0.369774,0.368593,0.3450015,0.403197,0.3808195,0.38517,0.3455475,0.3478915,0,0
1337,-1,-1,-1,,1,0.37101,0.41104,0.406483,0.341235,0.373807,0.410441,0.37396,0.403489,0.364436,0.343149,,
1337,-1,-1,-1,,1,0.39327,0.40487,0.333065,0.395951,0.316196,0.395953,0.387679,0.366851,0.326659,0.352634,,
1292,1341,1342,0,0.396385,3,0.4041756667,0.3661203333,0.3882613333,0.369046,0.3526116667,0.4045313333,0.3449476667,0.4262463333,0.394736,0.4172803333,0,0.02101532136
1340,-1,-1,-1,,1,0.394563,0.38288,0.39279,0.353451,0.389349,0.405996,0.366226,0.404671,0.393583,0.402371,,
1340,1343,1344,0,0.408982,2,0.408982,0.3577405,0.385997,0.3768435,0.334243,0.403799,0.3343085,0.437034,0.3953125,0.424735,0,0
1342,-1,-1,-1,,1,0.398207,0.371719,0.356514,0.402741,0.341148,0.400571,0.326955,0.441439,0.353572,0.451025,,
1342,-1,-1,-1,,1,0.419757,0.343762,0.41548,0.350946,0.327338,0.407027,0.341662,0.432629,0.437053,0.398445,,
1287,1346,1347,0,0.3571885,4,0.3722245,0.429638,0.36314325,0.3470705,0.37060675,0.3953875,0.3450175,0.366937,0.36432125,0.3494615,0,0.02257639971
1345,-1,-1,-1,,1,0.338787,0.418727,0.353439,0.353165,0.345191,0.397961,0.336919,0.35207,0.365743,0.373228,,
1345,1348,1349,0,0.3786425,3,0.3833703333,0.433275,0.366378,0.345039,0.3790786667,0.3945296667,0.347717,0.3718926667,0.3638473333,0.3415393333,0,0.02439667045
1347,-1,-1,-1,,1,0.37559,0.436089,0.384587,0.361122,0.379157,0.394307,0.329484,0.389165,0.355325,0.31161,,
1347,1350,1351,0,0.3872605,2,0.3872605,0.431868,0.3572735,0.3369975,0.3790395,0.394641,0.3568335,0.3632565,0.3681085,0.356504,0,0
1349,-1,-1,-1,,1,0.381695,0.443318,0.356151,0.36434,0.412743,0.396235,0.349109,0.379417,0.350757,0.413781,,
1349,-1,-1,-1,,1,0.392826,0.420418,0.358396,0.309655,0.345336,0.393047,0.364558,0.347096,0.38546,0.299227,,
1280,1353,1676,2,0.7739225,324,0.5672072593,0.5628017809,0.5646646728,0.5709354352,0.5784206204,0.7843708735,0.7568966975,0.7626119228,0.761503892,0.7667780802,0.2315749376,0.05399490718
1352,1354,1385,4,0.15614,162,0.3389367407,0.3310574753,0.315524284,0.3436377037,0.3557209136,0.7657294259,0.7203618519,0.7285770309,0.7244614444,0.7381920309,0.02780657982,0.2377096535
1353,1355,1356,0,0.1093685,16,0.1536328125,0.1555540625,0.140264,0.1500885625,0.153748,0.859520125,0.841225375,0.8527355,0.847741625,0.84520825,0,0.02810181618
1354,-1,-1,-1,,1,0.099624,0.158428,0.148193,0.152381,0.154709,0.85046,0.81434,0.886039,0.847949,0.8496,,
1354,1357,1358,0,0.1213715,15,0.1572334,0.1553624667,0.1397354,0.1499357333,0.1536839333,0.8601241333,0.8430177333,0.8505152667,0.8477278,0.8449154667,0,0.02757892704
1356,-1,-1,-1,,1,0.119113,0.156809,0.110005,0.149033,0.154502,0.939979,0.856164,0.837005,0.893387,0.849091,,
1356,1359,1360,0,0.1250035,14,0.1599562857,0.1552591429,0.141859,0.1500002143,0.1536255,0.8544202143,0.8420787143,0.8514802857,0.8444664286,0.8446172143,0,0.02768698745
1358,-1,-1,-1,,1,0.12363,0.140476,0.164209,0.144591,0.155313,0.883293,0.837784,0.805406,0.816796,0.86767,,
1358,1361,1362,0,0.1349935,13,0.1627506154,0.1563963077,0.1401397692,0.1504163077,0.1534956923,0.8521992308,0.8424090769,0.8550244615,0.8465949231,0.8428439231,0,0.0270010724
1360,-1,-1,-1,,1,0.126377,0.118974,0.173649,0.213981,0.153091,0.87852,0.829106,0.886127,0.817264,0.817413,,
1360,1363,1364,0,0.1453475,12,0.16578175,0.1595148333,0.1373473333,0.14511925,0.1535294167,0.8500058333,0.8435176667,0.8524325833,0.8490391667,0.8449631667,0,0.0272777284
1362,-1,-1,-1,,1,0.14361,0.177281,0.076421,0.139462,0.154867,0.838288,0.847946,0.838702,0.836355,0.855427,,
1362,1365,1366,0,0.151228,11,0.1677973636,0.1578997273,0.1428860909,0.1456335455,0.1534078182,0.8510710909,0.8431150909,0.8536808182,0.8501922727,0.8440119091,0,0.0273453029
1364,-1,-1,-1,,1,0.147085,0.13324,0.189756,0.148076,0.153855,0.877899,0.798071,0.872791,0.858567,0.841854,,
1364,1367,1368,0,0.1555995,10,0.1698686,0.1603657,0.1381991,0.1453893,0.1533631,0.8483883,0.8476195,0.8517698,0.8493548,0.8442277,0,0.02769574577
1366,-1,-1,-1,,1,0.155371,0.196713,0.131993,0.137504,0.152012,0.828399,0.857032,0.875387,0.809035,0.814867,,
1366,1369,1370,0,0.1563835,9,0.1714794444,0.1563271111,0.1388886667,0.1462654444,0.1535132222,0.8506093333,0.8465736667,0.8491456667,0.8538347778,0.84749,0,0.0265285134
1368,-1,-1,-1,,1,0.155828,0.19272,0.184491,0.122507,0.153403,0.880206,0.841268,0.866301,0.837095,0.922503,,
1368,1371,1372,0,0.1574315,8,0.173435875,0.151778,0.133188375,0.14923525,0.153527,0.84690975,0.847236875,0.84700125,0.85592725,0.838113375,0,0.02751953188
1370,-1,-1,-1,,1,0.156939,0.150298,0.155255,0.157372,0.154275,0.854621,0.81902,0.868959,0.847811,0.86352,,
1370,1373,1374,0,0.162135,7,0.1757925714,0.1519894286,0.130036,0.1480728571,0.1534201429,0.8458081429,0.8512678571,0.8438644286,0.8570867143,0.8344838571,0,0.02786483086
1372,-1,-1,-1,,1,0.157924,0.200721,0.11571,0.132284,0.156048,0.849258,0.863365,0.824305,0.882577,0.800399,,
1372,1375,1376,0,0.1672835,6,0.1787706667,0.1438675,0.1324236667,0.1507043333,0.1529821667,0.8452331667,0.8492516667,0.8471243333,0.8528383333,0.8401646667,0,0.02727026551
1374,-1,-1,-1,,1,0.166346,0.142956,0.123949,0.183389,0.153344,0.875202,0.861393,0.8273,0.872245,0.771421,,
1374,1377,1378,0,0.1720295,5,0.1812556,0.1440498,0.1341186,0.1441674,0.1529098,0.8392394,0.8468234,0.8510892,0.848957,0.8539134,0,0.02765291803
1376,-1,-1,-1,,1,0.168221,0.117722,0.133094,0.171015,0.152666,0.890581,0.827721,0.858484,0.862731,0.875046,,
1376,1379,1380,0,0.1770565,4,0.18451425,0.15063175,0.13437475,0.1374555,0.15297075,0.826404,0.851599,0.8492405,0.8455135,0.84863025,0,0.02348937423
1378,-1,-1,-1,,1,0.175838,0.11853,0.083607,0.178593,0.152084,0.838617,0.912844,0.855558,0.849708,0.814101,,
1378,1381,1382,0,0.1832335,3,0.1874063333,0.1613323333,0.1512973333,0.123743,0.1532663333,0.822333,0.831184,0.8471346667,0.8441153333,0.86014,0,0.02073154803
1380,-1,-1,-1,,1,0.178275,0.173379,0.138326,0.122758,0.154774,0.763298,0.865634,0.850616,0.831026,0.86714,,
1380,1383,1384,0,0.191972,2,0.191972,0.155309,0.157783,0.1242355,0.1525125,0.8518505,0.813959,0.845394,0.85066,0.85664,0,0
1382,-1,-1,-1,,1,0.188192,0.150802,0.147871,0.141665,0.152699,0.821473,0.797161,0.885007,0.875072,0.878803,,
1382,-1,-1,-1,,1,0.195752,0.159816,0.167695,0.106806,0.152326,0.882228,0.830757,0.805781,0.826248,0.834477,,
1353,1386,1647,6,0.8759055,146,0.3592440205,0.350290726,0.3347308904,0.3648485685,0.3778549315,0.7554509932,0.7071165342,0.7149706233,0.7109512877,0.726464226,0.2432180681,0.02672392033
1385,1387,1412,5,0.4222125,131,0.3843216183,0.3729929847,0.3559316336,0.3886653282,0.4001236565,0.7445406947,0.6860611832,0.6998021832,0.6953001527,0.7143245115,0.0375825147,0.2426911463
1386,1388,1389,0,0.3036645,13,0.377495,0.3468746154,0.3498354615,0.3656965385,0.3751176923,0.4185058462,0.3760603846,0.373187,0.3548522308,0.3764522308,0,0.03717562243
1387,-1,-1,-1,,1,0.294016,0.351563,0.334038,0.372457,0.437493,0.416418,0.340474,0.411922,0.382974,0.335602,,
1387,1390,1391,0,0.329153,12,0.3844515833,0.3464839167,0.3511519167,0.3651331667,0.36991975,0.4186798333,0.3790259167,0.3699590833,0.35250875,0.3798564167,0,0.03719930868
1389,-1,-1,-1,,1,0.313313,0.305573,0.343156,0.366838,0.382709,0.4149,0.327688,0.422245,0.351756,0.391768,,
1389,1392,1393,0,0.345541,11,0.3909187273,0.3502030909,0.3518788182,0.3649781818,0.3687570909,0.4190234545,0.383693,0.3652058182,0.3525771818,0.3787735455,0,0.03775879857
1391,-1,-1,-1,,1,0.344993,0.363369,0.356011,0.351458,0.378908,0.41999,0.367997,0.400605,0.355343,0.310408,,
1391,1394,1395,0,0.3467385,10,0.3955113,0.3488865,0.3514656,0.3663302,0.367742,0.4189268,0.3852626,0.3616659,0.3523006,0.3856101,0,0.03599795318
1393,-1,-1,-1,,1,0.346089,0.336527,0.291573,0.383423,0.280788,0.422073,0.38063,0.423013,0.406037,0.436926,,
1393,1396,1397,0,0.349341,9,0.4010026667,0.3502597778,0.3581203333,0.364431,0.3774035556,0.4185772222,0.3857773333,0.3548495556,0.3463298889,0.3799083333,0,0.0353831649
1395,-1,-1,-1,,1,0.347388,0.357505,0.33913,0.432031,0.34872,0.41536,0.315222,0.333783,0.324349,0.386528,,
1395,1398,1399,0,0.3650135,8,0.4077045,0.349354125,0.360494125,0.355981,0.380989,0.418979375,0.39459675,0.357482875,0.3490775,0.379080875,0,0.03466598245
1397,-1,-1,-1,,1,0.351294,0.331519,0.373391,0.288686,0.373067,0.418674,0.370929,0.378924,0.348617,0.310134,,
1397,1400,1401,0,0.391645,7,0.4157631429,0.351902,0.3586517143,0.3655945714,0.3821207143,0.419023,0.3979778571,0.3544198571,0.3491432857,0.3889304286,0,0.03293573425
1399,-1,-1,-1,,1,0.378733,0.323918,0.36637,0.398192,0.299748,0.419427,0.343959,0.324063,0.365565,0.435243,,
1399,1402,1403,0,0.4060295,6,0.4219348333,0.356566,0.3573653333,0.3601616667,0.3958495,0.4189556667,0.406981,0.3594793333,0.3464063333,0.3812116667,0,0.03404244647
1401,-1,-1,-1,,1,0.404557,0.334121,0.315256,0.332179,0.387491,0.413637,0.4053,0.315715,0.368836,0.389563,,
1401,1404,1405,0,0.414795,5,0.4254104,0.361055,0.3657872,0.3657582,0.3975212,0.4200194,0.4073172,0.3682322,0.3419204,0.3795414,0,0.03326248297
1403,-1,-1,-1,,1,0.407502,0.374332,0.408655,0.356739,0.406363,0.421042,0.315851,0.369061,0.349645,0.384957,,
1403,1406,1407,0,0.422681,4,0.4298875,0.35773575,0.35507025,0.368013,0.39531075,0.41976375,0.43018375,0.368025,0.33998925,0.3781875,0,0.02881735533
1405,-1,-1,-1,,1,0.422088,0.416572,0.364196,0.364704,0.454834,0.417247,0.386795,0.416465,0.29806,0.41498,,
1405,1408,1409,0,0.427839,3,0.4324873333,0.3381236667,0.3520283333,0.369116,0.3754696667,0.4206026667,0.4446466667,0.3518783333,0.3539656667,0.3659233333,0,0.02796908628
1407,-1,-1,-1,,1,0.423274,0.33793,0.366414,0.350631,0.336829,0.418616,0.451261,0.34334,0.412418,0.388608,,
1407,1410,1411,0,0.437094,2,0.437094,0.3382205,0.3448355,0.3783585,0.39479,0.421596,0.4413395,0.3561475,0.3247395,0.354581,0,0
1409,-1,-1,-1,,1,0.432404,0.307039,0.354871,0.401011,0.439824,0.421335,0.434862,0.331292,0.292343,0.404352,,
1409,-1,-1,-1,,1,0.441784,0.369402,0.3348,0.355706,0.349756,0.421857,0.447817,0.381003,0.357136,0.30481,,
1386,1413,1624,2,0.762002,118,0.3850737034,0.3758704322,0.3566032458,0.3911957881,0.4028785508,0.7804597881,0.7202138136,0.7357852119,0.7328071271,0.7515477288,0.2334373585,0.03063533451
1412,1414,1433,5,0.4468115,106,0.3374674906,0.3278241698,0.3099697075,0.3445064057,0.3580236038,0.7778468585,0.7130596604,0.7277988868,0.7257728585,0.7451581038,0.0360112313,0.2281796557
1413,1415,1416,0,0.2965195,10,0.3577056,0.3486329,0.3731604,0.340064,0.3553573,0.4317537,0.344247,0.3377895,0.3570919,0.3655614,0,0.0360383664
1414,-1,-1,-1,,1,0.294144,0.388221,0.38168,0.327965,0.303795,0.424994,0.390626,0.311226,0.364549,0.373931,,
1414,1417,1418,0,0.3022835,9,0.364768,0.3442342222,0.3722137778,0.3414083333,0.3610864444,0.4325047778,0.3390937778,0.340741,0.3562633333,0.3646314444,0,0.0348815651
1416,-1,-1,-1,,1,0.298895,0.401256,0.317127,0.382836,0.345525,0.422776,0.291219,0.330009,0.311845,0.382521,,
1416,1419,1420,0,0.3183955,8,0.373002125,0.3371065,0.379099625,0.336229875,0.363031625,0.433720875,0.345078125,0.3420825,0.361815625,0.36239525,0,0.03539766709
1418,-1,-1,-1,,1,0.305672,0.35874,0.412209,0.365981,0.378834,0.422352,0.348951,0.364193,0.383946,0.354064,,
1418,1421,1422,0,0.338167,7,0.3826207143,0.334016,0.3743697143,0.3319797143,0.3607741429,0.435345,0.3445248571,0.3389238571,0.3586541429,0.3635854286,0,0.03450242036
1420,-1,-1,-1,,1,0.331119,0.378588,0.355625,0.335582,0.295332,0.446069,0.313827,0.286726,0.346426,0.3908,,
1420,1423,1424,0,0.350443,6,0.3912043333,0.3265873333,0.3774938333,0.3313793333,0.3716811667,0.4335576667,0.3496411667,0.3476235,0.3606921667,0.3590496667,0,0.02908169857
1422,-1,-1,-1,,1,0.345215,0.300201,0.375237,0.376893,0.342232,0.423308,0.304113,0.469211,0.32987,0.334251,,
1422,1425,1426,0,0.3673535,5,0.4004022,0.3318646,0.3779452,0.3222766,0.377571,0.4356076,0.3587468,0.323306,0.3668566,0.3640094,0,0.0281618395
1424,-1,-1,-1,,1,0.355671,0.329928,0.373153,0.384009,0.37499,0.437717,0.380784,0.321111,0.354506,0.319756,,
1424,1427,1428,0,0.381616,4,0.411585,0.33234875,0.37914325,0.3068435,0.37821625,0.43508025,0.3532375,0.32385475,0.36994425,0.37507275,0,0.03006721767
1426,-1,-1,-1,,1,0.379036,0.317258,0.370852,0.286545,0.399896,0.425902,0.374583,0.330003,0.370488,0.40029,,
1426,1429,1430,0,0.399012,3,0.4224346667,0.337379,0.381907,0.3136096667,0.3709896667,0.4381396667,0.3461223333,0.3218053333,0.369763,0.366667,0,0.02632350445
1428,-1,-1,-1,,1,0.384196,0.358522,0.405394,0.331861,0.402483,0.440903,0.346249,0.327374,0.344138,0.432702,,
1428,1431,1432,0,0.441554,2,0.441554,0.3268075,0.3701635,0.304484,0.355243,0.436758,0.346059,0.319021,0.3825755,0.3336495,0,0
1430,-1,-1,-1,,1,0.413828,0.361526,0.378571,0.280498,0.407849,0.430464,0.377539,0.300279,0.3902,0.323562,,
1430,-1,-1,-1,,1,0.46928,0.292089,0.361756,0.32847,0.302637,0.443052,0.314579,0.337763,0.374951,0.343737,,
1413,1434,1529,0,0.172359,96,0.3353593542,0.3256565938,0.3033873437,0.3449691563,0.3583013438,0.8138982292,0.7514776458,0.7684248646,0.764177125,0.7846994271,0.06374065266,0.2540880496
1433,1435,1520,9,0.8877465,48,0.1357643333,0.1639207292,0.1483905833,0.1660173958,0.1835074375,0.8587920417,0.8297861042,0.8509287292,0.8391404375,0.8508066042,0.06656802394,0.02151465296
1434,1436,1443,4,0.159314,43,0.1361517674,0.1660668605,0.1505709767,0.1670560465,0.1847575349,0.8594228837,0.8288490233,0.8491636512,0.8386742093,0.8448482093,0.02098355359,0.06932261963
1435,1437,1438,0,0.1333195,4,0.15044825,0.15150725,0.14216225,0.135527,0.15778375,0.838069,0.840076,0.848754,0.8527635,0.85516225,0,0.02112486221
1436,-1,-1,-1,,1,0.113857,0.166035,0.140731,0.163215,0.157607,0.824079,0.823178,0.837711,0.865061,0.845399,,
1436,1439,1440,0,0.158503,3,0.1626453333,0.1466646667,0.1426393333,0.1262976667,0.1578426667,0.8427323333,0.8457086667,0.852435,0.8486643333,0.8584166667,0,0.01058949329
1438,-1,-1,-1,,1,0.152782,0.160334,0.144602,0.082891,0.156773,0.802536,0.844677,0.813512,0.872999,0.819266,,
1438,1441,1442,0,0.167577,2,0.167577,0.13983,0.141658,0.148001,0.1583775,0.8628305,0.8462245,0.8718965,0.836497,0.877992,0,0
1440,-1,-1,-1,,1,0.164224,0.161219,0.148841,0.126311,0.159109,0.867597,0.854545,0.872343,0.834222,0.883713,,
1440,-1,-1,-1,,1,0.17093,0.118441,0.134475,0.169691,0.157646,0.858064,0.837904,0.87145,0.838772,0.872271,,
1435,1444,1449,7,0.8055925,39,0.1346854615,0.1675601538,0.1514334103,0.1702897949,0.1875240769,0.8616130256,0.8276975385,0.8492056667,0.8372291538,0.843790359,0.01973615537,0.07166435087
1443,1445,1446,0,0.127203,3,0.1386853333,0.145195,0.132787,0.1466666667,0.1806953333,0.8686526667,0.837452,0.8010096667,0.8531696667,0.845522,0,0.0120098145
1444,-1,-1,-1,,1,0.10091,0.127362,0.138937,0.124519,0.191628,0.914211,0.83675,0.800597,0.860782,0.808914,,
1444,1447,1448,0,0.157573,2,0.157573,0.1541115,0.129712,0.1577405,0.175229,0.8458735,0.837803,0.801216,0.8493635,0.863826,0,0
1446,-1,-1,-1,,1,0.153496,0.138786,0.141153,0.145736,0.181959,0.860148,0.833071,0.80205,0.836315,0.885585,,
1446,-1,-1,-1,,1,0.16165,0.169437,0.118271,0.169745,0.168499,0.831599,0.842535,0.800382,0.862412,0.842067,,
1443,1450,1485,2,0.1589865,36,0.1343521389,0.1694239167,0.1529872778,0.1722583889,0.1880931389,0.8610263889,0.8268846667,0.853222,0.8359007778,0.8436460556,0.09685677888,0.02278783491
1449,1451,1452,0,0.0555745,18,0.1344243889,0.1849467222,0.1242865,0.1793617778,0.2017744444,0.8614282222,0.8108392222,0.851731,0.8197655,0.8379307222,0,0.02988773153
1450,-1,-1,-1,,1,0.027714,0.790272,0.098697,0.797493,0.46784,0.985437,0.23495,0.809269,0.377912,0.562272,,
1450,1453,1454,0,0.0881155,17,0.1407014706,0.1493393529,0.1257917647,0.1430011176,0.1861235294,0.8541335882,0.8447150588,0.8542287647,0.8457568824,0.8541459412,0,0.02973539601
1452,-1,-1,-1,,1,0.083435,0.119939,0.144932,0.196426,0.191826,0.853931,0.861181,0.881034,0.80976,0.863773,,
1452,1455,1456,0,0.0948305,16,0.144280625,0.151176875,0.1245955,0.1396620625,0.185767125,0.85414625,0.8436859375,0.8525534375,0.8480066875,0.85354425,0,0.02941620765
1454,-1,-1,-1,,1,0.092796,0.157413,0.127137,0.133996,0.159519,0.860902,0.864974,0.893713,0.921016,0.851541,,
1454,1457,1458,0,0.1100795,15,0.1477129333,0.1507611333,0.1244260667,0.1400398,0.187517,0.8536958667,0.8422667333,0.8498094667,0.8431394,0.8536778,0,0.02925760685
1456,-1,-1,-1,,1,0.096865,0.220835,0.111888,0.140339,0.175631,0.860599,0.827284,0.837029,0.830689,0.883799,,
1456,1459,1460,0,0.128977,14,0.1513449286,0.1457558571,0.1253216429,0.1400184286,0.188366,0.8532027857,0.8433369286,0.8507223571,0.8440287143,0.8515262857,0,0.02968768848
1458,-1,-1,-1,,1,0.123294,0.120837,0.148255,0.161211,0.163068,0.83667,0.8403,0.825547,0.867593,0.871373,,
1458,1461,1462,0,0.1352185,13,0.1535026923,0.1476726923,0.1235575385,0.1383882308,0.190312,0.8544745385,0.8435705385,0.8526589231,0.8422160769,0.8499996154,0,0.02936639786
1460,-1,-1,-1,,1,0.13466,0.078522,0.123998,0.145852,0.191461,0.854786,0.782098,0.835896,0.814001,0.836319,,
1460,1463,1464,0,0.1377505,12,0.1550729167,0.15343525,0.1235208333,0.13776625,0.19021625,0.8544485833,0.84869325,0.8540558333,0.8445673333,0.8511396667,0,0.02900678504
1462,-1,-1,-1,,1,0.135777,0.192476,0.147561,0.171278,0.217306,0.8273,0.822299,0.881656,0.785872,0.858205,,
1462,1465,1466,0,0.140416,11,0.1568270909,0.1498860909,0.1213353636,0.1347197273,0.1877535455,0.8569166364,0.8510927273,0.8515467273,0.8499032727,0.8504973636,0,0.02926715031
1464,-1,-1,-1,,1,0.139724,0.100126,0.119103,0.108275,0.17862,0.838379,0.873307,0.879688,0.846514,0.883252,,
1464,1467,1468,0,0.1461965,10,0.1585374,0.1548621,0.1215586,0.1373642,0.1886669,0.8587704,0.8488713,0.8487326,0.8502422,0.8472219,0,0.02660871306
1466,-1,-1,-1,,1,0.141108,0.154094,0.041479,0.193155,0.167526,0.867905,0.857437,0.824385,0.941832,0.865279,,
1466,1469,1470,0,0.152017,9,0.160474,0.1549474444,0.1304563333,0.1311652222,0.1910158889,0.8577554444,0.8479195556,0.8514378889,0.8400655556,0.8452155556,0,0.02636056709
1468,-1,-1,-1,,1,0.151285,0.151678,0.123599,0.115779,0.183236,0.849942,0.832465,0.862081,0.915999,0.869909,,
1468,1471,1472,0,0.1550425,8,0.161622625,0.155356125,0.1313135,0.1330885,0.191988375,0.858732125,0.849851375,0.8501075,0.830573875,0.842128875,0,0.02684805698
1470,-1,-1,-1,,1,0.152749,0.162764,0.15327,0.171901,0.164337,0.886509,0.829565,0.869841,0.831551,0.836536,,
1470,1473,1474,0,0.1574145,7,0.1628902857,0.1542978571,0.1281768571,0.1275438571,0.1959385714,0.854764,0.8527494286,0.8472884286,0.8304342857,0.8429278571,0,0.02606797312
1472,-1,-1,-1,,1,0.157336,0.153758,0.113801,0.181654,0.230465,0.897476,0.859679,0.814972,0.815332,0.871191,,
1472,1475,1476,0,0.158824,6,0.163816,0.1543878333,0.1305728333,0.1185255,0.1901841667,0.8476453333,0.8515945,0.8526745,0.8329513333,0.8382173333,0,0.02516920682
1474,-1,-1,-1,,1,0.157493,0.151319,0.121537,0.190135,0.179738,0.856156,0.868899,0.822894,0.854074,0.860769,,
1474,1477,1478,0,0.1604545,5,0.1650806,0.1550016,0.13238,0.1042036,0.1922734,0.8459432,0.8481336,0.8586306,0.8287268,0.833707,0,0.02640786463
1476,-1,-1,-1,,1,0.160155,0.14248,0.124244,0.129631,0.1929,0.832946,0.86774,0.854722,0.793946,0.814971,,
1476,1479,1480,0,0.163149,4,0.166312,0.158132,0.134414,0.09784675,0.19211675,0.8491925,0.843232,0.85960775,0.837422,0.838391,0,0.02520418849
1478,-1,-1,-1,,1,0.160754,0.198023,0.126547,0.088528,0.167718,0.823919,0.84498,0.910758,0.847906,0.868288,,
1478,1481,1482,0,0.166468,3,0.1681646667,0.144835,0.1370363333,0.100953,0.2002496667,0.857617,0.8426493333,0.8425576667,0.8339273333,0.8284253333,0,0.02516312433
1480,-1,-1,-1,,1,0.165544,0.162143,0.125766,0.090397,0.220235,0.839827,0.873357,0.809135,0.857742,0.80907,,
1480,1483,1484,0,0.169475,2,0.169475,0.136181,0.1426715,0.106231,0.190257,0.866512,0.8272955,0.859269,0.82202,0.838103,0,0
1482,-1,-1,-1,,1,0.167392,0.15793,0.12947,0.159255,0.164173,0.866053,0.812603,0.837,0.860323,0.84113,,
1482,-1,-1,-1,,1,0.171558,0.114432,0.155873,0.053207,0.216341,0.866971,0.841988,0.881538,0.783717,0.835076,,
1449,1486,1487,0,0.083331,18,0.1342798889,0.1539011111,0.1816880556,0.165155,0.1744118333,0.8606245556,0.8429301111,0.854713,0.8520360556,0.8493613889,0,0.02239433904
1485,-1,-1,-1,,1,0.072721,0.185981,0.191991,0.196632,0.193187,0.850045,0.843811,0.865585,0.850017,0.884799,,
1485,1488,1489,0,0.098091,17,0.137901,0.1520140588,0.181082,0.1633034118,0.1733074118,0.8612468824,0.8428782941,0.8540734706,0.8521548235,0.8472768235,0,0.02230114765
1487,-1,-1,-1,,1,0.093941,0.17847,0.169748,0.200717,0.183935,0.878181,0.864241,0.838159,0.85112,0.838545,,
1487,1490,1491,0,0.1057465,16,0.1406485,0.1503605625,0.181790375,0.1609650625,0.1726431875,0.8601885,0.841543125,0.855068125,0.8522195,0.8478225625,0,0.02238445507
1489,-1,-1,-1,,1,0.102241,0.130881,0.1753,0.164734,0.184857,0.824493,0.847032,0.854311,0.870408,0.868877,,
1489,1492,1493,0,0.110469,15,0.143209,0.1516592,0.1822230667,0.1607138,0.1718289333,0.8625682,0.8411772,0.8551186,0.8510069333,0.8464189333,0,0.02169113705
1491,-1,-1,-1,,1,0.109252,0.147875,0.1621,0.231932,0.159586,0.853243,0.824828,0.876972,0.818706,0.846064,,
1491,1494,1495,0,0.1139685,14,0.1456345,0.1519295,0.1836604286,0.1556267857,0.1727034286,0.8632342857,0.842345,0.8535576429,0.8533141429,0.8464442857,0,0.02178501238
1493,-1,-1,-1,,1,0.111686,0.144962,0.163732,0.140485,0.17684,0.89813,0.831251,0.867917,0.849296,0.824797,,
1493,1496,1497,0,0.1255745,13,0.1482459231,0.1524654615,0.1851933846,0.1567915385,0.1723852308,0.86055,0.8431983846,0.8524530769,0.8536232308,0.8481094615,0,0.02188389358
1495,-1,-1,-1,,1,0.116251,0.149718,0.175792,0.168745,0.171074,0.865579,0.870675,0.841013,0.864437,0.807982,,
1495,1498,1499,0,0.1354665,12,0.1509121667,0.1526944167,0.1859768333,0.1557954167,0.1724945,0.8601309167,0.8409086667,0.8534064167,0.8527220833,0.8514534167,0,0.02223893819
1497,-1,-1,-1,,1,0.134898,0.161221,0.165636,0.15894,0.174288,0.870352,0.861218,0.879247,0.876215,0.833628,,
1497,1500,1501,0,0.138494,11,0.152368,0.1519192727,0.187826,0.1555095455,0.1723314545,0.8592017273,0.8390623636,0.8510572727,0.8505863636,0.8530739091,0,0.0230006159
1499,-1,-1,-1,,1,0.136035,0.146922,0.16917,0.136574,0.178982,0.865692,0.833883,0.860056,0.8415,0.862481,,
1499,1502,1503,0,0.142017,10,0.1540013,0.152419,0.1896916,0.1574031,0.1716664,0.8585527,0.8395803,0.8501574,0.851495,0.8521332,0,0.02240208911
1501,-1,-1,-1,,1,0.140953,0.121642,0.179572,0.222523,0.165648,0.832902,0.852017,0.869805,0.857465,0.867345,,
1501,1504,1505,0,0.144209,9,0.1554511111,0.1558386667,0.190816,0.1501675556,0.1723351111,0.8614027778,0.8381984444,0.8479743333,0.8508316667,0.850443,0,0.02210588361
1503,-1,-1,-1,,1,0.143081,0.146824,0.185236,0.187447,0.188942,0.856398,0.834226,0.905509,0.849676,0.839717,,
1503,1506,1507,0,0.147238,8,0.156997375,0.1569655,0.1915135,0.145507625,0.17025925,0.862028375,0.838695,0.8407825,0.850976125,0.85178375,0,0.02284085735
1505,-1,-1,-1,,1,0.145337,0.161007,0.185156,0.128221,0.175907,0.829852,0.856938,0.842161,0.867989,0.843442,,
1505,1508,1509,0,0.150779,7,0.1586631429,0.1563881429,0.1924217143,0.1479771429,0.1694524286,0.866625,0.8360888571,0.8405855714,0.8485457143,0.8529754286,0,0.02324104526
1507,-1,-1,-1,,1,0.149139,0.136331,0.179849,0.141083,0.175419,0.887223,0.798288,0.839838,0.852,0.883364,,
1507,1510,1511,0,0.155899,6,0.1602505,0.159731,0.1945171667,0.1491261667,0.168458,0.863192,0.842389,0.8407101667,0.84797,0.8479106667,0,0.02201597964
1509,-1,-1,-1,,1,0.152419,0.208045,0.219691,0.151997,0.164565,0.894987,0.830827,0.845577,0.882742,0.885076,,
1509,1512,1513,0,0.159417,5,0.1618168,0.1500682,0.1894824,0.148552,0.1692366,0.856833,0.8447014,0.8397368,0.8410156,0.8404776,0,0.02063072558
1511,-1,-1,-1,,1,0.159379,0.165916,0.207713,0.126411,0.162594,0.832549,0.87338,0.865716,0.801712,0.872296,,
1511,1514,1515,0,0.1601285,4,0.16242625,0.14610625,0.18492475,0.15408725,0.17089725,0.862904,0.83753175,0.833242,0.8508415,0.832523,0,0.01794611993
1513,-1,-1,-1,,1,0.159455,0.153486,0.171644,0.114475,0.160042,0.904597,0.826543,0.845526,0.851126,0.872344,,
1513,1516,1517,0,0.162073,3,0.1634166667,0.1436463333,0.1893516667,0.1672913333,0.1745156667,0.8490063333,0.8411946667,0.8291473333,0.8507466667,0.8192493333,0,0.01432354352
1515,-1,-1,-1,,1,0.160802,0.17761,0.202244,0.153617,0.173955,0.883633,0.829917,0.838469,0.827345,0.804046,,
1515,1518,1519,0,0.164724,2,0.164724,0.1266645,0.1829055,0.1741285,0.174796,0.831693,0.8468335,0.8244865,0.8624475,0.826851,0,0
1517,-1,-1,-1,,1,0.163344,0.128706,0.177304,0.14638,0.185866,0.833065,0.830688,0.810711,0.846818,0.847468,,
1517,-1,-1,-1,,1,0.166104,0.124623,0.188507,0.201877,0.163726,0.830321,0.862979,0.838262,0.878077,0.806234,,
1434,1521,1522,0,0.1222975,5,0.1324324,0.145464,0.1296392,0.157085,0.1727566,0.8533668,0.837845,0.8661084,0.84315,0.9020488,0,0.02117158668
1520,-1,-1,-1,,1,0.115989,0.155716,0.132886,0.119771,0.157305,0.843082,0.853885,0.897362,0.814704,0.904398,,
1520,1523,1524,0,0.129407,4,0.13654325,0.142901,0.1288275,0.1664135,0.1766195,0.855938,0.833835,0.858295,0.8502615,0.9014615,0,0.01978241756
1522,-1,-1,-1,,1,0.128606,0.17787,0.09306,0.156376,0.195021,0.872346,0.822663,0.876046,0.875791,0.918088,,
1522,1525,1526,0,0.132311,3,0.139189,0.1312446667,0.14075,0.1697593333,0.1704856667,0.8504686667,0.837559,0.852378,0.8417516667,0.8959193333,0,0.02045295375
1524,-1,-1,-1,,1,0.130208,0.116272,0.164298,0.196023,0.15879,0.84164,0.844457,0.861287,0.859704,0.889908,,
1524,1527,1528,0,0.1436795,2,0.1436795,0.138731,0.128976,0.1566275,0.1763335,0.854883,0.83411,0.8479235,0.8327755,0.898925,0,0
1526,-1,-1,-1,,1,0.134414,0.161054,0.115042,0.129091,0.171794,0.882223,0.818878,0.852371,0.793074,0.906036,,
1526,-1,-1,-1,,1,0.152945,0.116408,0.14291,0.184164,0.180873,0.827543,0.849342,0.843476,0.872477,0.891814,,
1433,1530,1537,0,0.1788545,48,0.534954375,0.4873924583,0.4583841042,0.5239209167,0.53309525,0.7690044167,0.6731691875,0.685921,0.6892138125,0.71859225,0.02817003495,0.2514749646
1529,1531,1532,0,0.173564,4,0.175161,0.15866225,0.15237175,0.148958,0.1743905,0.85267975,0.82351975,0.86979,0.87843175,0.85312325,0,0.0274615684
1530,-1,-1,-1,,1,0.17316,0.163473,0.174162,0.154549,0.161765,0.882899,0.83056,0.839053,0.886054,0.788469,,
1530,1533,1534,0,0.175006,3,0.175828,0.1570586667,0.1451083333,0.1470943333,0.178599,0.8426066667,0.821173,0.8800356667,0.875891,0.8746746667,0,0.02568317305
1532,-1,-1,-1,,1,0.173968,0.141552,0.099132,0.119427,0.18515,0.811476,0.843197,0.855299,0.894611,0.848121,,
1532,1535,1536,0,0.176758,2,0.176758,0.164812,0.1680965,0.160928,0.1753235,0.858172,0.810161,0.892404,0.866531,0.8879515,0,0
1534,-1,-1,-1,,1,0.176044,0.197961,0.148763,0.155524,0.167295,0.885591,0.803172,0.926119,0.815985,0.864774,,
1534,-1,-1,-1,,1,0.177472,0.131663,0.18743,0.166332,0.183352,0.830753,0.81715,0.858689,0.917077,0.911129,,
1529,1538,1545,5,0.4648445,44,0.5676628636,0.5172770227,0.4862034091,0.5580084545,0.5657047727,0.7613975682,0.6595009545,0.6692056364,0.6720121818,0.7063621591,0.03666424826,0.2487847796
1537,1539,1540,0,0.3669565,4,0.38512475,0.3729785,0.3918025,0.34980275,0.33133825,0.45197675,0.34419775,0.35591775,0.36336125,0.338766,0,0.03670694185
1538,-1,-1,-1,,1,0.345293,0.375264,0.41823,0.357567,0.344904,0.451512,0.406484,0.321972,0.388976,0.296472,,
1538,1541,1542,0,0.394362,3,0.398402,0.3722166667,0.3829933333,0.3472146667,0.3268163333,0.4521316667,0.3234356667,0.367233,0.354823,0.352864,0,0.03122785027
1540,-1,-1,-1,,1,0.38862,0.323935,0.377604,0.335736,0.39165,0.459567,0.396698,0.37589,0.393321,0.339639,,
1540,1543,1544,0,0.403293,2,0.403293,0.3963575,0.385688,0.352954,0.2943995,0.448414,0.2868045,0.3629045,0.335574,0.3594765,0,0
1542,-1,-1,-1,,1,0.400104,0.420543,0.365699,0.340413,0.288864,0.447554,0.287569,0.366569,0.244027,0.346301,,
1542,-1,-1,-1,,1,0.406482,0.372172,0.405677,0.365495,0.299935,0.449274,0.28604,0.35924,0.427121,0.372652,,
1537,1546,1593,2,0.736783,40,0.585916675,0.531706875,0.4956435,0.578829025,0.589141425,0.79233965,0.691031275,0.700534425,0.702877275,0.743121775,0.2610627535,0.0971225784
1545,1547,1550,5,0.500405,24,0.4731127083,0.37589675,0.32657175,0.4443495417,0.450080125,0.7925649167,0.6286302083,0.6514253333,0.63025375,0.72677475,0.02000597866,0.2639836762
1546,1548,1549,0,0.4008865,2,0.4008865,0.3504175,0.4233485,0.395413,0.374811,0.480056,0.3861395,0.3549635,0.4132115,0.3373115,0,0
1547,-1,-1,-1,,1,0.387595,0.306595,0.423856,0.385934,0.362222,0.470122,0.365654,0.328536,0.434187,0.33731,,
1547,-1,-1,-1,,1,0.414178,0.39424,0.422841,0.404892,0.3874,0.48999,0.406625,0.381391,0.392236,0.337313,,
1546,1551,1558,0,0.1879755,22,0.4796787273,0.3782130455,0.3177738636,0.4487983182,0.4569227727,0.8209748182,0.6506748182,0.6783764091,0.6499848636,0.7621805,0.02284194983,0.2693946378
1550,1552,1553,0,0.180927,4,0.18180675,0.1646485,0.1629455,0.13706425,0.17037975,0.84244425,0.84251075,0.843313,0.8742155,0.84762175,0,0.02049648077
1551,-1,-1,-1,,1,0.180237,0.203368,0.144273,0.143292,0.168214,0.869055,0.798382,0.862976,0.850157,0.821439,,
1551,1554,1555,0,0.1821035,3,0.18233,0.151742,0.1691696667,0.1349883333,0.1711016667,0.833574,0.8572203333,0.8367586667,0.882235,0.8563493333,0,0.0118212255
1553,-1,-1,-1,,1,0.181617,0.133211,0.187588,0.111463,0.164388,0.767906,0.8658,0.846098,0.872732,0.830009,,
1553,1556,1557,0,0.1826865,2,0.1826865,0.1610075,0.1599605,0.146751,0.1744585,0.866408,0.8529305,0.832089,0.8869865,0.8695195,0,0
1555,-1,-1,-1,,1,0.18259,0.18421,0.168913,0.167054,0.178516,0.867295,0.85182,0.827754,0.901478,0.858592,,
1555,-1,-1,-1,,1,0.182783,0.137805,0.151008,0.126448,0.170401,0.865521,0.854041,0.836424,0.872495,0.880447,,
1550,1559,1560,0,0.197618,18,0.5458725,0.4256718333,0.3521801667,0.5180725556,0.520599,0.8162038333,0.6080446111,0.6417238333,0.6001558333,0.7431935556,0,0.2701006646
1558,-1,-1,-1,,1,0.193168,0.152918,0.162218,0.179204,0.200611,0.865589,0.827175,0.85988,0.857982,0.830557,,
1558,1561,1562,0,0.2026165,17,0.5666198235,0.4417161765,0.3633544118,0.538006,0.5394218235,0.8132988235,0.5951545882,0.6288911176,0.5849895882,0.7380545294,0,0.2702032991
1560,-1,-1,-1,,1,0.202068,0.147334,0.197809,0.177904,0.178415,0.844467,0.862182,0.805486,0.799216,0.886248,,
1560,1563,1564,0,0.2046815,16,0.5894043125,0.4601150625,0.373701,0.560512375,0.56198475,0.8113508125,0.578465375,0.6178539375,0.5716004375,0.7287924375,0,0.2675723655
1562,-1,-1,-1,,1,0.203165,0.117171,0.13597,0.167918,0.156333,0.826025,0.775653,0.911441,0.864046,0.903788,,
1562,1565,1566,0,0.212678,15,0.6151536,0.482978,0.3895497333,0.5866853333,0.5890282,0.8103725333,0.5653195333,0.5982814667,0.5521040667,0.7171260667,0,0.2613300686
1564,-1,-1,-1,,1,0.206198,0.099887,0.180062,0.13892,0.176697,0.907934,0.871063,0.947323,0.903166,0.869288,,
1564,1567,1568,0,0.286258,14,0.6443647143,0.5103416429,0.4045131429,0.6186685714,0.6184804286,0.8034038571,0.5434807143,0.5733499286,0.5270282143,0.7062573571,0,0.2542297074
1566,-1,-1,-1,,1,0.219158,0.118109,0.171824,0.129616,0.218622,0.831843,0.827454,0.854825,0.855313,0.846784,,
1566,1569,1570,0,0.3555415,13,0.6770729231,0.5405133846,0.4224123077,0.656288,0.6492387692,0.8012162308,0.5216366154,0.551698,0.5017755385,0.6954476154,0,0.2479929108
1568,-1,-1,-1,,1,0.353358,0.894656,0.482667,0.17705,0.672504,0.779169,0.495655,0.46701,0.044278,0.183704,,
1568,1571,1572,0,0.4309865,12,0.7040491667,0.5110015,0.4173910833,0.6962245,0.6473,0.8030535,0.52380175,0.5587553333,0.5399003333,0.7380929167,0,0.2257167557
1570,-1,-1,-1,,1,0.357725,0.280384,0.412269,0.003019,0.748064,0.718927,0.009995,0.990073,0.164285,0.133315,,
1570,1573,1574,0,0.5097295,11,0.7355331818,0.5319667273,0.4178567273,0.7592431818,0.6381396364,0.8107013636,0.5705114545,0.5195446364,0.5740471818,0.7930727273,0,0.2270142546
1572,-1,-1,-1,,1,0.504248,0.890673,0.540107,0.573065,0.506506,0.845817,0.642837,0.168243,0.660138,0.945965,,
1572,1575,1576,0,0.5687715,10,0.7586617,0.4960961,0.4056317,0.777861,0.651303,0.8071898,0.5632789,0.5546748,0.5654381,0.7777835,0,0.2288855816
1574,-1,-1,-1,,1,0.515211,0.146016,0.085667,0.801312,0.652215,0.779048,0.46209,0.345828,0.335386,0.826676,,
1574,1577,1578,0,0.6258095,9,0.7857117778,0.5349938889,0.4411833333,0.7752553333,0.6512016667,0.8103166667,0.5745221111,0.57788,0.5909994444,0.772351,0,0.2199948677
1576,-1,-1,-1,,1,0.622332,0.525863,0.176114,0.953124,0.158617,0.871946,0.79729,0.056427,0.373576,0.697875,,
1576,1579,1580,0,0.6827115,8,0.80613425,0.53613525,0.474317,0.75302175,0.71277475,0.802613,0.546676125,0.643061625,0.618177375,0.7816605,0,0.217790762
1578,-1,-1,-1,,1,0.629287,0.430571,0.605878,0.998268,0.894445,0.935834,0.566841,0.896539,0.125883,0.711332,,
1578,1581,1582,0,0.748595,7,0.8313981429,0.5512158571,0.4555225714,0.7179865714,0.6868218571,0.7835814286,0.5437954286,0.6068505714,0.6885051429,0.7917074286,0,0.2160343207
1580,-1,-1,-1,,1,0.736136,0.236101,0.147601,0.72939,0.864991,0.897646,0.731612,0.205076,0.708682,0.815729,,
1580,1583,1584,0,0.761266,6,0.8472751667,0.603735,0.5068428333,0.716086,0.657127,0.7645706667,0.5124926667,0.673813,0.6851423333,0.7877038333,0,0.2204363165
1582,-1,-1,-1,,1,0.761054,0.868097,0.733571,0.786305,0.828641,0.839169,0.84885,0.821121,0.755635,0.808267,,
1582,1585,1586,0,0.7886535,5,0.8645194,0.5508626,0.4614972,0.7020422,0.6228242,0.749651,0.4452212,0.6443514,0.6710438,0.7835912,0,0.2250757229
1584,-1,-1,-1,,1,0.761478,0.811303,0.734321,0.817794,0.799511,0.820777,0.739425,0.747584,0.818633,0.815927,,
1584,1587,1588,0,0.8288415,4,0.89027975,0.4857525,0.39329125,0.67310425,0.5786525,0.7318695,0.37167025,0.61854325,0.6341465,0.77550725,0,0.2099536258
1586,-1,-1,-1,,1,0.815829,0.850914,0.719003,0.794961,0.777979,0.788269,0.805495,0.777749,0.742076,0.770364,,
1586,1589,1590,0,0.890966,3,0.9150966667,0.364032,0.2847206667,0.6324853333,0.5122103333,0.7130696667,0.227062,0.5654746667,0.59817,0.7772216667,0,0.1269544683
1588,-1,-1,-1,,1,0.841854,0.044223,0.255434,0.081235,0.309961,0.51082,0.344817,0.341043,0.911208,0.675752,,
1588,1591,1592,0,0.951718,2,0.951718,0.5239365,0.299364,0.9081105,0.613335,0.8141945,0.1681845,0.6776905,0.441651,0.8279565,0,0
1590,-1,-1,-1,,1,0.940078,0.885836,0.247813,0.987605,0.670605,0.850431,0.199785,0.792792,0.454679,0.782337,,
1590,-1,-1,-1,,1,0.963358,0.162037,0.350915,0.828616,0.556065,0.777958,0.136584,0.562589,0.428623,0.873576,,
1545,1594,1595,0,0.45272,16,0.755122625,0.7654220625,0.749251125,0.78054825,0.797733375,0.79200175,0.784632875,0.7741980625,0.8118125625,0.7676423125,0,0.02806631514
1593,-1,-1,-1,,1,0.18089,0.222214,0.756731,0.379234,0.791728,0.576395,0.462925,0.3843,0.92749,0.31731,,
1593,1596,1597,0,0.7465565,15,0.7934048,0.8016359333,0.7487524667,0.8073025333,0.7981337333,0.8063755333,0.8060800667,0.8001912667,0.8041007333,0.7976644667,0,0.02690405786
1595,-1,-1,-1,,1,0.72455,0.808439,0.750806,0.798688,0.766328,0.761962,0.746182,0.80407,0.867937,0.784529,,
1595,1598,1599,0,0.7686795,14,0.798323,0.80115,0.7486057857,0.8079178571,0.8004055714,0.8095479286,0.8103585,0.7999142143,0.799541,0.7986027143,0,0.02702348698
1597,-1,-1,-1,,1,0.768563,0.76478,0.746658,0.81995,0.803704,0.851234,0.803182,0.818393,0.787142,0.83454,,
1597,1600,1601,0,0.7706105,13,0.8006122308,0.8039476923,0.7487556154,0.8069923077,0.8001518462,0.8063413077,0.8109105385,0.7984927692,0.8004947692,0.7958383077,0,0.02577209576
1599,-1,-1,-1,,1,0.768796,0.770098,0.745327,0.73459,0.824351,0.843338,0.83025,0.754446,0.842309,0.820946,,
1599,1602,1603,0,0.772611,12,0.8032635833,0.8067685,0.7490413333,0.8130258333,0.79813525,0.80325825,0.8092989167,0.8021633333,0.79701025,0.793746,0,0.02468454129
1601,-1,-1,-1,,1,0.772425,0.80923,0.75097,0.791252,0.749833,0.766331,0.814339,0.828544,0.723649,0.774078,,
1601,1604,1605,0,0.774507,11,0.8060670909,0.8065447273,0.748866,0.8150052727,0.8025263636,0.8066152727,0.8088407273,0.7997650909,0.8036794545,0.795534,0,0.02274312433
1603,-1,-1,-1,,1,0.772797,0.81229,0.745849,0.851436,0.820426,0.812038,0.874691,0.767523,0.806082,0.72002,,
1603,1606,1607,0,0.779237,10,0.8093941,0.8059702,0.7491677,0.8113622,0.8007364,0.806073,0.8022557,0.8029893,0.8034392,0.8030854,0,0.0224560548
1605,-1,-1,-1,,1,0.776217,0.832546,0.739245,0.822233,0.789267,0.770265,0.799852,0.760493,0.803882,0.781709,,
1605,1608,1609,0,0.788398,9,0.8130804444,0.8030173333,0.7502702222,0.8101543333,0.8020107778,0.8100516667,0.8025227778,0.8077111111,0.80339,0.8054605556,0,0.02278530276
1607,-1,-1,-1,,1,0.782257,0.823193,0.743545,0.810676,0.81051,0.841718,0.784314,0.807119,0.819181,0.824547,,
1607,1610,1611,0,0.7959255,8,0.816933375,0.800495375,0.751110875,0.810089125,0.800948375,0.806093375,0.804798875,0.807785125,0.801416125,0.80307475,0,0.02300723015
1609,-1,-1,-1,,1,0.794539,0.816937,0.748132,0.783317,0.835812,0.797141,0.799069,0.832396,0.822214,0.795583,,
1609,1612,1613,0,0.7998745,7,0.8201325714,0.7981465714,0.7515364286,0.8139137143,0.7959678571,0.8073722857,0.8056174286,0.8042692857,0.798445,0.804145,0,0.02129802482
1611,-1,-1,-1,,1,0.797312,0.808955,0.755661,0.841102,0.843963,0.761318,0.838677,0.822776,0.80079,0.838385,,
1611,1614,1615,0,0.8026545,6,0.823936,0.7963451667,0.750849,0.8093823333,0.7879686667,0.815048,0.8001075,0.8011848333,0.7980541667,0.7984383333,0,0.02111727925
1613,-1,-1,-1,,1,0.802437,0.806847,0.752504,0.833192,0.791086,0.781118,0.776794,0.820278,0.823217,0.782465,,
1613,1616,1617,0,0.808522,5,0.8282358,0.7942448,0.750518,0.8046204,0.7873452,0.821834,0.8047702,0.7973662,0.7930216,0.801633,0,0.01949002016
1615,-1,-1,-1,,1,0.802872,0.796837,0.75227,0.76326,0.769952,0.8109,0.817263,0.794325,0.841035,0.781004,,
1615,1618,1619,0,0.8224235,4,0.83457675,0.79359675,0.75008,0.8149605,0.7916935,0.8245675,0.801647,0.7981265,0.78101825,0.80679025,0,0.01716473678
1617,-1,-1,-1,,1,0.814172,0.843151,0.761123,0.804608,0.805277,0.791353,0.800073,0.816692,0.7785,0.811728,,
1617,1620,1621,0,0.8325515,3,0.8413783333,0.7770786667,0.746399,0.8184113333,0.7871656667,0.835639,0.8021716667,0.791938,0.7818576667,0.8051443333,0,0.0136788202
1619,-1,-1,-1,,1,0.830675,0.763404,0.743292,0.840743,0.82559,0.839335,0.828619,0.784394,0.800317,0.804346,,
1619,1622,1623,0,0.84673,2,0.84673,0.783916,0.7479525,0.8072455,0.7679535,0.833791,0.788948,0.79571,0.772628,0.8055435,0,0
1621,-1,-1,-1,,1,0.834428,0.761337,0.74449,0.816139,0.740908,0.843476,0.784886,0.808676,0.773398,0.815955,,
1621,-1,-1,-1,,1,0.859032,0.806495,0.751415,0.798352,0.794999,0.824106,0.79301,0.782744,0.771858,0.795132,,
1412,1625,1626,0,0.7582525,12,0.80559525,0.8002790833,0.7685328333,0.8036186667,0.79909725,0.8035406667,0.7834088333,0.8063310833,0.7949431667,0.8079894167,0,0.03077083683
1624,-1,-1,-1,,1,0.754199,0.812987,0.769049,0.832906,0.78177,0.799034,0.790594,0.79333,0.73887,0.828426,,
1624,1627,1628,0,0.7690135,11,0.8102676364,0.7991238182,0.7684859091,0.8009561818,0.8006724545,0.8039503636,0.7827556364,0.807513,0.8000407273,0.8061315455,0,0.03137788288
1626,-1,-1,-1,,1,0.762306,0.770169,0.762914,0.818433,0.795924,0.820924,0.767637,0.841318,0.804574,0.806576,,
1626,1629,1630,0,0.782151,10,0.8150638,0.8020193,0.7690431,0.7992085,0.8011473,0.802253,0.7842675,0.8041325,0.7995874,0.8060871,0,0.03053966668
1628,-1,-1,-1,,1,0.775721,0.765878,0.772536,0.779071,0.842312,0.800769,0.751546,0.847357,0.730236,0.824739,,
1628,1631,1632,0,0.789443,9,0.8194352222,0.806035,0.768655,0.801446,0.7965734444,0.8024178889,0.7879032222,0.7993297778,0.8072931111,0.8040146667,0,0.03139024671
1630,-1,-1,-1,,1,0.788581,0.8154,0.769515,0.836317,0.817334,0.825002,0.762357,0.778996,0.791547,0.798264,,
1630,1633,1634,0,0.794205,8,0.823292,0.804864375,0.7685475,0.797087125,0.793978375,0.799594875,0.7910965,0.8018715,0.809261375,0.8047335,0,0.03142839002
1632,-1,-1,-1,,1,0.790305,0.821119,0.76612,0.750829,0.820567,0.826145,0.800052,0.845531,0.79265,0.840828,,
1632,1635,1636,0,0.807708,7,0.8280044286,0.8025422857,0.7688942857,0.8036954286,0.79018,0.795802,0.7898171429,0.7956344286,0.8116344286,0.7995771429,0,0.03007759954
1634,-1,-1,-1,,1,0.798105,0.827676,0.762881,0.824742,0.792438,0.76101,0.721023,0.75452,0.827006,0.853051,,
1634,1637,1638,0,0.821154,6,0.8329876667,0.7983533333,0.7698965,0.8001876667,0.7898036667,0.8016006667,0.8012828333,0.8024868333,0.8090725,0.7906648333,0,0.03000766014
1636,-1,-1,-1,,1,0.817311,0.831271,0.7649,0.825219,0.789328,0.856607,0.757548,0.779877,0.806602,0.774018,,
1636,1639,1640,0,0.8279035,5,0.836123,0.7917698,0.7708958,0.7951814,0.7898988,0.7905994,0.8100298,0.8070088,0.8095666,0.7939942,0,0.02895151606
1638,-1,-1,-1,,1,0.824997,0.76882,0.76928,0.816071,0.741076,0.807443,0.858657,0.846844,0.783452,0.822385,,
1638,1641,1642,0,0.832534,4,0.8389045,0.79750725,0.77129975,0.789959,0.8021045,0.7863885,0.797873,0.79705,0.81609525,0.7868965,0,0.0279947769
1640,-1,-1,-1,,1,0.83081,0.794796,0.773751,0.751778,0.793324,0.807395,0.835816,0.771834,0.820631,0.728921,,
1640,1643,1644,0,0.8357055,3,0.8416026667,0.798411,0.7704826667,0.802686,0.8050313333,0.7793863333,0.7852253333,0.8054553333,0.8145833333,0.8062216667,0,0.0185202208
1642,-1,-1,-1,,1,0.834258,0.744604,0.772211,0.792252,0.825669,0.833544,0.799794,0.784173,0.823888,0.743539,,
1642,1645,1646,0,0.845275,2,0.845275,0.8253145,0.7696185,0.807903,0.7947125,0.7523075,0.777941,0.8160965,0.809931,0.837563,0,0
1644,-1,-1,-1,,1,0.837153,0.812294,0.771855,0.79291,0.809103,0.750564,0.786045,0.803963,0.791028,0.8843,,
1644,-1,-1,-1,,1,0.853397,0.838335,0.767382,0.822896,0.780322,0.754051,0.769837,0.82823,0.828834,0.790826,,
1385,1648,1649,0,0.1020405,15,0.140233,0.1520243333,0.1495777333,0.1568488667,0.1833747333,0.8507342667,0.8909999333,0.8474416667,0.8476378667,0.8324844,0,0.02665391919
1647,-1,-1,-1,,1,0.100015,0.167464,0.161489,0.144015,0.179604,0.917829,0.901812,0.859109,0.833552,0.837382,,
1647,1650,1651,0,0.1084895,14,0.1431057143,0.1509215,0.1487269286,0.1577655714,0.1836440714,0.8459417857,0.8902276429,0.8466082857,0.848644,0.8321345714,0,0.02629029379
1649,-1,-1,-1,,1,0.104066,0.198593,0.161767,0.120796,0.171062,0.883276,0.884833,0.805799,0.86578,0.838996,,
1649,1652,1653,0,0.113986,13,0.1461087692,0.1472544615,0.1477238462,0.1606093846,0.1846119231,0.8430699231,0.8906426154,0.8497474615,0.8473258462,0.8316067692,0,0.02599922467
1651,-1,-1,-1,,1,0.112913,0.16036,0.160765,0.148774,0.219535,0.810558,0.88278,0.86636,0.811425,0.882389,,
1651,1654,1655,0,0.1183285,12,0.1488750833,0.1461623333,0.1466370833,0.1615956667,0.1817016667,0.84577925,0.8912978333,0.8483630833,0.8503175833,0.8273749167,0,0.02457920238
1653,-1,-1,-1,,1,0.115059,0.156406,0.187963,0.242324,0.175482,0.900978,0.880135,0.87106,0.864384,0.820907,,
1653,1656,1657,0,0.1243005,11,0.1519492727,0.1452310909,0.1428801818,0.1542567273,0.1822670909,0.8407611818,0.8923126364,0.8462997273,0.8490388182,0.8279629091,0,0.02439673572
1655,-1,-1,-1,,1,0.121598,0.145404,0.137118,0.09942,0.174419,0.83169,0.926476,0.875741,0.83698,0.823508,,
1655,1658,1659,0,0.128789,10,0.1549844,0.1452138,0.1434564,0.1597404,0.1830519,0.8416683,0.8888963,0.8433556,0.8502447,0.8284084,0,0.02350505269
1657,-1,-1,-1,,1,0.127003,0.135737,0.192304,0.191653,0.174647,0.832307,0.87712,0.88439,0.80356,0.847878,,
1657,1660,1661,0,0.1352795,9,0.1580934444,0.1462667778,0.1380288889,0.1561945556,0.1839857778,0.8427084444,0.8902047778,0.8387962222,0.8554318889,0.8262451111,0,0.02425772026
1659,-1,-1,-1,,1,0.130575,0.124298,0.129343,0.143219,0.165155,0.849671,0.902764,0.836201,0.84492,0.840132,,
1659,1662,1663,0,0.143068,8,0.16153325,0.149012875,0.139114625,0.1578165,0.186339625,0.841838125,0.888634875,0.839120625,0.856745875,0.82450925,0,0.0222257878
1661,-1,-1,-1,,1,0.139984,0.155736,0.090293,0.166021,0.204584,0.812485,0.890059,0.906722,0.820942,0.854926,,
1661,1664,1665,0,0.1532705,7,0.1646117143,0.1480524286,0.1460891429,0.1566444286,0.1837332857,0.8460314286,0.8884314286,0.8294632857,0.8618607143,0.820164,0,0.02176086021
1663,-1,-1,-1,,1,0.146152,0.142217,0.170912,0.169492,0.156232,0.820332,0.894144,0.790663,0.88861,0.841599,,
1663,1666,1667,0,0.1623205,6,0.1676883333,0.149025,0.141952,0.1545031667,0.1883168333,0.8503146667,0.8874793333,0.83593,0.8574025,0.8165915,0,0.02229855122
1665,-1,-1,-1,,1,0.160389,0.170324,0.14835,0.190734,0.199743,0.860849,0.882469,0.812532,0.873654,0.821095,,
1665,1668,1669,0,0.1651135,5,0.1691482,0.1447652,0.1406724,0.147257,0.1860316,0.8482078,0.8884814,0.8406096,0.8541522,0.8156908,0,0.01944988498
1667,-1,-1,-1,,1,0.164252,0.112961,0.167258,0.165687,0.170611,0.829248,0.896035,0.810655,0.917644,0.826587,,
1667,1670,1671,0,0.166997,4,0.17037225,0.15271625,0.134026,0.1426495,0.18988675,0.85294775,0.886593,0.84809825,0.83827925,0.81296675,0,0.01663594353
1669,-1,-1,-1,,1,0.165975,0.183415,0.090241,0.110082,0.164773,0.865326,0.896927,0.856361,0.847702,0.801362,,
1669,1672,1673,0,0.170587,3,0.171838,0.1424833333,0.148621,0.1535053333,0.198258,0.8488216667,0.8831483333,0.845344,0.8351383333,0.816835,0,0.01455002282
1671,-1,-1,-1,,1,0.168019,0.166582,0.167285,0.133061,0.199235,0.832541,0.882681,0.831693,0.831266,0.846553,,
1671,1674,1675,0,0.1737475,2,0.1737475,0.130434,0.139289,0.1637275,0.1977695,0.856962,0.883382,0.8521695,0.8370745,0.801976,0,0
1673,-1,-1,-1,,1,0.173155,0.12131,0.123793,0.15275,0.226501,0.851499,0.882385,0.86133,0.85759,0.784322,,
1673,-1,-1,-1,,1,0.17434,0.139558,0.154785,0.174705,0.169038,0.862425,0.884379,0.843009,0.816559,0.81963,,
1352,1677,1708,2,0.780315,162,0.7954777778,0.7945460864,0.8138050617,0.7982331667,0.8011203272,0.803012321,0.7934315432,0.7966468148,0.7985463395,0.7953641296,0.02480803862,0.0560801157
1676,1678,1679,0,0.76283,16,0.798336375,0.7790864375,0.77739,0.7997268125,0.8098023125,0.8110196875,0.8006700625,0.804849375,0.79621925,0.7988983125,0,0.02471168782
1677,-1,-1,-1,,1,0.759885,0.771673,0.774506,0.804745,0.825241,0.863423,0.800742,0.838784,0.815111,0.779384,,
1677,1680,1681,0,0.768042,15,0.8008998,0.7795806667,0.7775822667,0.7993922667,0.8087730667,0.8075261333,0.8006652667,0.8025870667,0.7949598,0.8001992667,0,0.02399704025
1679,-1,-1,-1,,1,0.765775,0.775867,0.779743,0.828751,0.816641,0.859339,0.779014,0.768689,0.84525,0.835419,,
1679,1682,1683,0,0.77077,14,0.8034087143,0.7798459286,0.7774279286,0.7972952143,0.8082110714,0.8038252143,0.8022117857,0.8050083571,0.7913676429,0.7976835714,0,0.02452032862
1681,-1,-1,-1,,1,0.770309,0.764172,0.779121,0.801055,0.821046,0.811171,0.826553,0.809158,0.791603,0.787898,,
1681,1684,1685,0,0.775453,13,0.8059548462,0.7810516154,0.7772976923,0.797006,0.8072237692,0.8032601538,0.8003393846,0.8046891538,0.7913495385,0.7984363077,0,0.02453853206
1683,-1,-1,-1,,1,0.771231,0.824587,0.77478,0.797401,0.820207,0.799896,0.799962,0.760974,0.775466,0.798048,,
1683,1686,1687,0,0.787336,12,0.8088485,0.7774236667,0.7775075,0.7969730833,0.8061418333,0.8035405,0.8003708333,0.8083320833,0.7926731667,0.7984686667,0,0.02392904256
1685,-1,-1,-1,,1,0.779675,0.734891,0.77525,0.779538,0.800116,0.826378,0.847824,0.853663,0.797054,0.823872,,
1685,1688,1689,0,0.795907,11,0.8115006364,0.7812902727,0.7777127273,0.7985580909,0.8066896364,0.8014643636,0.7960569091,0.8042110909,0.7922749091,0.7961592727,0,0.02387650638
1687,-1,-1,-1,,1,0.794997,0.788803,0.776371,0.773304,0.838988,0.847272,0.760769,0.796928,0.791146,0.791229,,
1687,1690,1691,0,0.7991785,10,0.813151,0.780539,0.7778469,0.8010835,0.8034598,0.7968836,0.7995857,0.8049394,0.7923878,0.7966523,0,0.02462605412
1689,-1,-1,-1,,1,0.796817,0.799459,0.77786,0.791438,0.78817,0.791812,0.807446,0.791715,0.77913,0.824871,,
1689,1692,1693,0,0.801835,9,0.8149658889,0.7784367778,0.7778454444,0.8021552222,0.8051586667,0.7974471111,0.7987123333,0.8064087778,0.7938608889,0.7935168889,0,0.02295710539
1691,-1,-1,-1,,1,0.80154,0.775396,0.779393,0.776666,0.765645,0.73748,0.840639,0.856235,0.81888,0.806646,,
1691,1694,1695,0,0.802536,8,0.816644125,0.778816875,0.777652,0.805341375,0.810097875,0.804943,0.7934715,0.8001805,0.7907335,0.79187575,0,0.02135014711
1693,-1,-1,-1,,1,0.80213,0.777649,0.77657,0.737598,0.802062,0.784986,0.8112,0.823459,0.822189,0.748729,,
1693,1696,1697,0,0.8057545,7,0.8187175714,0.7789837143,0.7778065714,0.815019,0.8112458571,0.807794,0.7909388571,0.796855,0.7862398571,0.7980395714,0,0.01949752346
1695,-1,-1,-1,,1,0.802942,0.784889,0.779353,0.837461,0.813686,0.833109,0.760286,0.859795,0.74886,0.790033,,
1695,1698,1699,0,0.808684,6,0.8213468333,0.7779995,0.7775488333,0.8112786667,0.8108391667,0.8035748333,0.7960476667,0.786365,0.7924698333,0.799374,0,0.01922873187
1697,-1,-1,-1,,1,0.808567,0.782991,0.779684,0.775661,0.817304,0.828396,0.813087,0.796485,0.797708,0.831965,,
1697,1700,1701,0,0.815085,5,0.8239028,0.7770012,0.7771218,0.8184022,0.8095462,0.7986106,0.7926398,0.784341,0.7914222,0.7928558,0,0.01945351444
1699,-1,-1,-1,,1,0.808801,0.799347,0.779095,0.832954,0.775205,0.804669,0.799536,0.787321,0.777553,0.776368,,
1699,1702,1703,0,0.82514,4,0.82767825,0.77141475,0.7766285,0.81476425,0.8181315,0.797096,0.79091575,0.783596,0.7948895,0.79697775,0,0.0197648537
1701,-1,-1,-1,,1,0.821369,0.766791,0.775823,0.78298,0.826314,0.807659,0.765721,0.781759,0.781993,0.774428,,
1701,1704,1705,0,0.8292595,3,0.8297813333,0.772956,0.776897,0.825359,0.815404,0.793575,0.799314,0.7842083333,0.7991883333,0.8044943333,0,0.01768747724
1703,-1,-1,-1,,1,0.828911,0.754282,0.778899,0.792038,0.813255,0.801553,0.789427,0.819448,0.826543,0.799826,,
1703,1706,1707,0,0.8302165,2,0.8302165,0.782293,0.775896,0.8420195,0.8164785,0.789586,0.8042575,0.7665885,0.785511,0.8068285,0,0
1705,-1,-1,-1,,1,0.829608,0.782818,0.774094,0.836199,0.788517,0.827878,0.832325,0.763613,0.783119,0.81317,,
1705,-1,-1,-1,,1,0.830825,0.781768,0.777698,0.84784,0.84444,0.751294,0.77619,0.769564,0.787903,0.800487,,
1676,1709,1736,2,0.785445,146,0.7951645068,0.7962402945,0.8177957534,0.7980694795,0.8001688767,0.8021348014,0.7926382808,0.7957479041,0.798801363,0.7949768219,0.02505826796,0.05824367897
1708,1710,1711,0,0.749287,14,0.7979290714,0.7919422857,0.7830030714,0.7985949286,0.8077139286,0.8021229286,0.804892,0.8090979286,0.7937773571,0.7999322143,0,0.02504848008
1709,-1,-1,-1,,1,0.741987,0.817428,0.782671,0.826619,0.805052,0.815762,0.803582,0.799542,0.790711,0.832023,,
1709,1712,1713,0,0.7649025,13,0.8022323077,0.7899818462,0.7830286154,0.7964392308,0.8079186923,0.8010737692,0.8049927692,0.809833,0.7940132308,0.7974636923,0,0.02470577952
1711,-1,-1,-1,,1,0.756587,0.768652,0.783956,0.850295,0.811676,0.761149,0.821161,0.8176,0.779441,0.787545,,
1711,1714,1715,0,0.7745215,12,0.8060360833,0.7917593333,0.7829513333,0.79195125,0.8076055833,0.8044008333,0.8036454167,0.80918575,0.7952275833,0.79829025,0,0.02366214611
1713,-1,-1,-1,,1,0.773218,0.826206,0.782576,0.801127,0.789838,0.774479,0.784561,0.80165,0.836205,0.869184,,
1713,1716,1717,0,0.775898,11,0.8090195455,0.7886278182,0.7829854545,0.7911170909,0.8092208182,0.807121,0.8053803636,0.8098708182,0.7915023636,0.7918453636,0,0.02216424133
1715,-1,-1,-1,,1,0.775825,0.786355,0.782733,0.792068,0.81377,0.820572,0.837136,0.782636,0.85715,0.854781,,
1715,1718,1719,0,0.7763765,10,0.812339,0.7888551,0.7830107,0.791022,0.8087659,0.8057759,0.8022048,0.8125943,0.7849376,0.7855518,0,0.02281617092
1717,-1,-1,-1,,1,0.775971,0.800216,0.783053,0.7921,0.824028,0.800829,0.801683,0.827136,0.793762,0.792346,,
1717,1720,1721,0,0.7812095,9,0.8163798889,0.7875927778,0.783006,0.7909022222,0.8070701111,0.8063255556,0.8022627778,0.8109785556,0.7839571111,0.7847968889,0,0.02194137352
1719,-1,-1,-1,,1,0.776782,0.771854,0.781272,0.829312,0.799466,0.849304,0.838765,0.789269,0.765435,0.776682,,
1719,1722,1723,0,0.785966,8,0.821329625,0.789560125,0.78322275,0.786101,0.808020625,0.80095325,0.7977,0.81369225,0.786272375,0.78581125,0,0.02134746226
1721,-1,-1,-1,,1,0.785637,0.822942,0.782863,0.824801,0.792163,0.835876,0.801848,0.813759,0.769447,0.797199,,
1721,1724,1725,0,0.7938195,7,0.8264285714,0.7847912857,0.7832741429,0.7805724286,0.810286,0.7959642857,0.7971074286,0.8136827143,0.788676,0.7841844286,0,0.02154406267
1723,-1,-1,-1,,1,0.786295,0.777721,0.781285,0.777984,0.782121,0.790637,0.770921,0.818043,0.77246,0.780756,,
1723,1726,1727,0,0.8043765,6,0.8331175,0.7859696667,0.7836056667,0.7810038333,0.8149801667,0.7968521667,0.8014718333,0.812956,0.7913786667,0.7847558333,0,0.0196775981
1725,-1,-1,-1,,1,0.801344,0.795468,0.784585,0.732207,0.816491,0.795024,0.759985,0.826526,0.820183,0.813931,,
1725,1728,1729,0,0.820897,5,0.8394722,0.78407,0.7834098,0.7907632,0.814678,0.7972178,0.8097692,0.810242,0.7856178,0.7789208,0,0.01920739246
1727,-1,-1,-1,,1,0.807409,0.759014,0.780887,0.81475,0.833888,0.793615,0.793086,0.805335,0.799859,0.7553,,
1727,1730,1731,0,0.842432,4,0.847488,0.790334,0.7840405,0.7847665,0.8098755,0.7981185,0.81394,0.81146875,0.7820575,0.784826,0,0.01949257927
1729,-1,-1,-1,,1,0.834385,0.762903,0.782905,0.800813,0.803141,0.802575,0.811841,0.81708,0.767989,0.817023,,
1729,1732,1733,0,0.850966,3,0.8518556667,0.7994776667,0.784419,0.7794176667,0.8121203333,0.796633,0.8146396667,0.8095983333,0.786747,0.7740936667,0,0.01393568109
1731,-1,-1,-1,,1,0.850479,0.762741,0.783606,0.800467,0.852452,0.806265,0.8006,0.82973,0.803848,0.798596,,
1731,1734,1735,0,0.852544,2,0.852544,0.817846,0.7848255,0.768893,0.7919545,0.791817,0.8216595,0.7995325,0.7781965,0.7618425,0,0
1733,-1,-1,-1,,1,0.851453,0.808417,0.785175,0.77267,0.760273,0.805889,0.826103,0.783001,0.771181,0.778976,,
1733,-1,-1,-1,,1,0.853635,0.827275,0.784476,0.765116,0.823636,0.777745,0.817216,0.816064,0.785212,0.744709,,
1708,1737,1972,0,0.843187,132,0.7948712955,0.7966961439,0.8214858864,0.79801375,0.7993686439,0.8021360606,0.7913386439,0.7943319924,0.7993342121,0.79445125,0.06039735937,0.02547213047
1736,1738,1759,2,0.7942955,118,0.7874896102,0.7956172797,0.8230509492,0.7979727966,0.8000211441,0.8036946186,0.7891048559,0.7930319068,0.7970091102,0.7933645508,0.02569637686,0.06269427117
1737,1739,1740,0,0.7653735,11,0.7939883636,0.7961400909,0.7901022727,0.8062059091,0.7924350909,0.8058944545,0.7945437273,0.7927213636,0.8215596364,0.8095338182,0,0.02412173968
1738,-1,-1,-1,,1,0.760794,0.75419,0.785715,0.802242,0.863437,0.793293,0.8527,0.832465,0.818015,0.817483,,
1738,1741,1742,0,0.7757925,10,0.7973078,0.8003351,0.790541,0.8066023,0.7853349,0.8071546,0.7887281,0.788747,0.8219141,0.8087389,0,0.02348193477
1740,-1,-1,-1,,1,0.769953,0.813982,0.793569,0.809882,0.749798,0.793497,0.821283,0.748756,0.872525,0.799832,,
1740,1743,1744,0,0.783214,9,0.8003472222,0.7988187778,0.7902045556,0.8062378889,0.7892834444,0.8086721111,0.7851108889,0.7931904444,0.8162906667,0.8097285556,0,0.02401117221
1742,-1,-1,-1,,1,0.781632,0.75573,0.786161,0.813683,0.786803,0.834401,0.779733,0.792192,0.823314,0.800353,,
1742,1745,1746,0,0.78486,8,0.802686625,0.804204875,0.79071,0.80530725,0.7895935,0.805456,0.785783125,0.79331525,0.81541275,0.8109005,0,0.0249816534
1744,-1,-1,-1,,1,0.784796,0.776886,0.787924,0.800987,0.793798,0.807109,0.794445,0.814511,0.827328,0.792113,,
1744,1747,1748,0,0.7916655,7,0.8052424286,0.8081075714,0.791108,0.8059244286,0.7889928571,0.8052198571,0.7845457143,0.7902872857,0.8137105714,0.8135844286,0,0.0239149964
1746,-1,-1,-1,,1,0.784924,0.830973,0.79254,0.829248,0.768307,0.803885,0.787624,0.788699,0.740898,0.785185,,
1746,1749,1750,0,0.799263,6,0.8086288333,0.8042966667,0.7908693333,0.8020371667,0.7924405,0.8054423333,0.7840326667,0.790552,0.825846,0.8183176667,0,0.02212104411
1748,-1,-1,-1,,1,0.798407,0.813464,0.792724,0.812861,0.761477,0.82428,0.826034,0.77188,0.773968,0.860512,,
1748,1751,1752,0,0.8021875,5,0.8106732,0.8024632,0.7904984,0.7998724,0.7986332,0.8016748,0.7756324,0.7942864,0.8362216,0.8098788,0,0.02382827758
1750,-1,-1,-1,,1,0.800119,0.786591,0.791635,0.795637,0.813217,0.800139,0.784297,0.799412,0.862769,0.810739,,
1750,1753,1754,0,0.8057115,4,0.81331175,0.80643125,0.79021425,0.80093125,0.79498725,0.80205875,0.77346625,0.793005,0.82958475,0.80966375,0,0.01932145453
1752,-1,-1,-1,,1,0.804256,0.796473,0.790573,0.810213,0.783472,0.846447,0.824048,0.783942,0.783941,0.848901,,
1752,1755,1756,0,0.807939,3,0.8163303333,0.8097506667,0.7900946667,0.7978373333,0.7988256667,0.7872626667,0.7566056667,0.796026,0.8447993333,0.7965846667,0,0.01148407751
1754,-1,-1,-1,,1,0.807167,0.753304,0.790126,0.816593,0.801849,0.796474,0.783484,0.801928,0.867204,0.769516,,
1754,1757,1758,0,0.820912,2,0.820912,0.837974,0.790079,0.7884595,0.797314,0.782657,0.7431665,0.793075,0.833597,0.810119,0,0
1756,-1,-1,-1,,1,0.808711,0.831627,0.786506,0.782054,0.828415,0.780973,0.749756,0.78621,0.829739,0.809525,,
1756,-1,-1,-1,,1,0.833113,0.844321,0.793652,0.794865,0.766213,0.784341,0.736577,0.79994,0.837455,0.810713,,
1737,1760,1779,2,0.800548,107,0.786821514,0.7955635327,0.8264381963,0.7971264019,0.8008010187,0.8034684673,0.7885457196,0.7930638318,0.7944852243,0.7917022897,0.02297758133,0.06526772953
1759,1761,1762,0,0.7627145,10,0.8006758,0.8029168,0.798324,0.8062106,0.7893269,0.7925751,0.8011144,0.7988632,0.7964564,0.8097018,0,0.02305932477
1760,-1,-1,-1,,1,0.740513,0.804071,0.796075,0.813895,0.785585,0.79954,0.784204,0.800722,0.815453,0.816709,,
1760,1763,1764,0,0.7873035,9,0.8073605556,0.8027885556,0.7985738889,0.8053567778,0.7897426667,0.7918012222,0.8029933333,0.7986566667,0.7943456667,0.8089232222,0,0.02273486665
1762,-1,-1,-1,,1,0.784916,0.792516,0.799516,0.778161,0.796398,0.839408,0.832924,0.806442,0.782046,0.777066,,
1762,1765,1766,0,0.7911975,8,0.810166125,0.804072625,0.798456125,0.80875625,0.78891075,0.785850375,0.799252,0.7976835,0.795883125,0.812905375,0,0.0225363929
1764,-1,-1,-1,,1,0.789691,0.826889,0.79931,0.851849,0.785865,0.76558,0.801108,0.774858,0.804237,0.777394,,
1764,1767,1768,0,0.79503,7,0.8130911429,0.8008131429,0.7983341429,0.8026001429,0.7893458571,0.7887461429,0.7989868571,0.8009442857,0.7946897143,0.8179784286,0,0.02175013655
1766,-1,-1,-1,,1,0.792704,0.819753,0.800158,0.775516,0.781737,0.791741,0.844058,0.84748,0.813867,0.819102,,
1766,1769,1770,0,0.8004635,6,0.816489,0.7976565,0.7980301667,0.8071141667,0.790614,0.788247,0.791475,0.7931883333,0.7914935,0.8177911667,0,0.02147123339
1768,-1,-1,-1,,1,0.797356,0.843921,0.79948,0.795787,0.789847,0.817548,0.797231,0.807922,0.816454,0.826466,,
1768,1771,1772,0,0.804146,5,0.8203156,0.7884036,0.7977402,0.8093796,0.7907674,0.7823868,0.7903238,0.7902416,0.7865014,0.8160562,0,0.0201172688
1770,-1,-1,-1,,1,0.803571,0.784429,0.799674,0.824459,0.818732,0.797705,0.778207,0.796558,0.769018,0.874824,,
1770,1773,1774,0,0.813874,4,0.82450175,0.78939725,0.79725675,0.80560975,0.78377625,0.77855725,0.793353,0.7886625,0.79087225,0.80136425,0,0.01975992801
1772,-1,-1,-1,,1,0.804721,0.801468,0.799816,0.822877,0.772566,0.790556,0.754557,0.798772,0.768006,0.812059,,
1772,1775,1776,0,0.8261885,3,0.8310953333,0.7853736667,0.7964036667,0.799854,0.787513,0.7745576667,0.806285,0.7852926667,0.7984943333,0.7977993333,0,0.01550356304
1774,-1,-1,-1,,1,0.823027,0.755442,0.796857,0.817659,0.819285,0.800301,0.807087,0.798914,0.775825,0.828683,,
1774,1777,1778,0,0.8351295,2,0.8351295,0.8003395,0.796177,0.7909515,0.771627,0.761686,0.805884,0.778482,0.809829,0.7823575,0,0
1776,-1,-1,-1,,1,0.82935,0.807646,0.794939,0.789003,0.793632,0.739309,0.792669,0.753675,0.83298,0.783096,,
1776,-1,-1,-1,,1,0.840909,0.793033,0.797415,0.7929,0.749622,0.784063,0.819099,0.803289,0.786678,0.781619,,
1759,1780,1953,6,0.844481,97,0.7853932371,0.7948054639,0.829336567,0.7961898866,0.8019839175,0.8045914948,0.7872499794,0.7924659588,0.7942820103,0.7898466701,0.06772196216,0.02607775115
1779,1781,1936,6,0.830329,87,0.7847380575,0.7936036897,0.8291344828,0.7957990345,0.8022658161,0.8028453333,0.7792904828,0.7897865172,0.7910397241,0.7886312529,0.07062368895,0.02482325351
1780,1782,1905,1,0.8197875,78,0.7833057564,0.7904906795,0.8292096795,0.7944228846,0.8015043974,0.8021930769,0.7728119872,0.7908888462,0.7910632051,0.789505,0.07734676445,0.02594452389
1781,1783,1892,0,0.825931,62,0.7799812742,0.7776553387,0.8297316613,0.7923725,0.8044990484,0.8031487258,0.7676129677,0.7882667419,0.7882497742,0.7861349194,0.0812331982,0.02339970086
1782,1784,1881,3,0.8424975,55,0.7736730182,0.7778258364,0.8281862909,0.7939694,0.8058621818,0.8006683636,0.7630595636,0.7861238909,0.7856266364,0.7857267636,0.08498776185,0.0234400981
1783,1785,1862,6,0.8117585,49,0.7712994286,0.7777765714,0.8265551224,0.7856916327,0.8047754082,0.800004898,0.7583210816,0.7831052245,0.7823179592,0.7832153265,0.0936917601,0.02333622576
1784,1786,1855,4,0.8502845,39,0.7687129487,0.7723359744,0.8254890256,0.7861316154,0.804760641,0.7985622308,0.7425660769,0.7808783077,0.7772897949,0.7816062821,0.09806170596,0.02105988937
1785,1787,1848,1,0.8116875,35,0.7673185143,0.7700433143,0.8251192857,0.7837283714,0.7990757429,0.7994355714,0.7378903714,0.7757799714,0.7727093429,0.7831826,0.1034226572,0.02087102965
1786,1788,1793,2,0.8031035,31,0.7625924194,0.764265,0.8261403871,0.7822628387,0.8016404839,0.796047871,0.7326930645,0.7721576129,0.7730937097,0.7846319355,0.02115601403,0.1081195691
1787,1789,1790,0,0.809581,3,0.81345,0.773989,0.8021453333,0.8150696667,0.8325166667,0.827399,0.7729886667,0.8018233333,0.776834,0.789145,0,0.01946556922
1788,-1,-1,-1,,1,0.806732,0.778333,0.803066,0.818684,0.811001,0.784324,0.80114,0.81077,0.754411,0.77784,,
1788,1791,1792,0,0.816809,2,0.816809,0.771817,0.801685,0.8132625,0.8432745,0.8489365,0.758913,0.79735,0.7880455,0.7947975,0,0
1790,-1,-1,-1,,1,0.81243,0.78248,0.80234,0.815814,0.836677,0.79492,0.740153,0.805955,0.795583,0.809121,,
1790,-1,-1,-1,,1,0.821188,0.761154,0.80103,0.810711,0.849872,0.902953,0.777673,0.788745,0.780508,0.780474,,
1787,1794,1843,0,0.8198155,28,0.7571433929,0.7632231429,0.8287112857,0.7787478214,0.7983323214,0.7926888214,0.7283756786,0.7689791429,0.7726929643,0.7841483929,0.1132970931,0.02082896528
1793,1795,1838,6,0.806159,25,0.74905556,0.75890648,0.83008448,0.77385516,0.80125428,0.79443608,0.72156276,0.76378468,0.76858244,0.781471,0.119547804,0.01992263123
1794,1796,1799,2,0.805395,22,0.7448029545,0.7546203636,0.8307755455,0.7680700909,0.8013107273,0.7985483636,0.7097186818,0.7604185909,0.7621394545,0.7785468182,0.01945709929,0.1242706876
1795,1797,1798,0,0.7717505,2,0.7717505,0.797415,0.804137,0.825731,0.760712,0.822259,0.7866225,0.8134645,0.8225205,0.7536035,0,0
1796,-1,-1,-1,,1,0.748144,0.802699,0.805133,0.842182,0.767105,0.827238,0.786438,0.850805,0.827626,0.791589,,
1796,-1,-1,-1,,1,0.795357,0.792131,0.803141,0.80928,0.754319,0.81728,0.786807,0.776124,0.817415,0.715618,,
1795,1800,1835,8,0.835776,20,0.7421082,0.7503409,0.8334394,0.762304,0.8053706,0.7961773,0.7020283,0.755114,0.75610135,0.78104115,0.1301063835,0.01300245377
1799,1801,1802,0,0.3051095,18,0.7368282222,0.7456316111,0.835389,0.7600801111,0.8022940556,0.7921492222,0.6975613333,0.7515376111,0.7467686111,0.783926,0,0.09229406917
1800,-1,-1,-1,,1,0.191539,0.199375,0.90259,0.82214,0.701967,0.957043,0.017326,0.202264,0.449034,0.90896,,
1800,1803,1804,0,0.5789755,17,0.7689040588,0.7777643529,0.831436,0.7564295294,0.8081956471,0.7824495882,0.7375751765,0.7838478235,0.7642824118,0.7765710588,0,0.02381158697
1802,-1,-1,-1,,1,0.41868,0.749029,0.922783,0.214247,0.850042,0.653121,0.011464,0.669926,0.450785,0.335247,,
1802,1805,1806,0,0.7472565,16,0.7907930625,0.7795603125,0.8257268125,0.7903159375,0.80558025,0.790532625,0.782957125,0.7909679375,0.783876,0.8041538125,0,0.02384634504
1804,-1,-1,-1,,1,0.739271,0.770725,0.854972,0.803515,0.802161,0.814288,0.79224,0.77249,0.766364,0.807353,,
1804,1807,1808,0,0.75667,15,0.7942278667,0.7801493333,0.8237771333,0.789436,0.8058082,0.7889489333,0.7823382667,0.7921998,0.7850434667,0.8039405333,0,0.02384430507
1806,-1,-1,-1,,1,0.755242,0.796258,0.832883,0.796078,0.79682,0.754135,0.762797,0.779896,0.760157,0.835058,,
1806,1809,1810,0,0.761722,14,0.7970125714,0.7789987143,0.8231267143,0.7889615714,0.8064502143,0.7914356429,0.7837340714,0.7930786429,0.7868210714,0.8017178571,0,0.02373761649
1808,-1,-1,-1,,1,0.758098,0.753223,0.814808,0.821902,0.809783,0.771587,0.792756,0.775616,0.815774,0.77123,,
1808,1811,1812,0,0.771281,13,0.800006,0.7809814615,0.8237666154,0.7864276923,0.8061938462,0.7929624615,0.7830400769,0.7944219231,0.7845939231,0.8040630769,0,0.02409554496
1810,-1,-1,-1,,1,0.765346,0.779382,0.811218,0.804705,0.820198,0.791102,0.805303,0.804678,0.756173,0.802929,,
1810,1813,1814,0,0.783746,12,0.8028943333,0.78111475,0.8248123333,0.7849045833,0.8050268333,0.7931175,0.7811848333,0.79356725,0.7869623333,0.8041575833,0,0.02392428718
1812,-1,-1,-1,,1,0.777216,0.782218,0.821155,0.7866,0.805024,0.792133,0.787764,0.791173,0.735887,0.857222,,
1812,1815,1816,0,0.790898,11,0.8052287273,0.7810144545,0.8251448182,0.7847504545,0.8050270909,0.793207,0.7805867273,0.7937849091,0.7916055455,0.7993335455,0,0.02350414458
1814,-1,-1,-1,,1,0.790276,0.780405,0.847211,0.801088,0.834134,0.839971,0.763648,0.838217,0.817892,0.792198,,
1814,1817,1818,0,0.7965995,10,0.806724,0.7810754,0.8229382,0.7831167,0.8021164,0.7885306,0.7822806,0.7893417,0.7889769,0.8000471,0,0.02301818656
1816,-1,-1,-1,,1,0.79152,0.807014,0.848435,0.776727,0.835662,0.766423,0.752995,0.806903,0.776274,0.847659,,
1816,1819,1820,0,0.8018585,9,0.8084133333,0.7781933333,0.8201052222,0.7838266667,0.7983891111,0.790987,0.7855345556,0.7873904444,0.7903883333,0.7947568889,0,0.02372765235
1818,-1,-1,-1,,1,0.801679,0.761154,0.832093,0.801314,0.807862,0.771346,0.787595,0.771235,0.817656,0.803802,,
1818,1821,1822,0,0.802998,8,0.809255125,0.78032325,0.81860675,0.78164075,0.797205,0.793442125,0.785277,0.789409875,0.786979875,0.79362625,0,0.02277713005
1820,-1,-1,-1,,1,0.802038,0.796329,0.809173,0.776728,0.779906,0.72767,0.797255,0.799116,0.83544,0.7926,,
1820,1823,1824,0,0.805518,7,0.8102861429,0.7780367143,0.8199544286,0.7823425714,0.7996762857,0.8028381429,0.7835658571,0.7880232857,0.780057,0.7937728571,0,0.02353305184
1822,-1,-1,-1,,1,0.803958,0.787129,0.805657,0.805429,0.817889,0.788389,0.788056,0.789695,0.800638,0.7655,,
1822,1825,1826,0,0.8077035,6,0.8113408333,0.7765213333,0.8223373333,0.7784948333,0.7966408333,0.8052463333,0.7828175,0.7877446667,0.7766268333,0.798485,0,0.02298267915
1824,-1,-1,-1,,1,0.807078,0.769804,0.826009,0.750153,0.804535,0.771211,0.782154,0.782062,0.760883,0.741036,,
1824,1827,1828,0,0.809028,5,0.8121934,0.7778648,0.821603,0.7841632,0.795062,0.8120534,0.7829502,0.7888812,0.7797756,0.8099748,0,0.02433050816
1826,-1,-1,-1,,1,0.808329,0.762184,0.819142,0.794541,0.78794,0.813533,0.793582,0.818586,0.759227,0.79154,,
1826,1829,1830,0,0.811116,4,0.8131595,0.781785,0.82221825,0.78156875,0.7968425,0.8116835,0.78029225,0.781455,0.78491275,0.8145835,0,0.02101783216
1828,-1,-1,-1,,1,0.809727,0.7526,0.825859,0.804502,0.79783,0.781984,0.769684,0.712587,0.810914,0.812947,,
1828,1831,1832,0,0.813027,3,0.8143036667,0.7915133333,0.8210046667,0.7739243333,0.7965133333,0.8215833333,0.7838283333,0.804411,0.7762456667,0.815129,0,0.0134860967
1830,-1,-1,-1,,1,0.812505,0.807498,0.835795,0.745481,0.790789,0.855344,0.804716,0.851946,0.752178,0.789133,,
1830,1833,1834,0,0.815203,2,0.815203,0.783521,0.8136095,0.788146,0.7993755,0.804703,0.7733845,0.7806435,0.7882795,0.828127,0,0
1832,-1,-1,-1,,1,0.813549,0.770013,0.81244,0.812175,0.811253,0.806106,0.776866,0.757943,0.768916,0.825067,,
1832,-1,-1,-1,,1,0.816857,0.797029,0.814779,0.764117,0.787498,0.8033,0.769903,0.803344,0.807643,0.831187,,
1799,1836,1837,0,0.789628,2,0.789628,0.7927245,0.815893,0.782319,0.8330595,0.83243,0.742231,0.7873015,0.840096,0.7550775,0,0
1835,-1,-1,-1,,1,0.783207,0.792346,0.809746,0.764559,0.827877,0.843295,0.755561,0.763417,0.84408,0.735402,,
1835,-1,-1,-1,,1,0.796049,0.793103,0.82204,0.800079,0.838242,0.821565,0.728901,0.811186,0.836112,0.774753,,
1794,1839,1840,0,0.768909,3,0.7802413333,0.790338,0.8250166667,0.816279,0.8008403333,0.7642793333,0.8084193333,0.7884693333,0.815831,0.802915,0,0.01642903375
1838,-1,-1,-1,,1,0.759045,0.776967,0.805774,0.824015,0.840679,0.751719,0.810057,0.795426,0.787136,0.777189,,
1838,1841,1842,0,0.7908395,2,0.7908395,0.7970235,0.834638,0.812411,0.780921,0.7705595,0.8076005,0.784991,0.8301785,0.815778,0,0
1840,-1,-1,-1,,1,0.778773,0.80892,0.803473,0.807184,0.789717,0.772674,0.807015,0.77173,0.812747,0.844959,,
1840,-1,-1,-1,,1,0.802906,0.785127,0.865803,0.817638,0.772125,0.768445,0.808186,0.798252,0.84761,0.786597,,
1793,1844,1845,0,0.823904,3,0.824542,0.7991953333,0.817268,0.81952,0.7739826667,0.7781283333,0.78515,0.8122663333,0.8069473333,0.80646,0,0.0187864896
1843,-1,-1,-1,,1,0.822774,0.793354,0.811025,0.829833,0.735248,0.797615,0.809976,0.822648,0.774036,0.7964,,
1843,1846,1847,0,0.825426,2,0.825426,0.802116,0.8203895,0.8143635,0.79335,0.768385,0.772737,0.8070755,0.823403,0.81149,0,0
1845,-1,-1,-1,,1,0.825034,0.810754,0.819063,0.826492,0.82069,0.798992,0.752649,0.815516,0.849376,0.789763,,
1845,-1,-1,-1,,1,0.825818,0.793478,0.821716,0.802235,0.76601,0.737778,0.792825,0.798635,0.79743,0.833217,,
1786,1849,1850,0,0.792637,4,0.80394575,0.81482525,0.81720575,0.79508625,0.779199,0.82569025,0.7781695,0.80385325,0.7697305,0.77195025,0,0.02138435665
1848,-1,-1,-1,,1,0.787782,0.81521,0.846565,0.817689,0.797543,0.847408,0.779968,0.808892,0.777145,0.787854,,
1848,1851,1852,0,0.8031365,3,0.8093336667,0.814697,0.8074193333,0.787552,0.7730843333,0.818451,0.77757,0.8021736667,0.767259,0.766649,0,0.01794638027
1850,-1,-1,-1,,1,0.797492,0.81672,0.803527,0.814841,0.764997,0.77888,0.749201,0.768177,0.76815,0.747815,,
1850,1853,1854,0,0.8152545,2,0.8152545,0.8136855,0.8093655,0.7739075,0.777128,0.8382365,0.7917545,0.819172,0.7668135,0.776066,0,0
1852,-1,-1,-1,,1,0.808781,0.812621,0.809856,0.759266,0.788509,0.819242,0.807875,0.798433,0.733593,0.802127,,
1852,-1,-1,-1,,1,0.821728,0.81475,0.808875,0.788549,0.765747,0.857231,0.775634,0.839911,0.800034,0.750005,,
1785,1856,1857,0,0.7557645,4,0.78091425,0.79239675,0.82872425,0.80716,0.8545035,0.7909205,0.7834785,0.82548875,0.81736875,0.7678135,0,0.02065164909
1855,-1,-1,-1,,1,0.755041,0.819611,0.805698,0.809045,0.850527,0.805042,0.79173,0.790622,0.833374,0.764565,,
1855,1858,1859,0,0.771716,3,0.7895386667,0.7833253333,0.8363996667,0.8065316667,0.855829,0.7862133333,0.780728,0.837111,0.8120336667,0.7688963333,0,0.01516596645
1857,-1,-1,-1,,1,0.756488,0.779662,0.834187,0.810441,0.856041,0.813174,0.796893,0.885421,0.840058,0.784051,,
1857,1860,1861,0,0.806064,2,0.806064,0.785157,0.837506,0.804577,0.855723,0.772733,0.7726455,0.812956,0.7980215,0.761319,0,0
1859,-1,-1,-1,,1,0.786944,0.801191,0.85164,0.808058,0.858545,0.763505,0.803734,0.818876,0.815036,0.752299,,
1859,-1,-1,-1,,1,0.825184,0.769123,0.823372,0.801096,0.852901,0.781961,0.741557,0.807036,0.781007,0.770339,,
1784,1863,1864,0,0.7423005,10,0.7813867,0.7989949,0.8307129,0.7839757,0.804833,0.8056313,0.8197656,0.7917902,0.8019278,0.7894906,0,0.02170775437
1862,-1,-1,-1,,1,0.715077,0.796815,0.808261,0.75608,0.843572,0.765357,0.818217,0.787412,0.843547,0.806294,,
1862,1865,1866,0,0.7697365,9,0.7887544444,0.7992371111,0.8332075556,0.7870752222,0.8005286667,0.8101062222,0.8199376667,0.7922766667,0.7973034444,0.7876235556,0,0.02255594841
1864,-1,-1,-1,,1,0.769524,0.799941,0.822116,0.79078,0.809264,0.826281,0.815456,0.768643,0.805866,0.792307,,
1864,1867,1868,0,0.774019,8,0.79115825,0.799149125,0.834594,0.786612125,0.79943675,0.808084375,0.820497875,0.795230875,0.796233125,0.787038125,0,0.02283453789
1866,-1,-1,-1,,1,0.769949,0.805278,0.811916,0.789891,0.827868,0.800342,0.81504,0.813252,0.758886,0.780172,,
1866,1869,1870,0,0.78305,7,0.7941881429,0.7982735714,0.8378337143,0.7861437143,0.7953751429,0.8091904286,0.8212775714,0.7926564286,0.8015684286,0.788019,0,0.02272836059
1868,-1,-1,-1,,1,0.778089,0.795532,0.843626,0.809404,0.764703,0.853551,0.81346,0.815624,0.816279,0.775247,,
1868,1871,1872,0,0.7883045,6,0.7968713333,0.7987305,0.8368683333,0.782267,0.8004871667,0.801797,0.8225805,0.7888285,0.7991166667,0.7901476667,0,0.02275372701
1870,-1,-1,-1,,1,0.788011,0.774729,0.814896,0.787532,0.811332,0.774681,0.816147,0.806437,0.789218,0.747847,,
1870,1873,1874,0,0.7888055,5,0.7986434,0.8035308,0.8412628,0.781214,0.7983182,0.8072202,0.8238672,0.7853068,0.8010964,0.7986078,0,0.02351170977
1872,-1,-1,-1,,1,0.788598,0.801758,0.854169,0.803169,0.766471,0.785208,0.827353,0.780894,0.828162,0.79659,,
1872,1875,1876,0,0.7898885,4,0.80115475,0.803974,0.83803625,0.77572525,0.80628,0.81272325,0.82299575,0.78641,0.79433,0.79911225,0,0.01767532917
1874,-1,-1,-1,,1,0.789013,0.813756,0.804909,0.809331,0.798364,0.754134,0.829898,0.755753,0.765649,0.841294,,
1874,1877,1878,0,0.800168,3,0.805202,0.8007133333,0.8490786667,0.7645233333,0.8089186667,0.832253,0.820695,0.796629,0.8038903333,0.7850516667,0,0.01241809186
1876,-1,-1,-1,,1,0.790764,0.797225,0.860088,0.75354,0.821454,0.887054,0.828585,0.818166,0.809906,0.787734,,
1876,1879,1880,0,0.812421,2,0.812421,0.8024575,0.843574,0.770015,0.802651,0.8048525,0.81675,0.7858605,0.8008825,0.7837105,0,0
1878,-1,-1,-1,,1,0.809572,0.809021,0.868289,0.750065,0.810799,0.809986,0.818478,0.786572,0.810197,0.766417,,
1878,-1,-1,-1,,1,0.81527,0.795894,0.818859,0.789965,0.794503,0.799719,0.815022,0.785149,0.791568,0.801004,,
1783,1882,1883,0,0.766456,6,0.7930573333,0.7782281667,0.8415075,0.8615711667,0.8147375,0.8060866667,0.8017571667,0.8107763333,0.8126475,0.8062368333,0,0.0237925435
1881,-1,-1,-1,,1,0.74854,0.777053,0.819438,0.855211,0.823332,0.785499,0.804814,0.805679,0.833032,0.826871,,
1881,1884,1885,0,0.7871315,5,0.8019608,0.7784632,0.8459214,0.8628432,0.8130186,0.8102042,0.8011458,0.8117958,0.8085706,0.80211,0,0.02355075279
1883,-1,-1,-1,,1,0.784372,0.776177,0.862854,0.86741,0.833579,0.850133,0.817442,0.839794,0.834706,0.779235,,
1883,1886,1887,0,0.797576,4,0.806358,0.77903475,0.84168825,0.8617015,0.8078785,0.800222,0.79707175,0.80479625,0.80203675,0.80782875,0,0.02169782566
1885,-1,-1,-1,,1,0.789891,0.773132,0.817632,0.903992,0.804964,0.809612,0.760532,0.77502,0.77712,0.787002,,
1885,1888,1889,0,0.8054295,3,0.811847,0.7810023333,0.849707,0.8476046667,0.80885,0.797092,0.8092516667,0.8147216667,0.8103423333,0.814771,0,0.01250852352
1887,-1,-1,-1,,1,0.805261,0.797008,0.892324,0.842813,0.773216,0.785652,0.814649,0.848163,0.853175,0.786341,,
1887,1890,1891,0,0.81514,2,0.81514,0.7729995,0.8283985,0.8500005,0.826667,0.802812,0.806553,0.798001,0.788926,0.828986,0,0
1889,-1,-1,-1,,1,0.805598,0.762144,0.812662,0.846205,0.818995,0.811443,0.801028,0.811376,0.816293,0.830391,,
1889,-1,-1,-1,,1,0.824682,0.783855,0.844135,0.853796,0.834339,0.794181,0.812078,0.784626,0.761559,0.827581,,
1782,1893,1894,0,0.8261,7,0.8295461429,0.7763157143,0.8418738571,0.7798254286,0.7937887143,0.8226372857,0.8033897143,0.8051034286,0.8088601429,0.7893418571,0,0.02415956611
1892,-1,-1,-1,,1,0.826044,0.776222,0.827952,0.74443,0.786329,0.833942,0.800721,0.802545,0.810994,0.823607,,
1892,1895,1896,0,0.826755,6,0.8301298333,0.7763313333,0.8441941667,0.7857246667,0.795032,0.8207531667,0.8038345,0.8055298333,0.8085045,0.783631,0,0.0245795978
1894,-1,-1,-1,,1,0.826156,0.757283,0.809891,0.791796,0.800254,0.84498,0.804573,0.802367,0.770575,0.764778,,
1894,1897,1898,0,0.827877,5,0.8309246,0.780141,0.8510548,0.7845104,0.7939876,0.8159078,0.8036868,0.8061624,0.8160904,0.7874016,0,0.02229162634
1896,-1,-1,-1,,1,0.827354,0.784151,0.850464,0.772702,0.761028,0.870372,0.802034,0.851841,0.772713,0.795932,,
1896,1899,1900,0,0.829509,4,0.83181725,0.7791385,0.8512025,0.7874625,0.8022275,0.80229175,0.8041,0.79474275,0.82693475,0.785269,0,0.02172601668
1898,-1,-1,-1,,1,0.8284,0.771326,0.838152,0.771061,0.812348,0.824046,0.773987,0.794369,0.832556,0.737721,,
1898,1901,1902,0,0.830968,3,0.8329563333,0.7817426667,0.8555526667,0.7929296667,0.798854,0.7950403333,0.8141376667,0.7948673333,0.825061,0.8011183333,0,0.02186798934
1900,-1,-1,-1,,1,0.830618,0.766473,0.869075,0.795924,0.812289,0.803554,0.822399,0.841229,0.817546,0.790788,,
1900,1903,1904,0,0.8341255,2,0.8341255,0.7893775,0.8487915,0.7914325,0.7921365,0.7907835,0.810007,0.7716865,0.8288185,0.8062835,0,0
1902,-1,-1,-1,,1,0.831318,0.772899,0.832515,0.805349,0.786384,0.848301,0.828738,0.789873,0.829624,0.810808,,
1902,-1,-1,-1,,1,0.836933,0.805856,0.865068,0.777516,0.797889,0.733266,0.791276,0.7535,0.828013,0.801759,,
1781,1906,1907,0,0.7505545,16,0.796188125,0.840227625,0.827187,0.802368125,0.789900125,0.7984899375,0.7929581875,0.8010495,0.80196525,0.8025640625,0,0.02561873689
1905,-1,-1,-1,,1,0.736126,0.837799,0.822821,0.806243,0.83274,0.814079,0.803995,0.785497,0.777813,0.757842,,
1905,1908,1909,0,0.7687255,15,0.8001922667,0.8403895333,0.8274780667,0.8021098,0.7870441333,0.7974506667,0.7922224,0.8020863333,0.8035754,0.8055455333,0,0.02571339386
1907,-1,-1,-1,,1,0.764983,0.823741,0.855208,0.808336,0.801704,0.790892,0.770573,0.773216,0.787611,0.842304,,
1907,1910,1911,0,0.773519,14,0.8027072143,0.8415787143,0.8254973571,0.8016650714,0.785997,0.7979191429,0.7937687857,0.8041485,0.8047157143,0.8029199286,0,0.02567407809
1909,-1,-1,-1,,1,0.772468,0.844389,0.805689,0.794519,0.761146,0.817967,0.759318,0.817645,0.753444,0.802316,,
1909,1912,1913,0,0.775887,13,0.8050333077,0.8413625385,0.8270210769,0.8022147692,0.7879086154,0.796377,0.7964188462,0.8031103077,0.8086596923,0.8029663846,0,0.02590514475
1911,-1,-1,-1,,1,0.77457,0.820199,0.837577,0.800265,0.795929,0.763993,0.822023,0.78625,0.796315,0.770287,,
1911,1914,1915,0,0.781907,12,0.8075719167,0.8431261667,0.8261414167,0.80237725,0.78724025,0.7990756667,0.7942851667,0.8045153333,0.8096884167,0.8056896667,0,0.02592514832
1913,-1,-1,-1,,1,0.777204,0.860627,0.835084,0.82755,0.74459,0.770996,0.787186,0.798405,0.772929,0.79805,,
1913,1916,1917,0,0.7868395,11,0.8103326364,0.8415351818,0.8253284545,0.8000888182,0.7911175455,0.8016283636,0.7949305455,0.8050708182,0.8130301818,0.8063841818,0,0.02595400596
1915,-1,-1,-1,,1,0.78661,0.849626,0.85005,0.765838,0.829344,0.840854,0.798284,0.791085,0.795139,0.812272,,
1915,1918,1919,0,0.7905525,10,0.8127049,0.8407261,0.8228563,0.8035139,0.7872949,0.7977058,0.7945952,0.8064694,0.8148193,0.8057954,0,0.02486680538
1917,-1,-1,-1,,1,0.787069,0.844452,0.800938,0.793515,0.832586,0.815993,0.791794,0.753968,0.864711,0.765208,,
1917,1920,1921,0,0.797235,9,0.8155533333,0.8403121111,0.8252916667,0.8046248889,0.7822625556,0.7956738889,0.7949064444,0.8123028889,0.8092757778,0.8103051111,0,0.02501342643
1919,-1,-1,-1,,1,0.794036,0.823852,0.825697,0.766075,0.803366,0.808272,0.760373,0.792467,0.83307,0.810261,,
1919,1922,1923,0,0.8047435,8,0.818243,0.842369625,0.825241,0.809443625,0.779624625,0.794099125,0.799223125,0.814782375,0.8063015,0.810310625,0,0.02321390383
1921,-1,-1,-1,,1,0.800434,0.860736,0.818884,0.852796,0.782408,0.745998,0.827003,0.862561,0.755016,0.824794,,
1921,1924,1925,0,0.8091775,7,0.8207871429,0.8397458571,0.8261491429,0.8032504286,0.779227,0.8009707143,0.7952545714,0.8079568571,0.813628,0.8082415714,0,0.02350981232
1923,-1,-1,-1,,1,0.809053,0.819964,0.816958,0.806364,0.745103,0.762921,0.792974,0.816488,0.834735,0.820451,,
1923,1926,1927,0,0.81115,6,0.8227428333,0.8430428333,0.827681,0.8027315,0.7849143333,0.8073123333,0.7956346667,0.806535,0.8101101667,0.8062066667,0,0.02332681173
1925,-1,-1,-1,,1,0.809302,0.825691,0.803078,0.787592,0.773959,0.789413,0.794705,0.855932,0.82512,0.782965,,
1925,1928,1929,0,0.8156115,5,0.825431,0.8465132,0.8326016,0.8057594,0.7871054,0.8108922,0.7958206,0.7966556,0.8071082,0.810855,0,0.02473470833
1927,-1,-1,-1,,1,0.812998,0.823887,0.826597,0.808791,0.777812,0.800987,0.789275,0.799113,0.773309,0.80084,,
1927,1930,1931,0,0.821551,4,0.82853925,0.85216975,0.83410275,0.8050015,0.78942875,0.8133685,0.797457,0.79604125,0.815558,0.81335875,0,0.02338655194
1929,-1,-1,-1,,1,0.818225,0.827246,0.809752,0.773684,0.766073,0.82227,0.806489,0.814132,0.767624,0.792971,,
1929,1932,1933,0,0.8285655,3,0.8319773333,0.8604776667,0.8422196667,0.8154406667,0.797214,0.8104013333,0.7944463333,0.790011,0.831536,0.8201546667,0,0.01779842683
1931,-1,-1,-1,,1,0.824877,0.858424,0.837725,0.795026,0.8401,0.866674,0.766807,0.803497,0.822962,0.80608,,
1931,1934,1935,0,0.8355275,2,0.8355275,0.8615045,0.844467,0.825648,0.775771,0.782265,0.808266,0.783268,0.835823,0.827192,0,0
1933,-1,-1,-1,,1,0.832254,0.882108,0.857182,0.840292,0.796243,0.794986,0.812122,0.785057,0.821009,0.86641,,
1933,-1,-1,-1,,1,0.838801,0.840901,0.831752,0.811004,0.755299,0.769544,0.80441,0.781479,0.850637,0.787974,,
1780,1937,1938,0,0.7614515,9,0.7971513333,0.8205831111,0.8284827778,0.8077256667,0.8088647778,0.8084982222,0.8354374444,0.780233,0.7908362222,0.7810587778,0,0.02268585763
1936,-1,-1,-1,,1,0.746281,0.822814,0.834114,0.758392,0.865882,0.846963,0.83076,0.752472,0.836814,0.779323,,
1936,1939,1940,0,0.787311,8,0.803510125,0.82030425,0.827778875,0.813892375,0.801737625,0.803690125,0.836022125,0.783703125,0.785089,0.78127575,0,0.02199498364
1938,-1,-1,-1,,1,0.776622,0.843749,0.812509,0.799235,0.801096,0.760153,0.836055,0.823533,0.788421,0.746927,,
1938,1941,1942,0,0.79908,7,0.8073512857,0.816955,0.8299602857,0.8159862857,0.8018292857,0.8099097143,0.8360174286,0.7780131429,0.784613,0.7861827143,0,0.02247878588
1940,-1,-1,-1,,1,0.798,0.81266,0.831484,0.78534,0.780735,0.810083,0.831785,0.739147,0.786824,0.789968,,
1940,1943,1944,0,0.8029155,6,0.8089098333,0.8176708333,0.8297063333,0.821094,0.805345,0.8098808333,0.8367228333,0.7844908333,0.7842445,0.7855518333,0,0.02025501951
1942,-1,-1,-1,,1,0.80016,0.774379,0.856526,0.859916,0.8008,0.776184,0.834227,0.734413,0.792188,0.769429,,
1942,1945,1946,0,0.8069005,5,0.8106598,0.8263292,0.8243424,0.8133296,0.806254,0.8166202,0.837222,0.7945064,0.7826558,0.7887764,0,0.01829145066
1944,-1,-1,-1,,1,0.805671,0.83473,0.817149,0.838588,0.745181,0.831112,0.838622,0.784147,0.808323,0.803301,,
1944,1947,1948,0,0.8100195,4,0.811907,0.824229,0.82614075,0.807015,0.82152225,0.81299725,0.836872,0.79709625,0.776239,0.78514525,0,0.01725291824
1946,-1,-1,-1,,1,0.80813,0.802434,0.813342,0.815106,0.854964,0.819224,0.840781,0.772477,0.805211,0.783289,,
1946,1949,1950,0,0.8124605,3,0.813166,0.831494,0.830407,0.804318,0.810375,0.8109216667,0.835569,0.8053026667,0.7665816667,0.785764,0,0.01550569285
1948,-1,-1,-1,,1,0.811909,0.826271,0.841877,0.824547,0.833342,0.839302,0.831475,0.83017,0.752446,0.788935,,
1948,1951,1952,0,0.8137945,2,0.8137945,0.8341055,0.824672,0.7942035,0.7988915,0.7967315,0.837616,0.792869,0.7736495,0.7841785,0,0
1950,-1,-1,-1,,1,0.813012,0.811078,0.82492,0.795967,0.805253,0.785901,0.831551,0.812653,0.805171,0.801227,,
1950,-1,-1,-1,,1,0.814577,0.857133,0.824424,0.79244,0.79253,0.807562,0.843681,0.773085,0.742128,0.76713,,
1779,1954,1955,0,0.765873,10,0.7910933,0.8052609,0.8310947,0.7995903,0.7995314,0.8197831,0.8564976,0.8157771,0.8224899,0.8004208,0,0.02552173393
1953,-1,-1,-1,,1,0.76522,0.793006,0.85427,0.838337,0.766811,0.822481,0.848133,0.794485,0.871477,0.760604,,
1953,1956,1957,0,0.770857,9,0.7939681111,0.8066225556,0.8285196667,0.7952851111,0.803167,0.8194833333,0.857427,0.8181428889,0.8170468889,0.8048448889,0,0.02538846376
1955,-1,-1,-1,,1,0.766526,0.785488,0.816147,0.84063,0.769507,0.823841,0.85241,0.857019,0.823445,0.793273,,
1955,1958,1959,0,0.776113,8,0.797398375,0.809264375,0.83006625,0.789617,0.8073745,0.818938625,0.858054125,0.813283375,0.816247125,0.806291375,0,0.02230245476
1957,-1,-1,-1,,1,0.775188,0.801719,0.863849,0.836422,0.763873,0.794131,0.852633,0.831829,0.879301,0.868864,,
1957,1960,1961,0,0.7794695,7,0.8005712857,0.8103422857,0.8252401429,0.7829305714,0.813589,0.8224825714,0.8588285714,0.810634,0.8072394286,0.7973524286,0,0.02235907976
1959,-1,-1,-1,,1,0.777038,0.837041,0.811659,0.80812,0.824678,0.858606,0.851205,0.805344,0.828806,0.80564,,
1959,1962,1963,0,0.7861235,6,0.8044935,0.8058925,0.8275036667,0.7787323333,0.8117408333,0.816462,0.8600991667,0.8115156667,0.803645,0.7959711667,0,0.02250778486
1961,-1,-1,-1,,1,0.781901,0.763115,0.834651,0.768539,0.804106,0.791836,0.86787,0.817426,0.790387,0.817347,,
1961,1964,1965,0,0.792159,5,0.809012,0.814448,0.8260742,0.780771,0.8132678,0.8213872,0.858545,0.8103336,0.8062966,0.791696,0,0.02127791978
1963,-1,-1,-1,,1,0.790346,0.816934,0.854366,0.831078,0.850041,0.83636,0.863981,0.805942,0.813426,0.812045,,
1963,1966,1967,0,0.801792,4,0.8136785,0.8138265,0.81900125,0.76819425,0.8040745,0.817644,0.857186,0.8114315,0.80451425,0.78660875,0,0.02065847203
1965,-1,-1,-1,,1,0.793972,0.834061,0.827607,0.753708,0.814552,0.811301,0.845281,0.775337,0.769222,0.794246,,
1965,1968,1969,0,0.8160775,3,0.8202473333,0.8070816667,0.8161326667,0.773023,0.800582,0.8197583333,0.8611543333,0.823463,0.8162783333,0.784063,0,0.01981152276
1967,-1,-1,-1,,1,0.809612,0.803864,0.807792,0.789552,0.774811,0.809519,0.847733,0.782322,0.803823,0.790315,,
1967,1970,1971,0,0.825565,2,0.825565,0.8086905,0.820303,0.7647585,0.8134675,0.824878,0.867865,0.8440335,0.822506,0.780937,0,0
1969,-1,-1,-1,,1,0.822543,0.862494,0.811928,0.750445,0.812807,0.828491,0.862568,0.826917,0.805339,0.791743,,
1969,-1,-1,-1,,1,0.828587,0.754887,0.828678,0.779072,0.814128,0.821265,0.873162,0.86115,0.839673,0.770131,,
1736,1973,1974,0,0.8454685,14,0.8570883571,0.8057894286,0.8082946429,0.7983589286,0.793869,0.7889996429,0.8101662857,0.8052898571,0.8189315,0.8036105714,0,0.02594218944
1972,-1,-1,-1,,1,0.845465,0.815028,0.801512,0.798986,0.799145,0.793312,0.79451,0.806109,0.769689,0.814726,,
1972,1975,1976,0,0.8458835,13,0.8579824615,0.8050787692,0.8088163846,0.7983106923,0.7934631538,0.7886679231,0.8113706154,0.8052268462,0.8227193846,0.8027555385,0,0.02608991549
1974,-1,-1,-1,,1,0.845472,0.82714,0.832692,0.774362,0.795851,0.793781,0.821213,0.86358,0.823874,0.808994,,
1974,1977,1978,0,0.847554,12,0.859025,0.8032403333,0.80682675,0.8003064167,0.7932641667,0.7882418333,0.8105504167,0.8003640833,0.8226231667,0.8022356667,0,0.02575960941
1976,-1,-1,-1,,1,0.846295,0.811879,0.785963,0.80439,0.725045,0.747646,0.821169,0.787134,0.799547,0.789759,,
1976,1979,1980,0,0.8499315,11,0.8601822727,0.802455,0.8087234545,0.7999351818,0.7994659091,0.7919323636,0.8095850909,0.8015668182,0.824721,0.8033699091,0,0.02567526251
1978,-1,-1,-1,,1,0.848813,0.821766,0.809273,0.775626,0.789469,0.803793,0.800484,0.859217,0.838504,0.764687,,
1978,1981,1982,0,0.852076,10,0.8613192,0.8005239,0.8086685,0.8023661,0.8004656,0.7907463,0.8104952,0.7958018,0.8233427,0.8072382,0,0.02528816106
1980,-1,-1,-1,,1,0.85105,0.798834,0.808894,0.795682,0.808975,0.808699,0.799175,0.828301,0.846911,0.734827,,
1980,1983,1984,0,0.855733,9,0.8624602222,0.8007116667,0.8086434444,0.8031087778,0.7995201111,0.7887515556,0.811753,0.7921907778,0.820724,0.8152838889,0,0.02464298414
1982,-1,-1,-1,,1,0.853102,0.812448,0.810086,0.805483,0.839741,0.812839,0.833967,0.841816,0.826933,0.764791,,
1982,1985,1986,0,0.8590645,8,0.86363,0.799244625,0.808463125,0.802812,0.7944925,0.785740625,0.80897625,0.785987625,0.819947875,0.8215955,0,0.02555430446
1984,-1,-1,-1,,1,0.858364,0.764813,0.799737,0.781681,0.794832,0.759651,0.808384,0.789998,0.818855,0.812798,,
1984,1987,1988,0,0.8601375,7,0.8643822857,0.8041634286,0.8097097143,0.8058307143,0.794444,0.7894677143,0.8090608571,0.7854147143,0.820104,0.8228522857,0,0.02640751218
1986,-1,-1,-1,,1,0.859765,0.810576,0.808104,0.852471,0.783488,0.791628,0.795019,0.800996,0.837397,0.808249,,
1986,1989,1990,0,0.860928,6,0.8651518333,0.8030946667,0.8099773333,0.7980573333,0.79627,0.7891076667,0.8114011667,0.7828178333,0.8172218333,0.8252861667,0,0.02367878048
1988,-1,-1,-1,,1,0.86051,0.815316,0.799773,0.829374,0.821601,0.844731,0.768778,0.743386,0.837693,0.773095,,
1988,1991,1992,0,0.863382,5,0.8660802,0.8006504,0.8120182,0.791794,0.7912038,0.777983,0.8199258,0.7907042,0.8131276,0.8357244,0,0.02342934214
1990,-1,-1,-1,,1,0.861346,0.777229,0.798528,0.809295,0.840843,0.801964,0.795653,0.786112,0.824089,0.841443,,
1990,1993,1994,0,0.865881,4,0.86726375,0.80650575,0.81539075,0.78741875,0.778794,0.77198775,0.825994,0.79185225,0.81038725,0.83429475,0,0.02101903276
1992,-1,-1,-1,,1,0.865418,0.776074,0.796599,0.781797,0.767439,0.803289,0.810984,0.786132,0.757559,0.866787,,
1992,1995,1996,0,0.866451,3,0.867879,0.8166496667,0.8216546667,0.7892926667,0.782579,0.761554,0.8309973333,0.793759,0.8279966667,0.823464,0,0.01776590829
1994,-1,-1,-1,,1,0.866344,0.833418,0.804255,0.819313,0.738771,0.753365,0.833713,0.770758,0.826098,0.798687,,
1994,1997,1998,0,0.8686465,2,0.8686465,0.8082655,0.8303545,0.7742825,0.804483,0.7656485,0.8296395,0.8052595,0.828946,0.8358525,0,0
1996,-1,-1,-1,,1,0.866558,0.785813,0.852674,0.773359,0.805807,0.745127,0.85395,0.786888,0.828768,0.86409,,
1996,-1,-1,-1,,1,0.870735,0.830718,0.808035,0.775206,0.803159,0.78617,0.805329,0.823631,0.829124,0.807615,,
