parent,left,right,vid,cut,n,m1,m2,m3,m4,m5,m6,m7,m8,m9,m10,sd_left,sd_right
-1,1,1200,5,0.4468115,1000,0.389699152,0.387557446,0.3879576,0.390891333,0.391063363,0.525513767,0.520121908,0.521812663,0.521693967,0.523656662,0.06133342182,0.2395156803
0,2,721,3,0.3424515,600,0.3323924933,0.3308255383,0.3307125033,0.331538085,0.332664055,0.327521205,0.331848885,0.3312207117,0.3320924417,0.3325315917,0.04730917937,0.06943206113
1,3,434,2,0.3295555,360,0.3177928667,0.3150790778,0.3161762306,0.2954564972,0.3174903333,0.3154549556,0.3160671778,0.3154860917,0.3184902667,0.3170823028,0.04115611926,0.04572925108
2,4,219,4,0.3021785,216,0.3038448148,0.3046777963,0.2828121481,0.2895006343,0.3035422176,0.2996645278,0.3043251019,0.3039058287,0.3042183148,0.3029972315,0.03804185591,0.04051145543
3,5,90,1,0.293571,108,0.3025397407,0.3024222963,0.2797563611,0.2940331944,0.2664611759,0.2963290926,0.3040211481,0.2972331111,0.2988951296,0.3021591667,0.03502258938,0.03663088509
4,6,65,7,0.3145605,43,0.3080148372,0.258306,0.2777693023,0.2970914884,0.2640436744,0.2820006279,0.305110907,0.2938181628,0.300232,0.2937372093,0.03360119111,0.03090599183
5,7,24,9,0.275932,30,0.3096917333,0.2543690667,0.2771624333,0.3004401,0.263308,0.2752371667,0.3138116333,0.2720793333,0.3053275,0.2935684,0.02902550067,0.03225306111
6,8,23,5,0.3292105,9,0.3162405556,0.2525706667,0.2942003333,0.3006663333,0.2685153333,0.2842327778,0.3023676667,0.2594454444,0.2946688889,0.2425065556,0.0274598029,0
7,9,16,5,0.2807935,8,0.30628,0.2492765,0.291879875,0.298240375,0.26502225,0.27787,0.30180075,0.263238375,0.2997585,0.241704,0.02143937219,0.02376427504
8,10,11,3,0.2738585,4,0.31694975,0.262484,0.30325625,0.28900875,0.24444575,0.24263575,0.293226,0.2733075,0.298001,0.25023025,0,0.01862780048
9,-1,-1,-1,,1,0.322152,0.23792,0.324042,0.262252,0.289537,0.236379,0.307918,0.267731,0.341387,0.248843,,
9,12,13,2,0.282619,3,0.3152156667,0.270672,0.2963276667,0.2979276667,0.2294153333,0.2447213333,0.2883286667,0.2751663333,0.283539,0.2506926667,0,0.01365047211
11,-1,-1,-1,,1,0.328433,0.286674,0.252527,0.285465,0.210074,0.229314,0.286453,0.299843,0.309682,0.2441,,
11,14,15,0,0.308607,2,0.308607,0.262671,0.318228,0.304159,0.239086,0.252425,0.2892665,0.262828,0.2704675,0.253989,0,0
13,-1,-1,-1,,1,0.302015,0.253513,0.323745,0.295972,0.211664,0.2505,0.296892,0.285007,0.270291,0.272232,,
13,-1,-1,-1,,1,0.315199,0.271829,0.312711,0.312346,0.266508,0.25435,0.281641,0.240649,0.270644,0.235746,,
8,17,22,3,0.3338795,4,0.29561025,0.236069,0.2805035,0.307472,0.28559875,0.31310425,0.3103755,0.25316925,0.301516,0.23317775,0.02142554297,0
16,18,21,1,0.249936,3,0.3030833333,0.2404936667,0.2789843333,0.2985033333,0.282648,0.31506,0.326778,0.242426,0.2936456667,0.2223273333,0.0173543993,0
17,19,20,0,0.3109645,2,0.3109645,0.2311595,0.2636045,0.2810645,0.2915485,0.317773,0.327427,0.263058,0.2857505,0.22747,0,0
18,-1,-1,-1,,1,0.309351,0.221609,0.255177,0.284299,0.300139,0.323286,0.373567,0.253095,0.296409,0.247231,,
18,-1,-1,-1,,1,0.312578,0.24071,0.272032,0.27783,0.282958,0.31226,0.281287,0.273021,0.275092,0.207709,,
17,-1,-1,-1,,1,0.287321,0.259162,0.309744,0.333381,0.264847,0.309634,0.32548,0.201162,0.309436,0.212042,,
16,-1,-1,-1,,1,0.273191,0.222795,0.285061,0.334378,0.294451,0.307237,0.261168,0.285399,0.325127,0.265729,,
7,-1,-1,-1,,1,0.395925,0.278924,0.312764,0.320074,0.29646,0.335135,0.306903,0.229102,0.253952,0.248927,,
6,25,40,6,0.312108,21,0.3068850952,0.2551398095,0.2698604762,0.3003431429,0.2610762857,0.2713819048,0.3187161905,0.2774938571,0.3098954762,0.3154520476,0.02779496905,0.0309654095
24,26,37,5,0.3110385,8,0.31399725,0.25448,0.27682225,0.30043775,0.275277875,0.280538375,0.282381125,0.2786605,0.284327125,0.326208875,0.02550150722,0.01344354836
25,27,36,8,0.3288385,6,0.3323906667,0.2472065,0.2766306667,0.2967215,0.2731976667,0.2637198333,0.2745621667,0.2751508333,0.2847901667,0.3204775,0.02321738694,0
26,28,29,1,0.2082905,5,0.338623,0.2383992,0.2734398,0.3000762,0.271511,0.2730544,0.2820058,0.2757752,0.274402,0.3172056,0,0.02133495959
27,-1,-1,-1,,1,0.345348,0.196413,0.295233,0.303992,0.217766,0.247563,0.253132,0.276298,0.265778,0.30136,,
27,30,31,6,0.278096,4,0.33694175,0.24889575,0.2679915,0.29909725,0.28494725,0.27942725,0.28922425,0.2756445,0.276558,0.321167,0,0.0190623526
29,-1,-1,-1,,1,0.345836,0.280308,0.298807,0.326005,0.277761,0.281626,0.263633,0.282492,0.320946,0.317778,,
29,32,35,2,0.279772,3,0.333977,0.238425,0.2577196667,0.290128,0.2873426667,0.2786943333,0.2977546667,0.273362,0.261762,0.3222966667,0.01393837566,0
31,33,34,0,0.3400925,2,0.3400925,0.229921,0.2382995,0.305198,0.2980015,0.286794,0.293092,0.2611045,0.259474,0.33224,0,0
32,-1,-1,-1,,1,0.337345,0.220168,0.262984,0.327625,0.298803,0.306544,0.293625,0.2463,0.269991,0.329585,,
32,-1,-1,-1,,1,0.34284,0.239674,0.213615,0.282771,0.2972,0.267044,0.292559,0.275909,0.248957,0.334895,,
31,-1,-1,-1,,1,0.321746,0.255433,0.29656,0.259988,0.266025,0.262495,0.30708,0.297877,0.266338,0.30241,,
26,-1,-1,-1,,1,0.301229,0.291243,0.292585,0.279948,0.281631,0.217047,0.237344,0.272029,0.336731,0.336837,,
25,38,39,0,0.258817,2,0.258817,0.2763005,0.277397,0.3115865,0.2815185,0.330994,0.305838,0.2891895,0.282938,0.343403,0,0
37,-1,-1,-1,,1,0.251729,0.271192,0.292413,0.33087,0.293472,0.315533,0.301424,0.284378,0.284666,0.369975,,
37,-1,-1,-1,,1,0.265905,0.281409,0.262381,0.292303,0.269565,0.346455,0.310252,0.294001,0.28121,0.316831,,
24,41,42,2,0.1919005,13,0.3025083846,0.2555458462,0.2655763077,0.3002849231,0.2523368462,0.2657471538,0.3410762308,0.2767759231,0.3256298462,0.3088324615,0,0.029525419
40,-1,-1,-1,,1,0.258703,0.280377,0.178638,0.323167,0.194112,0.314706,0.355251,0.278281,0.285054,0.29316,,
40,43,44,4,0.218947,12,0.3061588333,0.2534765833,0.2728211667,0.2983780833,0.2571889167,0.26166725,0.339895,0.2766505,0.3290111667,0.3101385,0,0.02783352283
42,-1,-1,-1,,1,0.310473,0.220117,0.29369,0.271594,0.218116,0.275117,0.385656,0.172882,0.359376,0.30943,,
42,45,60,8,0.334036,11,0.3057666364,0.2565092727,0.270924,0.300813,0.260741,0.2604445455,0.3357349091,0.286084,0.3262507273,0.3102029091,0.02387137878,0.02477286771
44,46,59,1,0.291996,8,0.31772075,0.265908625,0.27928075,0.3040255,0.267767625,0.254794125,0.338444125,0.281211625,0.30904075,0.3083545,0.02260485006,0
45,47,48,8,0.2781005,7,0.3099561429,0.2620894286,0.2779867143,0.2991364286,0.2678731429,0.255591,0.3321732857,0.286578,0.3083701429,0.305974,0,0.02102409487
46,-1,-1,-1,,1,0.304755,0.278386,0.327762,0.262961,0.250596,0.25132,0.354949,0.307726,0.259262,0.318363,,
46,49,50,1,0.2332725,6,0.310823,0.2593733333,0.2696908333,0.3051656667,0.2707526667,0.2563028333,0.3283773333,0.2830533333,0.3165548333,0.3039091667,0,0.01876041309
48,-1,-1,-1,,1,0.30197,0.22683,0.295853,0.325641,0.250258,0.287433,0.316763,0.297672,0.310251,0.362367,,
48,51,52,3,0.286574,5,0.3125936,0.265882,0.2644584,0.3010706,0.2748516,0.2500768,0.3307002,0.2801296,0.3178156,0.2922176,0,0.01577596723
50,-1,-1,-1,,1,0.269805,0.257161,0.289464,0.267413,0.296097,0.241177,0.314681,0.24354,0.311147,0.308904,,
50,53,54,9,0.2835265,4,0.32329075,0.26806225,0.258207,0.309485,0.26954025,0.25230175,0.334705,0.289277,0.31948275,0.288046,0,0.01172400629
52,-1,-1,-1,,1,0.320352,0.291349,0.266586,0.306069,0.219778,0.277328,0.337133,0.281965,0.296939,0.279632,,
52,55,58,0,0.331737,3,0.3242703333,0.2603,0.255414,0.3106236667,0.2861276667,0.2439596667,0.3338956667,0.2917143333,0.3269973333,0.2908506667,0.006125112205,0
54,56,57,0,0.313819,2,0.313819,0.2528685,0.264598,0.305926,0.2887085,0.255384,0.3282645,0.2814315,0.3309995,0.290018,0,0
55,-1,-1,-1,,1,0.309337,0.266022,0.254406,0.305735,0.283189,0.257728,0.329817,0.287176,0.330798,0.292615,,
55,-1,-1,-1,,1,0.318301,0.239715,0.27479,0.306117,0.294228,0.25304,0.326712,0.275687,0.331201,0.287421,,
54,-1,-1,-1,,1,0.345173,0.275163,0.237046,0.320019,0.280966,0.221111,0.345158,0.31228,0.318993,0.292516,,
45,-1,-1,-1,,1,0.372073,0.292643,0.288339,0.338249,0.267029,0.249216,0.38234,0.243647,0.313735,0.325018,,
44,61,64,0,0.2853415,3,0.273889,0.2314443333,0.2486393333,0.2922463333,0.2420033333,0.2755123333,0.3285103333,0.299077,0.372144,0.315132,0.01834566615,0
60,62,63,0,0.2546685,2,0.2546685,0.219419,0.237184,0.3226285,0.2387255,0.263158,0.3354875,0.3008455,0.360986,0.308921,0,0
61,-1,-1,-1,,1,0.250984,0.196177,0.269205,0.336428,0.248173,0.25149,0.357011,0.310726,0.385101,0.293812,,
61,-1,-1,-1,,1,0.258353,0.242661,0.205163,0.308829,0.229278,0.274826,0.313964,0.290965,0.336871,0.32403,,
60,-1,-1,-1,,1,0.31233,0.255495,0.27155,0.231482,0.248559,0.300221,0.314556,0.29554,0.39446,0.327554,,
5,66,75,8,0.28775,13,0.3041450769,0.2673912308,0.2791697692,0.2893639231,0.2657413846,0.2976086154,0.2850323077,0.3439846923,0.2884731538,0.2941267692,0.0234152971,0.02987852814
65,67,68,4,0.240213,5,0.2959298,0.2814306,0.2663508,0.2700432,0.2668376,0.3100228,0.3037416,0.3337744,0.2555064,0.2692202,0,0.02093501089
66,-1,-1,-1,,1,0.297254,0.278309,0.270207,0.213502,0.212399,0.301935,0.301001,0.346708,0.225916,0.293789,,
66,69,70,0,0.280367,4,0.29559875,0.282211,0.26538675,0.2841785,0.28044725,0.31204475,0.30442675,0.330541,0.262904,0.263078,0,0.0166714605
68,-1,-1,-1,,1,0.263351,0.281328,0.221305,0.270645,0.271998,0.264819,0.280117,0.335542,0.272973,0.236459,,
68,71,74,7,0.3348905,3,0.306348,0.2825053333,0.2800806667,0.2886896667,0.2832636667,0.3277866667,0.31253,0.328874,0.2595476667,0.271951,0.01320701636,0
70,72,73,0,0.3108305,2,0.3108305,0.2777975,0.2833095,0.285294,0.2849485,0.3223855,0.290967,0.321413,0.246197,0.275581,0,0
71,-1,-1,-1,,1,0.297709,0.26882,0.27565,0.304003,0.268027,0.303933,0.28552,0.325985,0.236288,0.258054,,
71,-1,-1,-1,,1,0.323952,0.286775,0.290969,0.266585,0.30187,0.340838,0.296414,0.316841,0.256106,0.293108,,
70,-1,-1,-1,,1,0.297383,0.291921,0.273623,0.295481,0.279894,0.338589,0.355656,0.343796,0.286249,0.264691,,
65,76,77,3,0.2804215,8,0.309279625,0.258616625,0.287181625,0.301439375,0.26505625,0.28984975,0.273339,0.350366125,0.309077375,0.309693375,0,0.02856701255
75,-1,-1,-1,,1,0.297271,0.285789,0.320527,0.270711,0.277678,0.350357,0.271717,0.419939,0.3072,0.339704,,
75,78,79,9,0.2573455,7,0.3109951429,0.2547348571,0.282418,0.3058291429,0.2632531429,0.2812058571,0.2735707143,0.3404271429,0.3093455714,0.3054061429,0,0.02718355028
77,-1,-1,-1,,1,0.291553,0.227696,0.314312,0.308214,0.295381,0.288119,0.297895,0.319704,0.295796,0.224506,,
77,80,85,0,0.3179715,6,0.3142355,0.2592413333,0.2771023333,0.3054316667,0.2578985,0.2800536667,0.2695166667,0.343881,0.3116038333,0.3188895,0.02092092416,0.0223196716
79,81,82,5,0.2709885,3,0.2769996667,0.264012,0.2668683333,0.3074343333,0.272592,0.2900506667,0.2444743333,0.357888,0.304494,0.3173163333,0,0.01607598533
80,-1,-1,-1,,1,0.29082,0.271957,0.282333,0.324557,0.287316,0.242542,0.252222,0.366461,0.295604,0.360153,,
80,83,84,0,0.2700895,2,0.2700895,0.2600395,0.259136,0.298873,0.26523,0.313805,0.2406005,0.3536015,0.308939,0.295898,0,0
82,-1,-1,-1,,1,0.267592,0.289988,0.24068,0.290132,0.244654,0.328175,0.248467,0.330477,0.311189,0.301611,,
82,-1,-1,-1,,1,0.272587,0.230091,0.277592,0.307614,0.285806,0.299435,0.232734,0.376726,0.306689,0.290185,,
79,86,87,8,0.299293,3,0.3514713333,0.2544706667,0.2873363333,0.303429,0.243205,0.2700566667,0.294559,0.329874,0.3187136667,0.3204626667,0,0.0168364423
85,-1,-1,-1,,1,0.352266,0.271673,0.309579,0.306262,0.296578,0.270086,0.32791,0.335504,0.289251,0.343349,,
85,88,89,0,0.351074,2,0.351074,0.2458695,0.276215,0.3020125,0.2165185,0.270042,0.2778835,0.327059,0.333445,0.3090195,0,0
87,-1,-1,-1,,1,0.345123,0.279624,0.251497,0.299391,0.204806,0.254583,0.282736,0.334728,0.309335,0.310506,,
87,-1,-1,-1,,1,0.357025,0.212115,0.300933,0.304634,0.228231,0.285501,0.273031,0.31939,0.357555,0.307533,,
4,91,154,0,0.2983035,65,0.2989177538,0.3316069231,0.2810708769,0.2920100154,0.2680604462,0.3058079231,0.3033002308,0.2994922308,0.2980107385,0.3077306154,0.03403036891,0.03426296909
90,92,109,9,0.266847,32,0.2592177813,0.3322386562,0.2811456563,0.2835819688,0.2666054063,0.3047005938,0.3047066875,0.2887544375,0.2962651875,0.3013571875,0.03462178921,0.02969432327
91,93,94,7,0.2104765,9,0.2457062222,0.3422297778,0.2897687778,0.2844496667,0.2706075556,0.2869321111,0.3024674444,0.2593293333,0.2981483333,0.2446132222,0,0.03316279726
92,-1,-1,-1,,1,0.272225,0.301552,0.239589,0.297794,0.224308,0.298417,0.264688,0.193964,0.32146,0.180468,,
92,95,108,0,0.291043,8,0.242391375,0.3473145,0.29604125,0.282781625,0.276395,0.2854965,0.307189875,0.2675,0.295234375,0.252631375,0.03139066227,0
94,96,107,8,0.326792,7,0.235117,0.3434607143,0.2933082857,0.2855825714,0.2740468571,0.2976748571,0.3148527143,0.26952,0.2889395714,0.252404,0.02921237338,0
95,97,98,4,0.2390785,6,0.2261741667,0.3399013333,0.288153,0.2916833333,0.2718081667,0.299019,0.304786,0.2616876667,0.279356,0.2500775,0,0.02752776258
96,-1,-1,-1,,1,0.245158,0.300221,0.328508,0.33724,0.23054,0.304223,0.33355,0.30862,0.303429,0.239328,,
96,99,102,8,0.2676525,5,0.2223774,0.3478374,0.280082,0.282572,0.2800618,0.2979782,0.2990332,0.2523012,0.2745414,0.2522274,0.01506786093,0.02355007531
98,100,101,0,0.228923,2,0.228923,0.3918465,0.282696,0.2991475,0.2653565,0.3138785,0.3099275,0.2470855,0.228367,0.2500565,0,0
99,-1,-1,-1,,1,0.223413,0.399034,0.281806,0.335,0.247617,0.317683,0.308213,0.226989,0.231838,0.23764,,
99,-1,-1,-1,,1,0.234433,0.384659,0.283586,0.263295,0.283096,0.310074,0.311642,0.267182,0.224896,0.262473,,
98,103,106,6,0.3154925,3,0.2180136667,0.318498,0.2783393333,0.2715216667,0.2898653333,0.287378,0.2917703333,0.2557783333,0.3053243333,0.2536746667,0.01904810406,0
102,104,105,0,0.2248055,2,0.2248055,0.319021,0.278819,0.302035,0.288243,0.284509,0.2687715,0.251584,0.304415,0.258935,0,0
103,-1,-1,-1,,1,0.210804,0.329088,0.233126,0.317215,0.275219,0.295446,0.293217,0.2421,0.303467,0.253022,,
103,-1,-1,-1,,1,0.238807,0.308954,0.324512,0.286855,0.301267,0.273572,0.244326,0.261068,0.305363,0.264848,,
102,-1,-1,-1,,1,0.20443,0.317452,0.27738,0.210495,0.29311,0.293116,0.337768,0.264167,0.307143,0.243154,,
95,-1,-1,-1,,1,0.288774,0.364817,0.32424,0.248978,0.287479,0.28961,0.375253,0.316514,0.346441,0.266363,,
94,-1,-1,-1,,1,0.293312,0.374291,0.315172,0.263175,0.292832,0.200248,0.25355,0.25336,0.339298,0.254223,,
91,110,131,6,0.3029835,23,0.264504913,0.328329087,0.2777713913,0.2832424348,0.2650393478,0.3116534783,0.305582913,0.3002686087,0.2955283043,0.3235613478,0.02834044477,0.02572893321
109,111,122,5,0.321941,11,0.2672130909,0.3254442727,0.2758619091,0.2973927273,0.2549432727,0.3258953636,0.2767286364,0.3039659091,0.3124919091,0.3251534545,0.02485552011,0.02217455328
110,112,115,7,0.2766565,6,0.2732336667,0.3274305,0.260347,0.2916653333,0.260541,0.2961186667,0.2808543333,0.3004586667,0.3362663333,0.3391615,0.01779021796,0.02018348512
111,113,114,0,0.2743835,2,0.2743835,0.329046,0.2374405,0.3233555,0.2637285,0.29024,0.2818135,0.2701815,0.3144995,0.3821185,0,0
112,-1,-1,-1,,1,0.25644,0.356171,0.215119,0.318558,0.256243,0.261245,0.262138,0.268432,0.310844,0.365218,,
112,-1,-1,-1,,1,0.292327,0.301921,0.259762,0.328153,0.271214,0.319235,0.301489,0.271931,0.318155,0.399019,,
111,116,119,2,0.275669,4,0.27265875,0.32662275,0.27180025,0.27582025,0.25894725,0.299058,0.28037475,0.31559725,0.34714975,0.317683,0.009695042564,0.01497910731
115,117,118,0,0.277705,2,0.277705,0.3069795,0.258473,0.2744945,0.2526865,0.300571,0.2650705,0.3474655,0.323585,0.324362,0,0
116,-1,-1,-1,,1,0.272312,0.315031,0.245675,0.284235,0.241032,0.292549,0.263869,0.332338,0.334864,0.318914,,
116,-1,-1,-1,,1,0.283098,0.298928,0.271271,0.264754,0.264341,0.308593,0.266272,0.362593,0.312306,0.32981,,
115,120,121,0,0.2676125,2,0.2676125,0.346266,0.2851275,0.277146,0.265208,0.297545,0.295679,0.283729,0.3707145,0.311004,0,0
119,-1,-1,-1,,1,0.262156,0.351579,0.280067,0.273737,0.253097,0.292301,0.292363,0.281382,0.394787,0.34813,,
119,-1,-1,-1,,1,0.273069,0.340953,0.290188,0.280555,0.277319,0.302789,0.298995,0.286076,0.346642,0.273878,,
110,123,130,5,0.3864925,5,0.2599884,0.3230608,0.2944798,0.3042656,0.248226,0.3616274,0.2717778,0.3081746,0.2839626,0.3083438,0.01900595325,0
122,124,125,2,0.293261,4,0.25128725,0.3211955,0.308297,0.302721,0.2596485,0.3542465,0.267894,0.30839925,0.2885485,0.3119795,0,0.01760350279
123,-1,-1,-1,,1,0.265891,0.341855,0.277616,0.301627,0.228993,0.324647,0.267548,0.303921,0.287749,0.333077,,
123,126,127,2,0.3148705,3,0.2464193333,0.314309,0.318524,0.3030856667,0.269867,0.364113,0.2680093333,0.309892,0.288815,0.304947,0,0.01413193575
125,-1,-1,-1,,1,0.231361,0.30593,0.308906,0.299596,0.276302,0.330874,0.27568,0.310678,0.248844,0.286786,,
125,128,129,0,0.2539485,2,0.2539485,0.3184985,0.323333,0.3048305,0.2666495,0.3807325,0.264174,0.309499,0.3088005,0.3140275,0,0
127,-1,-1,-1,,1,0.25364,0.33388,0.325831,0.281927,0.294659,0.379631,0.281301,0.314696,0.314829,0.323365,,
127,-1,-1,-1,,1,0.254257,0.303117,0.320835,0.327734,0.23864,0.381834,0.247047,0.304302,0.302772,0.30469,,
122,-1,-1,-1,,1,0.294793,0.330522,0.239211,0.310444,0.202536,0.391151,0.287313,0.307276,0.265619,0.293801,,
109,132,133,2,0.244874,12,0.2620224167,0.3309735,0.27952175,0.2702713333,0.2742940833,0.2985984167,0.3320326667,0.2968794167,0.2799783333,0.3221019167,0,0.02426645526
131,-1,-1,-1,,1,0.259632,0.390744,0.242258,0.287085,0.26682,0.320073,0.370254,0.262358,0.275647,0.392833,,
131,134,135,3,0.2049825,11,0.2622397273,0.3255398182,0.2829093636,0.2687428182,0.2749735455,0.2966461818,0.328558,0.3000177273,0.2803720909,0.3156718182,0,0.02291525793
133,-1,-1,-1,,1,0.222839,0.303209,0.279785,0.185456,0.301787,0.283361,0.352149,0.278509,0.265072,0.314044,,
133,136,139,3,0.252046,10,0.2661798,0.3277729,0.2832218,0.2770715,0.2722922,0.2979747,0.3261989,0.3021686,0.2819021,0.3158346,0.007814854312,0.0226494736
135,137,138,0,0.2891075,2,0.2891075,0.3076275,0.301286,0.235405,0.262601,0.3036015,0.316443,0.2859085,0.28009,0.3406835,0,0
136,-1,-1,-1,,1,0.285004,0.306396,0.302378,0.224509,0.258732,0.294814,0.328408,0.280102,0.26724,0.334498,,
136,-1,-1,-1,,1,0.293211,0.308859,0.300194,0.246301,0.26647,0.312389,0.304478,0.291715,0.29294,0.346869,,
135,140,149,7,0.319072,8,0.260447875,0.33280925,0.27870575,0.287488125,0.274715,0.296568,0.328637875,0.306233625,0.282355125,0.309622375,0.0192733679,0.01785219302
139,141,148,4,0.293222,5,0.2584444,0.340945,0.282109,0.2940006,0.2739766,0.2879988,0.328616,0.2851754,0.2952118,0.3223114,0.01772223223,0
140,142,143,7,0.2704215,4,0.24873275,0.34270825,0.29076375,0.29245875,0.2688015,0.28982375,0.32851775,0.28667825,0.304598,0.3246165,0,0.01527460007
141,-1,-1,-1,,1,0.218236,0.335778,0.26514,0.299277,0.291767,0.289492,0.305788,0.254215,0.285457,0.319399,,
141,144,145,4,0.250305,3,0.2588983333,0.3450183333,0.299305,0.290186,0.2611463333,0.2899343333,0.3360943333,0.2974993333,0.3109783333,0.3263556667,0,0.01200566052
143,-1,-1,-1,,1,0.260935,0.346052,0.3049,0.284038,0.225936,0.301192,0.31623,0.286628,0.316624,0.298806,,
143,146,147,0,0.25788,2,0.25788,0.3445015,0.2965075,0.29326,0.2787515,0.2843055,0.3460265,0.302935,0.3081555,0.3401305,0,0
145,-1,-1,-1,,1,0.257283,0.337683,0.31304,0.305766,0.282829,0.261788,0.354451,0.288028,0.296226,0.33776,,
145,-1,-1,-1,,1,0.258477,0.35132,0.279975,0.280754,0.274674,0.306823,0.337602,0.317842,0.320085,0.342501,,
140,-1,-1,-1,,1,0.297291,0.333892,0.24749,0.300168,0.294677,0.280699,0.329009,0.279164,0.257667,0.313091,,
139,150,153,8,0.281678,3,0.263787,0.3192496667,0.2730336667,0.276634,0.2759456667,0.31085,0.3286743333,0.3413306667,0.2609273333,0.288474,0.01371816374,0
149,151,152,0,0.276455,2,0.276455,0.3244385,0.281539,0.2642895,0.273522,0.307974,0.3263,0.343801,0.2405205,0.2990455,0,0
150,-1,-1,-1,,1,0.262294,0.310744,0.294603,0.270788,0.276499,0.318021,0.314072,0.320302,0.219426,0.294106,,
150,-1,-1,-1,,1,0.290616,0.338133,0.268475,0.257791,0.270545,0.297927,0.338528,0.3673,0.261615,0.303985,,
149,-1,-1,-1,,1,0.238451,0.308872,0.256023,0.301323,0.280793,0.316602,0.333423,0.33639,0.301741,0.267331,,
90,155,206,2,0.316789,33,0.337414697,0.3309943333,0.2809983636,0.3001826667,0.2694713939,0.306881697,0.3019363939,0.3099046364,0.2997033939,0.3139109091,0.03054991361,0.03752967093
154,156,165,5,0.279057,26,0.3320476923,0.3315533846,0.2692343077,0.2957787308,0.2715185769,0.2998103077,0.2975788077,0.3020595,0.2924887308,0.3122212308,0.02797388092,0.0278531
155,157,164,3,0.3237,5,0.322493,0.3264058,0.268974,0.2996716,0.2654214,0.2291518,0.3106736,0.3142948,0.2862338,0.2800108,0.02434615146,0
156,158,159,3,0.270808,4,0.323065,0.3086065,0.26863025,0.2905045,0.2635265,0.21881575,0.3222545,0.31025325,0.2763435,0.28331,0,0.02053922742
157,-1,-1,-1,,1,0.317746,0.31746,0.312622,0.270562,0.2911,0.224524,0.281144,0.303746,0.328914,0.259612,,
157,160,161,0,0.319397,3,0.324838,0.3056553333,0.2539663333,0.297152,0.2543353333,0.216913,0.335958,0.3124223333,0.25882,0.2912093333,0,0.0165868012
159,-1,-1,-1,,1,0.309689,0.296957,0.212958,0.271054,0.218227,0.228185,0.353573,0.316679,0.275526,0.299121,,
159,162,163,0,0.3324125,2,0.3324125,0.3100045,0.2744705,0.310201,0.2723895,0.211277,0.3271505,0.310294,0.250467,0.2872535,0,0
161,-1,-1,-1,,1,0.329105,0.321692,0.294116,0.309342,0.283058,0.22908,0.341011,0.305998,0.285105,0.267866,,
161,-1,-1,-1,,1,0.33572,0.298317,0.254825,0.31106,0.261721,0.193474,0.31329,0.31459,0.215829,0.306641,,
156,-1,-1,-1,,1,0.320205,0.397603,0.270349,0.33634,0.273001,0.270496,0.26435,0.330461,0.325795,0.266814,,
155,166,177,8,0.2717385,21,0.334322619,0.332779,0.2692962857,0.2948518571,0.2729702857,0.3166337619,0.294461,0.2991463333,0.293978,0.319890381,0.02321637582,0.02600057542
165,167,170,6,0.274585,6,0.3533095,0.353368,0.2803423333,0.3048368333,0.286753,0.2991051667,0.2882893333,0.3017341667,0.2552058333,0.2993596667,0.01495997261,0.01747222201
166,168,169,0,0.3775085,2,0.3775085,0.354268,0.2666135,0.3187285,0.27415,0.3012095,0.2325785,0.296558,0.2615655,0.2691015,0,0
167,-1,-1,-1,,1,0.347986,0.35397,0.274388,0.30574,0.282375,0.305301,0.24204,0.270207,0.270577,0.255401,,
167,-1,-1,-1,,1,0.407031,0.354566,0.258839,0.331717,0.265925,0.297118,0.223117,0.322909,0.252554,0.282802,,
166,171,172,8,0.241841,4,0.34121,0.352918,0.28720675,0.297891,0.2930545,0.298053,0.31614475,0.30432225,0.252026,0.31448875,0,0.01495047461
170,-1,-1,-1,,1,0.377087,0.39175,0.289417,0.318143,0.288089,0.300023,0.329869,0.31854,0.23945,0.33298,,
170,173,174,3,0.2832275,3,0.329251,0.339974,0.28647,0.2911403333,0.2947096667,0.2973963333,0.31157,0.299583,0.256218,0.308325,0,0.01072943115
172,-1,-1,-1,,1,0.311144,0.340292,0.245654,0.282,0.299588,0.287618,0.317083,0.318937,0.263465,0.325089,,
172,175,176,0,0.3383045,2,0.3383045,0.339815,0.306878,0.2957105,0.2922705,0.3022855,0.3088135,0.289906,0.2525945,0.299943,0,0
174,-1,-1,-1,,1,0.334966,0.324835,0.298835,0.306966,0.295742,0.303609,0.30713,0.276671,0.244232,0.32145,,
174,-1,-1,-1,,1,0.341643,0.354795,0.314921,0.284455,0.288799,0.300962,0.310497,0.303141,0.260957,0.278436,,
165,178,189,7,0.2866475,15,0.3267278667,0.3245434,0.2648778667,0.2908578667,0.2674572,0.3236452,0.2969296667,0.2981112,0.3094868667,0.3281026667,0.02245445366,0.02229977581
177,179,180,5,0.306962,6,0.3273186667,0.3216416667,0.2601921667,0.3175326667,0.2605693333,0.3242571667,0.3047223333,0.258204,0.3197041667,0.318515,0,0.02045374045
178,-1,-1,-1,,1,0.31527,0.305414,0.213317,0.341747,0.301333,0.292469,0.322354,0.241437,0.356017,0.320446,,
178,181,188,3,0.327046,5,0.3297284,0.3248872,0.2695672,0.3126898,0.2524166,0.3306148,0.301196,0.2615574,0.3124416,0.3181288,0.01872984807,0
180,182,183,3,0.29915,4,0.33711525,0.3240735,0.26334675,0.30690125,0.254659,0.33261575,0.29621525,0.26208525,0.31507225,0.331388,0,0.01558450421
181,-1,-1,-1,,1,0.349132,0.313361,0.316332,0.293532,0.221096,0.321455,0.28074,0.269113,0.2986,0.329682,,
181,184,187,2,0.246848,3,0.3331096667,0.3276443333,0.245685,0.3113576667,0.2658466667,0.336336,0.3013736667,0.2597426667,0.320563,0.3319566667,0.008707722726,0
183,185,186,0,0.3323765,2,0.3323765,0.339792,0.2436525,0.311508,0.2481565,0.3338495,0.3062695,0.260447,0.3180035,0.3533865,0,0
184,-1,-1,-1,,1,0.329426,0.358528,0.243946,0.304768,0.246917,0.323023,0.306009,0.247202,0.322507,0.359588,,
184,-1,-1,-1,,1,0.335327,0.321056,0.243359,0.318248,0.249396,0.344676,0.30653,0.273692,0.3135,0.347185,,
183,-1,-1,-1,,1,0.334576,0.303349,0.24975,0.311057,0.301227,0.341309,0.291582,0.258334,0.325682,0.289097,,
180,-1,-1,-1,,1,0.300181,0.328142,0.294449,0.335844,0.243447,0.322611,0.321119,0.259446,0.301919,0.265092,,
177,190,191,3,0.2406585,9,0.326334,0.3264778889,0.2680016667,0.2730746667,0.2720491111,0.3232372222,0.2917345556,0.324716,0.3026753333,0.3344944444,0,0.0211583041
189,-1,-1,-1,,1,0.312098,0.364483,0.227345,0.225748,0.283883,0.31659,0.257843,0.332828,0.279545,0.356273,,
189,192,193,1,0.3044725,8,0.3281135,0.32172725,0.27308375,0.2789905,0.270569875,0.324068125,0.295971,0.323702,0.305566625,0.331772125,0,0.02005047938
191,-1,-1,-1,,1,0.309267,0.303042,0.276244,0.255569,0.296118,0.309734,0.333795,0.299603,0.303524,0.281011,,
191,194,201,1,0.323169,7,0.3308058571,0.3243965714,0.2726322857,0.2823364286,0.2669201429,0.3261158571,0.2905675714,0.3271447143,0.3058584286,0.3390237143,0.01627710611,0.01572269779
193,195,200,3,0.29661,4,0.32327625,0.30997,0.26281175,0.278722,0.249579,0.33511325,0.304598,0.3216025,0.297136,0.3440695,0.01396422021,0
194,196,197,3,0.260834,3,0.3233786667,0.3101606667,0.2586966667,0.265075,0.241651,0.329221,0.3071086667,0.3176383333,0.3052146667,0.3413176667,0,0.01046525965
195,-1,-1,-1,,1,0.340164,0.313654,0.260765,0.257652,0.258365,0.351187,0.28422,0.304575,0.322466,0.323087,,
195,198,199,0,0.314986,2,0.314986,0.308414,0.2576625,0.2687865,0.233294,0.318238,0.318553,0.32417,0.296589,0.350433,0,0
197,-1,-1,-1,,1,0.305422,0.310925,0.246179,0.273557,0.234939,0.30508,0.329592,0.306134,0.302716,0.336932,,
197,-1,-1,-1,,1,0.32455,0.305903,0.269146,0.264016,0.231649,0.331396,0.307514,0.342206,0.290462,0.363934,,
194,-1,-1,-1,,1,0.322969,0.309398,0.275157,0.319663,0.273363,0.35279,0.297066,0.333495,0.2729,0.352325,,
193,202,203,1,0.339817,3,0.3408453333,0.343632,0.2857263333,0.2871556667,0.2900416667,0.3141193333,0.2718603333,0.3345343333,0.3174883333,0.332296,0,0.01229783484
201,-1,-1,-1,,1,0.323652,0.332684,0.258253,0.270755,0.300145,0.296602,0.274813,0.34373,0.348712,0.328948,,
201,204,205,0,0.349442,2,0.349442,0.349106,0.299463,0.295356,0.28499,0.322878,0.270384,0.3299365,0.3018765,0.33397,0,0
203,-1,-1,-1,,1,0.336785,0.351262,0.298918,0.297134,0.294297,0.317412,0.274183,0.336301,0.279744,0.30784,,
203,-1,-1,-1,,1,0.362099,0.34695,0.300008,0.293578,0.275683,0.328344,0.266585,0.323572,0.324009,0.3601,,
154,207,216,4,0.2879595,7,0.3573492857,0.3289178571,0.3246934286,0.3165401429,0.2618675714,0.3331468571,0.3181217143,0.3390437143,0.3265007143,0.3201868571,0.03113228215,0.02334588408
206,208,215,9,0.345096,5,0.3463654,0.3108862,0.3250758,0.3210826,0.2474926,0.3347862,0.2998682,0.3425356,0.295046,0.3049836,0.02864649834,0
207,209,210,9,0.2686555,4,0.35087,0.314983,0.324738,0.31637975,0.2579515,0.33568325,0.3064935,0.35189225,0.298167,0.28327825,0,0.02523233264
208,-1,-1,-1,,1,0.396059,0.339268,0.326973,0.324824,0.275566,0.360433,0.230287,0.327314,0.293704,0.268073,,
208,211,214,2,0.3273665,3,0.335807,0.306888,0.323993,0.313565,0.25208,0.3274333333,0.3318956667,0.360085,0.2996546667,0.2883466667,0.01579505389,0
210,212,213,0,0.331739,2,0.331739,0.3071465,0.321373,0.305606,0.237474,0.293074,0.3248745,0.373879,0.322896,0.297901,0,0
211,-1,-1,-1,,1,0.299316,0.306727,0.317246,0.323089,0.248767,0.293596,0.304266,0.359651,0.303777,0.298387,,
211,-1,-1,-1,,1,0.364162,0.307566,0.3255,0.288123,0.226181,0.292552,0.345483,0.388107,0.342015,0.297415,,
210,-1,-1,-1,,1,0.343943,0.306371,0.329233,0.329483,0.281292,0.396152,0.345938,0.332497,0.253172,0.269238,,
207,-1,-1,-1,,1,0.328347,0.294499,0.326427,0.339894,0.205657,0.331198,0.273367,0.305109,0.282562,0.391805,,
206,217,218,0,0.384809,2,0.384809,0.373997,0.3237375,0.305184,0.297805,0.3290485,0.3637555,0.330314,0.4051375,0.358195,0,0
216,-1,-1,-1,,1,0.333897,0.37295,0.31934,0.33806,0.300983,0.30655,0.370884,0.319067,0.406308,0.325606,,
216,-1,-1,-1,,1,0.435721,0.375044,0.328135,0.272308,0.294627,0.351547,0.356627,0.341561,0.403967,0.390784,,
3,220,347,6,0.314359,108,0.3051498889,0.3069332963,0.2858679352,0.2849680741,0.3406232593,0.302999963,0.3046290556,0.3105785463,0.3095415,0.3038352963,0.0363239304,0.04010214724
219,221,270,9,0.287192,64,0.2980161875,0.30129875,0.2804184687,0.2780493125,0.3407803125,0.3003688594,0.270691,0.3069179375,0.3073019219,0.2957177812,0.03559287014,0.03358818966
220,222,241,5,0.29914,25,0.30850316,0.3018036,0.28336168,0.27927368,0.3387488,0.30335168,0.26418904,0.3176478,0.30283672,0.252965,0.03375525734,0.03183519049
221,223,240,0,0.3682755,10,0.293947,0.285802,0.2790826,0.2682702,0.3365184,0.2606584,0.2679871,0.3273539,0.3244419,0.258842,0.03184432416,0
222,224,239,8,0.3757965,9,0.282136,0.2801603333,0.275239,0.2628604444,0.3334068889,0.2621871111,0.2691505556,0.3316608889,0.3248651111,0.256723,0.03023899317,0
223,225,226,9,0.216043,8,0.287876875,0.28707325,0.279445375,0.258932625,0.33618375,0.266475,0.266033875,0.330776,0.316665875,0.262544625,0,0.02797235339
224,-1,-1,-1,,1,0.26558,0.262547,0.27765,0.240401,0.303807,0.283787,0.174513,0.298641,0.336884,0.203623,,
224,227,238,4,0.367955,7,0.2910621429,0.290577,0.2797018571,0.26158,0.340809,0.2640018571,0.2791082857,0.3353667143,0.3137775714,0.270962,0.02683028827,0
226,228,229,6,0.2355525,6,0.3009665,0.2995503333,0.2774193333,0.2610166667,0.3354798333,0.2672801667,0.2767628333,0.3291341667,0.3163621667,0.272142,0,0.02565541494
227,-1,-1,-1,,1,0.29956,0.253173,0.283414,0.310292,0.322331,0.244101,0.223356,0.334415,0.304704,0.287146,,
227,230,237,1,0.337428,5,0.3012478,0.3088258,0.2762204,0.2511616,0.3381096,0.271916,0.2874442,0.328078,0.3186938,0.2691412,0.02418775509,0
229,231,232,6,0.2874705,4,0.30162725,0.2994495,0.26422475,0.25609225,0.34001475,0.2727005,0.297368,0.32572675,0.321426,0.27931075,0,0.02117727204
230,-1,-1,-1,,1,0.296856,0.328525,0.247676,0.247439,0.363126,0.210192,0.284508,0.326239,0.361134,0.271565,,
230,233,236,1,0.295797,3,0.3032176667,0.2897576667,0.269741,0.2589766667,0.332311,0.2935366667,0.3016546667,0.325556,0.30819,0.2818926667,0.01417084576,0
232,234,235,0,0.286674,2,0.286674,0.2832995,0.2613835,0.2670055,0.331363,0.2912745,0.2974355,0.293704,0.2989775,0.282137,0,0
233,-1,-1,-1,,1,0.285255,0.28892,0.240807,0.23361,0.318956,0.285021,0.304438,0.307041,0.295817,0.279701,,
233,-1,-1,-1,,1,0.288093,0.277679,0.28196,0.300401,0.34377,0.297528,0.290433,0.280367,0.302138,0.284573,,
232,-1,-1,-1,,1,0.336305,0.302674,0.286456,0.242919,0.334207,0.298061,0.310093,0.38926,0.326615,0.281404,,
229,-1,-1,-1,,1,0.29973,0.346331,0.324203,0.231439,0.330489,0.268778,0.247749,0.337483,0.307765,0.228463,,
226,-1,-1,-1,,1,0.231636,0.236737,0.293397,0.26496,0.372784,0.244332,0.293181,0.372762,0.29827,0.263882,,
223,-1,-1,-1,,1,0.236209,0.224857,0.241588,0.294283,0.311192,0.227884,0.294084,0.33874,0.390459,0.21015,,
222,-1,-1,-1,,1,0.400246,0.336577,0.313675,0.316958,0.364522,0.2469,0.257516,0.288591,0.320633,0.277913,,
221,242,243,2,0.223797,15,0.3182072667,0.3124713333,0.2862144,0.2866093333,0.3402357333,0.3318138667,0.261657,0.3111770667,0.2884332667,0.249047,0,0.02985768114
241,-1,-1,-1,,1,0.378776,0.290698,0.219108,0.308917,0.366402,0.339555,0.266512,0.306315,0.412769,0.2467,,
241,244,245,6,0.197943,14,0.3138809286,0.3140265714,0.2910077143,0.2850159286,0.3383667143,0.3312609286,0.2613102143,0.3115243571,0.2795521429,0.2492146429,0,0.02822740963
243,-1,-1,-1,,1,0.30501,0.402473,0.282982,0.31158,0.334183,0.323337,0.179994,0.25547,0.291491,0.281776,,
243,246,247,0,0.249331,13,0.3145633077,0.307223,0.2916250769,0.2829725385,0.3386885385,0.3318704615,0.2675653077,0.3158362308,0.2786337692,0.2467099231,0,0.0260753165
245,-1,-1,-1,,1,0.223552,0.291193,0.258269,0.340896,0.335353,0.3769,0.223972,0.277297,0.320438,0.257671,,
245,248,261,7,0.326684,12,0.3221475833,0.3085588333,0.29440475,0.2781455833,0.3389665,0.328118,0.2711980833,0.3190478333,0.2751500833,0.2457965,0.02353381741,0.02128019326
247,249,260,9,0.26011,7,0.3392031429,0.3093354286,0.3103094286,0.269742,0.341181,0.3223762857,0.2713987143,0.297169,0.2786987143,0.2382534286,0.02199725284,0
248,250,259,1,0.333018,6,0.3337435,0.3027726667,0.3125246667,0.276942,0.3382813333,0.3260691667,0.271921,0.3050828333,0.2805296667,0.2345268333,0.01989053182,0
249,251,258,4,0.361645,5,0.3286124,0.295794,0.3093976,0.2695824,0.3411408,0.3301924,0.2831268,0.3037388,0.2839024,0.2368652,0.01827855509,0
250,252,253,4,0.323552,4,0.32598425,0.2985255,0.31642625,0.2640845,0.33073975,0.33572525,0.2799035,0.30892375,0.284742,0.2439435,0,0.01604226874
251,-1,-1,-1,,1,0.364456,0.288849,0.328884,0.293195,0.314113,0.327137,0.305629,0.321498,0.269221,0.259607,,
251,254,255,8,0.287161,3,0.3131603333,0.301751,0.3122736667,0.254381,0.336282,0.338588,0.2713283333,0.3047323333,0.2899156667,0.2387223333,0,0.01275976318
253,-1,-1,-1,,1,0.321737,0.294585,0.299766,0.282193,0.33531,0.368619,0.262983,0.283462,0.286802,0.216658,,
253,256,257,0,0.308872,2,0.308872,0.305334,0.3185275,0.240475,0.336768,0.3235725,0.275501,0.3153675,0.2914725,0.2497545,0,0
255,-1,-1,-1,,1,0.292263,0.282298,0.322918,0.221561,0.340545,0.332948,0.292355,0.321903,0.28752,0.249595,,
255,-1,-1,-1,,1,0.325481,0.32837,0.314137,0.259389,0.332991,0.314197,0.258647,0.308832,0.295425,0.249914,,
250,-1,-1,-1,,1,0.339125,0.284868,0.281283,0.291574,0.382745,0.308061,0.29602,0.282999,0.280544,0.208552,,
249,-1,-1,-1,,1,0.359399,0.337666,0.32816,0.31374,0.323984,0.305453,0.215892,0.311803,0.263666,0.222835,,
248,-1,-1,-1,,1,0.371961,0.348712,0.297018,0.226542,0.358579,0.300219,0.268265,0.249686,0.267713,0.260613,,
247,262,269,2,0.300329,5,0.2982698,0.3074716,0.2721382,0.2899106,0.3358662,0.3361564,0.2709172,0.3496782,0.270182,0.2563568,0.01878812823,0
261,263,264,2,0.246711,4,0.30405975,0.3170195,0.26300875,0.28537175,0.3372655,0.33009675,0.27097025,0.35249225,0.27015775,0.26864075,0,0.01687866252
262,-1,-1,-1,,1,0.325673,0.337667,0.228486,0.313859,0.351437,0.33877,0.295944,0.343654,0.255949,0.258479,,
262,265,268,6,0.2756015,3,0.2968553333,0.310137,0.2745163333,0.275876,0.3325416667,0.3272056667,0.2626456667,0.3554383333,0.274894,0.272028,0.01221710224,0
264,266,267,0,0.300831,2,0.300831,0.300234,0.278469,0.282903,0.323138,0.334295,0.242093,0.367425,0.2707495,0.2669205,0,0
265,-1,-1,-1,,1,0.292218,0.301233,0.264936,0.290562,0.343789,0.32801,0.236734,0.381104,0.291354,0.275242,,
265,-1,-1,-1,,1,0.309444,0.299235,0.292002,0.275244,0.302487,0.34058,0.247452,0.353746,0.250145,0.258599,,
264,-1,-1,-1,,1,0.288904,0.329943,0.266611,0.261822,0.351349,0.313027,0.303751,0.331465,0.283183,0.282243,,
261,-1,-1,-1,,1,0.27511,0.26928,0.308656,0.308066,0.330269,0.360395,0.270705,0.338422,0.270279,0.207221,,
220,271,316,7,0.3158955,39,0.2912937692,0.3009751282,0.2785317949,0.2772644615,0.3420825641,0.2984567949,0.2748589231,0.3000398205,0.3101642308,0.3231234103,0.03154507048,0.03076922074
270,272,303,5,0.3286625,23,0.2954123913,0.3019032609,0.2777683913,0.2769555217,0.3413395652,0.3114281304,0.2805191304,0.2716136087,0.3067318696,0.3181696957,0.0303258875,0.02451045919
271,273,274,1,0.217292,16,0.29637925,0.2861945,0.268689375,0.2758333125,0.344725125,0.29481175,0.276437875,0.2693765625,0.3172510625,0.316335375,0,0.02815768898
272,-1,-1,-1,,1,0.376294,0.173718,0.246907,0.271888,0.308862,0.279007,0.274103,0.29998,0.258564,0.348023,,
272,275,292,8,0.31995,15,0.2910516,0.2936929333,0.2701415333,0.2760963333,0.347116,0.2958654,0.2765935333,0.2673363333,0.3211635333,0.3142228667,0.02371941418,0.0267034721
274,276,279,7,0.2475215,9,0.2755427778,0.2944475556,0.2671645556,0.2868576667,0.3515397778,0.2923678889,0.2865006667,0.2628276667,0.2971936667,0.3076556667,0.01038062892,0.02273976936
275,277,278,0,0.283055,2,0.283055,0.2812365,0.272146,0.238724,0.3372495,0.2819405,0.3096125,0.230799,0.3097085,0.320867,0,0
276,-1,-1,-1,,1,0.276202,0.271761,0.277632,0.229633,0.311827,0.276287,0.312764,0.223904,0.314294,0.312422,,
276,-1,-1,-1,,1,0.289908,0.290712,0.26666,0.247815,0.362672,0.287594,0.306461,0.237694,0.305123,0.329312,,
275,280,281,4,0.320627,7,0.2733964286,0.2982221429,0.2657412857,0.3006101429,0.3556227143,0.2953471429,0.2798972857,0.2719787143,0.293618,0.303881,0,0.0213611162
279,-1,-1,-1,,1,0.260262,0.318759,0.234529,0.253917,0.315593,0.272989,0.287118,0.283017,0.255089,0.296835,,
279,282,291,0,0.3175255,6,0.2755855,0.2947993333,0.2709433333,0.3083923333,0.3622943333,0.2990735,0.2786938333,0.270139,0.3000395,0.3050553333,0.01969659842,0
281,283,290,4,0.400211,5,0.2649412,0.2999218,0.270312,0.3016342,0.362553,0.2968636,0.271574,0.270178,0.3047488,0.3066578,0.01781120506,0
282,284,289,1,0.3178075,4,0.26237225,0.2994735,0.26166225,0.30120525,0.3480545,0.29339025,0.27599975,0.27058325,0.30164325,0.305264,0.01558891862,0
283,285,286,5,0.284683,3,0.2767413333,0.2860986667,0.260198,0.3032763333,0.3504526667,0.2926213333,0.279514,0.272546,0.2970813333,0.3014193333,0,0.01162496528
284,-1,-1,-1,,1,0.266061,0.2952,0.247647,0.286357,0.379875,0.28407,0.305306,0.300962,0.29579,0.303556,,
284,287,288,0,0.2820815,2,0.2820815,0.281548,0.2664735,0.311736,0.3357415,0.296897,0.266618,0.258338,0.297727,0.300351,0,0
286,-1,-1,-1,,1,0.257919,0.296017,0.274701,0.324502,0.325661,0.285296,0.267526,0.259327,0.30665,0.297199,,
286,-1,-1,-1,,1,0.306244,0.267079,0.258246,0.29897,0.345822,0.308498,0.26571,0.257349,0.288804,0.303503,,
283,-1,-1,-1,,1,0.219265,0.339598,0.266055,0.294992,0.34086,0.295697,0.265457,0.264695,0.315329,0.316798,,
282,-1,-1,-1,,1,0.275217,0.301715,0.304911,0.30335,0.420547,0.310757,0.253871,0.268557,0.317171,0.312233,,
281,-1,-1,-1,,1,0.328807,0.269187,0.2741,0.342183,0.361001,0.310123,0.314293,0.269944,0.276493,0.297043,,
274,293,302,0,0.344291,6,0.3143148333,0.292561,0.274607,0.2599543333,0.3404803333,0.3011116667,0.2617328333,0.2740993333,0.3571183333,0.3240736667,0.02419110242,0
292,294,301,2,0.305117,5,0.3030906,0.2896238,0.2788014,0.2466308,0.3478858,0.2964778,0.2662998,0.2697762,0.3557858,0.3222174,0.02302341428,0
293,295,296,2,0.250324,4,0.308088,0.29681325,0.2718835,0.24443075,0.343948,0.31165575,0.2664865,0.2711715,0.352591,0.32614725,0,0.02063797877
294,-1,-1,-1,,1,0.30634,0.303471,0.246638,0.301493,0.361595,0.306347,0.250661,0.268633,0.383967,0.297912,,
294,297,298,0,0.303933,3,0.3086706667,0.294594,0.2802986667,0.22541,0.3380656667,0.3134253333,0.2717616667,0.2720176667,0.3421323333,0.335559,0,0.01558851694
296,-1,-1,-1,,1,0.29733,0.287801,0.283125,0.227277,0.322722,0.326933,0.234747,0.296367,0.322729,0.287238,,
296,299,300,0,0.314341,2,0.314341,0.2979905,0.2788855,0.2244765,0.3457375,0.3066715,0.290269,0.259843,0.351834,0.3597195,0,0
298,-1,-1,-1,,1,0.310536,0.283385,0.25401,0.1967,0.362685,0.318221,0.286494,0.273311,0.338275,0.356284,,
298,-1,-1,-1,,1,0.318146,0.312596,0.303761,0.252253,0.32879,0.295122,0.294044,0.246375,0.365393,0.363155,,
293,-1,-1,-1,,1,0.283101,0.260866,0.306473,0.255431,0.363637,0.235766,0.265553,0.264195,0.368565,0.306498,,
292,-1,-1,-1,,1,0.370436,0.307247,0.253635,0.326572,0.303453,0.324281,0.238898,0.295715,0.363781,0.333355,,
271,304,315,4,0.3675875,7,0.2932024286,0.337809,0.2985204286,0.2795205714,0.3336011429,0.3494084286,0.2898477143,0.2767268571,0.282688,0.3223624286,0.02319509126,0
303,305,314,2,0.3182425,6,0.2916128333,0.3386596667,0.2947218333,0.2826776667,0.323924,0.3498795,0.2953255,0.2739768333,0.290543,0.3189133333,0.02169732642,0
304,306,313,7,0.2967765,5,0.2874044,0.3316332,0.2898028,0.2741588,0.3200066,0.348482,0.2966386,0.265616,0.296662,0.3200006,0.01919692249,0
305,307,308,8,0.2645505,4,0.2975195,0.32120475,0.28793575,0.2720485,0.315845,0.35227675,0.296801,0.2571,0.2866015,0.32392525,0,0.01716080868
306,-1,-1,-1,,1,0.288639,0.327484,0.28974,0.272556,0.303976,0.374055,0.302969,0.245938,0.227372,0.328596,,
306,309,310,0,0.2995865,3,0.3004796667,0.3191116667,0.2873343333,0.2718793333,0.3198013333,0.3450173333,0.294745,0.2608206667,0.3063446667,0.3223683333,0,0.01195546254
308,-1,-1,-1,,1,0.298565,0.353293,0.263676,0.290154,0.327333,0.330392,0.310894,0.23644,0.302924,0.350312,,
308,311,312,0,0.301437,2,0.301437,0.302021,0.2991635,0.262742,0.3160355,0.35233,0.2866705,0.273011,0.308055,0.3083965,0,0
310,-1,-1,-1,,1,0.300608,0.307014,0.281159,0.277108,0.316151,0.366222,0.272439,0.293873,0.301729,0.30685,,
310,-1,-1,-1,,1,0.302266,0.297028,0.317168,0.248376,0.31592,0.338438,0.300902,0.252149,0.314381,0.309943,,
305,-1,-1,-1,,1,0.246944,0.373347,0.297271,0.2826,0.336653,0.333303,0.295989,0.29968,0.336904,0.304302,,
304,-1,-1,-1,,1,0.312655,0.373792,0.319317,0.325272,0.343511,0.356867,0.28876,0.315781,0.259948,0.313477,,
303,-1,-1,-1,,1,0.30274,0.332705,0.321312,0.260578,0.391664,0.346582,0.256981,0.293227,0.235558,0.343057,,
270,317,328,6,0.2616205,16,0.28537325,0.2996409375,0.2796291875,0.2777085625,0.343150625,0.2798105,0.266722375,0.3409025,0.31509825,0.330244375,0.02911599484,0.02705410964
316,318,325,8,0.3317965,6,0.3007426667,0.2834083333,0.2893775,0.3108618333,0.3360975,0.2784226667,0.2351716667,0.3452705,0.3083741667,0.32309,0.02614771208,0.01435479763
317,319,324,7,0.371954,4,0.29265575,0.29769575,0.282005,0.31082375,0.34259575,0.28801125,0.24509075,0.3479445,0.27611675,0.319607,0.02060897098,0
318,320,321,0,0.2447905,3,0.2648186667,0.296879,0.282252,0.3239143333,0.3399396667,0.2795266667,0.2413466667,0.336871,0.268754,0.319062,0,0.01422860832
319,-1,-1,-1,,1,0.20771,0.266215,0.286239,0.313996,0.332356,0.288075,0.224015,0.328016,0.299337,0.313183,,
319,322,323,0,0.293373,2,0.293373,0.312211,0.2802585,0.3288735,0.3437315,0.2752525,0.2500125,0.3412985,0.2534625,0.3220015,0,0
321,-1,-1,-1,,1,0.281871,0.328971,0.282786,0.326803,0.32329,0.285183,0.241302,0.362743,0.253874,0.345417,,
321,-1,-1,-1,,1,0.304875,0.295451,0.277731,0.330944,0.364173,0.265322,0.258723,0.319854,0.253051,0.298586,,
318,-1,-1,-1,,1,0.376167,0.300146,0.281264,0.271552,0.350564,0.313465,0.256323,0.381165,0.298205,0.321242,,
317,326,327,0,0.3169165,2,0.3169165,0.2548335,0.3041225,0.310938,0.323101,0.2592455,0.2153335,0.3399225,0.372889,0.330056,0,0
325,-1,-1,-1,,1,0.304305,0.247137,0.317852,0.337177,0.303277,0.260305,0.237078,0.336714,0.381522,0.33374,,
325,-1,-1,-1,,1,0.329528,0.26253,0.290393,0.284699,0.342925,0.258186,0.193589,0.343131,0.364256,0.326372,,
316,329,346,8,0.3687955,10,0.2761516,0.3093805,0.2737802,0.2578166,0.3473825,0.2806432,0.2856528,0.3382817,0.3191327,0.334537,0.02545532726,0
328,330,331,9,0.307982,9,0.2755823333,0.3080887778,0.2701475556,0.260734,0.3511656667,0.2727683333,0.2880011111,0.3406732222,0.311784,0.334651,0,0.02453517926
329,-1,-1,-1,,1,0.251703,0.304136,0.229623,0.218617,0.316099,0.247674,0.30006,0.365059,0.271154,0.306748,,
329,332,339,4,0.352934,8,0.27856725,0.308582875,0.275213125,0.265998625,0.355549,0.275905125,0.28649375,0.337625,0.31686275,0.338138875,0.02096566559,0.02051161466
331,333,334,1,0.303215,4,0.26790275,0.310451,0.28250525,0.27146975,0.32590125,0.2869065,0.29131475,0.34724625,0.32044275,0.35787075,0,0.01813387235
332,-1,-1,-1,,1,0.300099,0.302082,0.275539,0.266924,0.32134,0.318003,0.313254,0.321991,0.271571,0.347068,,
332,335,336,3,0.2609,3,0.2571706667,0.3132406667,0.2848273333,0.272985,0.3274216667,0.276541,0.2840016667,0.3556646667,0.3367333333,0.3614716667,0,0.01366994528
334,-1,-1,-1,,1,0.273019,0.304348,0.317449,0.231933,0.304785,0.284846,0.274346,0.341506,0.328733,0.36962,,
334,337,338,0,0.2492465,2,0.2492465,0.317687,0.2685165,0.293511,0.33874,0.2723885,0.2888295,0.362744,0.3407335,0.3573975,0,0
336,-1,-1,-1,,1,0.231794,0.321229,0.279991,0.289867,0.348589,0.276163,0.303791,0.363796,0.329147,0.387994,,
336,-1,-1,-1,,1,0.266699,0.314145,0.257042,0.297155,0.328891,0.268614,0.273868,0.361692,0.35232,0.326801,,
331,340,341,2,0.248618,4,0.28923175,0.30671475,0.267921,0.2605275,0.38519675,0.26490375,0.28167275,0.32800375,0.31328275,0.318407,0,0.0171501111
339,-1,-1,-1,,1,0.334416,0.286428,0.240103,0.250871,0.357279,0.245647,0.291947,0.345665,0.345955,0.325372,,
339,342,345,4,0.4071595,3,0.2741703333,0.313477,0.2771936667,0.2637463333,0.3945026667,0.2713226667,0.278248,0.3221166667,0.302392,0.3160853333,0.01175487284,0
341,343,344,0,0.2668875,2,0.2668875,0.3154905,0.2614815,0.2413085,0.3859385,0.275558,0.277514,0.3176205,0.295739,0.3092795,0,0
342,-1,-1,-1,,1,0.263629,0.304069,0.257133,0.235479,0.402688,0.301481,0.287569,0.31601,0.307209,0.309343,,
342,-1,-1,-1,,1,0.270146,0.326912,0.26583,0.247138,0.369189,0.249635,0.267459,0.319231,0.284269,0.309216,,
341,-1,-1,-1,,1,0.288736,0.30945,0.308618,0.308622,0.411631,0.262852,0.279716,0.331109,0.315698,0.329697,,
328,-1,-1,-1,,1,0.281275,0.321006,0.306474,0.23156,0.313334,0.351517,0.264518,0.316758,0.385271,0.333511,,
219,348,381,1,0.3023235,44,0.3155261818,0.315129,0.2937944318,0.2950317273,0.3403948182,0.3068270227,0.3539935,0.3159030682,0.3127990682,0.3156425909,0.0333744139,0.03766723454
347,349,368,8,0.3051565,17,0.2938275294,0.2711684118,0.2883093529,0.2769974118,0.3281480588,0.2765800588,0.3444346471,0.3089381765,0.3033932353,0.2868848235,0.03205258494,0.02674023674
348,350,359,3,0.291052,10,0.2888468,0.2751613,0.288175,0.2841551,0.3271014,0.2679802,0.3484074,0.3110759,0.2671019,0.2858104,0.02743485381,0.02723877071
349,351,358,4,0.340141,5,0.285726,0.2740206,0.2976436,0.2455876,0.3277828,0.2913308,0.3321044,0.3160756,0.2552344,0.301143,0.02333426396,0
350,352,353,9,0.2780395,4,0.28730575,0.27298775,0.29163875,0.25014725,0.32034675,0.29042675,0.335414,0.34092225,0.250983,0.2956845,0,0.0183336489
351,-1,-1,-1,,1,0.275281,0.281507,0.322226,0.289919,0.320627,0.350823,0.315477,0.357443,0.287941,0.27689,,
351,354,355,4,0.3190025,3,0.291314,0.270148,0.281443,0.23689,0.3202533333,0.2702946667,0.3420596667,0.3354153333,0.2386636667,0.3019493333,0,0.01522898455
353,-1,-1,-1,,1,0.306108,0.276932,0.276249,0.266115,0.315588,0.275286,0.328533,0.314196,0.275111,0.323764,,
353,356,357,0,0.283917,2,0.283917,0.266756,0.28404,0.2222775,0.322586,0.267799,0.348823,0.346025,0.22044,0.291042,0,0
355,-1,-1,-1,,1,0.279546,0.246477,0.262788,0.199737,0.322417,0.27645,0.358624,0.322486,0.212462,0.302895,,
355,-1,-1,-1,,1,0.288288,0.287035,0.305292,0.244818,0.322755,0.259148,0.339022,0.369564,0.228418,0.279189,,
350,-1,-1,-1,,1,0.279407,0.278152,0.321663,0.227349,0.357527,0.294947,0.318866,0.216689,0.27224,0.322977,,
349,360,361,0,0.2691545,5,0.2919676,0.276302,0.2787064,0.3227226,0.32642,0.2446296,0.3647104,0.3060762,0.2789694,0.2704778,0,0.02307836397
359,-1,-1,-1,,1,0.258629,0.283172,0.200031,0.33777,0.325459,0.294942,0.34259,0.261039,0.278579,0.27356,,
359,362,367,3,0.3381555,4,0.30030225,0.2745845,0.29837525,0.31896075,0.32666025,0.2320515,0.3702405,0.3173355,0.279067,0.26970725,0.01964283849,0
361,363,366,3,0.3218215,3,0.3071763333,0.2666083333,0.2920633333,0.3119426667,0.3313393333,0.2478863333,0.3828576667,0.322071,0.2813683333,0.2820056667,0.01400437108,0
362,364,365,0,0.3071535,2,0.3071535,0.249187,0.2824995,0.299766,0.3340405,0.25394,0.382429,0.32839,0.284305,0.2567165,0,0
363,-1,-1,-1,,1,0.289487,0.234843,0.256699,0.307347,0.335133,0.267283,0.365077,0.326972,0.290465,0.270857,,
363,-1,-1,-1,,1,0.32482,0.263531,0.3083,0.292185,0.332948,0.240597,0.399781,0.329808,0.278145,0.242576,,
362,-1,-1,-1,,1,0.307222,0.301451,0.311191,0.336296,0.325937,0.235779,0.383715,0.309433,0.275495,0.332584,,
361,-1,-1,-1,,1,0.27968,0.298513,0.317311,0.340015,0.312623,0.184547,0.332389,0.303129,0.272163,0.232812,,
348,369,380,5,0.341391,7,0.3009428571,0.2654642857,0.2885012857,0.2667721429,0.3296432857,0.2888655714,0.3387592857,0.3058842857,0.355238,0.2884197143,0.02298700733,0
368,370,379,7,0.336391,6,0.2969525,0.266548,0.2844216667,0.267087,0.3296115,0.2739105,0.3384008333,0.3020731667,0.342518,0.286709,0.02013084012,0
369,371,378,5,0.299376,5,0.2989994,0.2604402,0.2905988,0.2744574,0.3317368,0.2830496,0.340433,0.289972,0.3395682,0.28703,0.01841775599,0
370,372,373,0,0.295796,4,0.311501,0.25817625,0.290724,0.27897875,0.3243585,0.2777655,0.34547925,0.28866475,0.34449825,0.28267275,0,0.01564635336
371,-1,-1,-1,,1,0.288812,0.243918,0.256764,0.255271,0.317573,0.26322,0.359169,0.259225,0.363142,0.306662,,
371,374,375,9,0.266028,3,0.319064,0.262929,0.302044,0.2868813333,0.3266203333,0.282614,0.340916,0.298478,0.3382836667,0.2746763333,0,0.01225906986
373,-1,-1,-1,,1,0.30278,0.287337,0.300473,0.294996,0.348097,0.265657,0.370833,0.297536,0.329281,0.259269,,
373,376,377,0,0.327206,2,0.327206,0.250725,0.3028295,0.282824,0.315882,0.2910925,0.3259575,0.298949,0.342785,0.28238,0,0
375,-1,-1,-1,,1,0.313933,0.234171,0.284409,0.303741,0.318753,0.287619,0.3262,0.287695,0.336722,0.291973,,
375,-1,-1,-1,,1,0.340479,0.267279,0.32125,0.261907,0.313011,0.294566,0.325715,0.310203,0.348848,0.272787,,
370,-1,-1,-1,,1,0.248993,0.269496,0.290098,0.256372,0.36125,0.304186,0.320248,0.295201,0.319848,0.304459,,
369,-1,-1,-1,,1,0.286718,0.297087,0.253536,0.230235,0.318985,0.228215,0.32824,0.362579,0.357267,0.285104,,
368,-1,-1,-1,,1,0.324885,0.258962,0.312979,0.264883,0.329834,0.378596,0.34091,0.328751,0.431558,0.298684,,
347,382,417,0,0.3479155,27,0.3291882963,0.3428078889,0.297248,0.3063866667,0.3481057407,0.3258714074,0.360012037,0.3202883704,0.3187212593,0.3337493333,0.03373810646,0.03409404591
381,383,410,7,0.352444,18,0.3034803333,0.3420878889,0.2876348333,0.2953695,0.3456081667,0.3184197778,0.3468116667,0.3150638889,0.3069167778,0.3245461111,0.02844421526,0.02944678258
382,384,385,0,0.254691,14,0.3025894286,0.3376678571,0.2839942143,0.2865035,0.3321734286,0.3063266429,0.3405837857,0.2982775,0.2992430714,0.3153102857,0,0.02693404288
383,-1,-1,-1,,1,0.243892,0.303196,0.267442,0.283163,0.324113,0.358515,0.316773,0.267959,0.374935,0.367131,,
383,386,387,6,0.317294,13,0.3071046154,0.3403195385,0.2852674615,0.2867604615,0.3327934615,0.3023121538,0.3424153846,0.3006096923,0.2934206154,0.3113240769,0,0.02619275563
385,-1,-1,-1,,1,0.336662,0.314652,0.254588,0.292493,0.396944,0.271233,0.316496,0.352212,0.296141,0.299968,,
385,388,389,8,0.260353,12,0.3046415,0.3424585,0.2878240833,0.28628275,0.3274475833,0.3049020833,0.3445753333,0.2963095,0.2931939167,0.3122704167,0,0.02534050832
387,-1,-1,-1,,1,0.341341,0.330973,0.276496,0.311463,0.35315,0.351657,0.350753,0.238994,0.257118,0.28057,,
387,390,403,2,0.3023995,11,0.3013051818,0.3435026364,0.2888539091,0.2839936364,0.325111,0.3006516364,0.3440137273,0.30152,0.2964735455,0.3151522727,0.0231027716,0.0216160679
389,391,392,5,0.2822295,7,0.292531,0.3347308571,0.2724494286,0.280924,0.3261084286,0.310349,0.3440258571,0.295096,0.302507,0.3274985714,0,0.02184239503
390,-1,-1,-1,,1,0.277869,0.310654,0.293799,0.3122,0.306755,0.270317,0.344928,0.335507,0.296147,0.3676,,
390,393,394,6,0.328299,6,0.2949746667,0.3387436667,0.2688911667,0.2757113333,0.329334,0.317021,0.3438755,0.2883608333,0.303567,0.320815,0,0.02080192225
392,-1,-1,-1,,1,0.291349,0.351619,0.241023,0.273052,0.35949,0.321207,0.319301,0.317533,0.352264,0.310391,,
392,395,402,9,0.341184,5,0.2956998,0.3361686,0.2744648,0.2762432,0.3233028,0.3161838,0.3487904,0.2825264,0.2938276,0.3228998,0.01922031926,0
394,396,397,9,0.309303,4,0.29088375,0.3257955,0.279899,0.275278,0.3258765,0.31439175,0.34307625,0.28629975,0.29005175,0.3123775,0,0.01700390972
395,-1,-1,-1,,1,0.281189,0.335514,0.273245,0.235576,0.375229,0.307591,0.350581,0.283125,0.27581,0.308252,,
395,398,399,2,0.275474,3,0.2941153333,0.322556,0.282117,0.288512,0.3094256667,0.3166586667,0.3405746667,0.287358,0.294799,0.3137526667,0,0.01360562748
397,-1,-1,-1,,1,0.26549,0.346339,0.272588,0.317171,0.311153,0.295839,0.337297,0.294563,0.317308,0.310354,,
397,400,401,0,0.308428,2,0.308428,0.3106645,0.2868815,0.2741825,0.308562,0.3270685,0.3422135,0.2837555,0.2835445,0.315452,0,0
399,-1,-1,-1,,1,0.308211,0.314129,0.295403,0.288407,0.306285,0.359995,0.340892,0.305263,0.286144,0.317379,,
399,-1,-1,-1,,1,0.308645,0.3072,0.27836,0.259958,0.310839,0.294142,0.343535,0.262248,0.280945,0.313525,,
394,-1,-1,-1,,1,0.314964,0.377661,0.252728,0.280104,0.313008,0.323352,0.371647,0.267433,0.308931,0.364989,,
389,404,409,4,0.330434,4,0.31666,0.35885325,0.31756175,0.2893655,0.3233655,0.28368125,0.3439925,0.312762,0.285915,0.29354625,0.01859884514,0
403,405,408,1,0.353255,3,0.3066916667,0.3452933333,0.3202836667,0.286925,0.3208116667,0.2695413333,0.349264,0.3058096667,0.2817776667,0.283727,0.01522403991,0
404,406,407,0,0.3025185,2,0.3025185,0.3378255,0.3228835,0.2615,0.3170675,0.2674705,0.342666,0.3148595,0.2908725,0.2816815,0,0
405,-1,-1,-1,,1,0.273248,0.346281,0.320331,0.2553,0.329841,0.270084,0.318092,0.31426,0.275056,0.26379,,
405,-1,-1,-1,,1,0.331789,0.32937,0.325436,0.2677,0.304294,0.264857,0.36724,0.315459,0.306689,0.299573,,
404,-1,-1,-1,,1,0.315038,0.360229,0.315084,0.337775,0.3283,0.273683,0.36246,0.28771,0.263588,0.287818,,
403,-1,-1,-1,,1,0.346565,0.399533,0.309396,0.296687,0.331027,0.326101,0.328178,0.333619,0.298327,0.323004,,
382,411,412,1,0.339967,4,0.3065985,0.357558,0.300377,0.3264005,0.39262975,0.36074575,0.36860925,0.37381625,0.33377475,0.3568715,0,0.02258816311
410,-1,-1,-1,,1,0.251869,0.316427,0.294599,0.320279,0.390352,0.39793,0.425972,0.352676,0.275013,0.391472,,
410,413,414,1,0.3659375,3,0.3248416667,0.3712683333,0.302303,0.328441,0.393389,0.348351,0.3494883333,0.380863,0.353362,0.345338,0,0.009014165405
412,-1,-1,-1,,1,0.326049,0.363507,0.283757,0.329571,0.345903,0.399328,0.335445,0.398851,0.394219,0.304466,,
412,415,416,0,0.324238,2,0.324238,0.375149,0.311576,0.327876,0.417132,0.3228625,0.35651,0.371869,0.3329335,0.365774,0,0
414,-1,-1,-1,,1,0.32043,0.38193,0.300026,0.337236,0.420445,0.301828,0.355281,0.37658,0.339577,0.362645,,
414,-1,-1,-1,,1,0.328046,0.368368,0.323126,0.318516,0.413819,0.343897,0.357739,0.367158,0.32629,0.368903,,
381,418,427,6,0.391432,9,0.3806042222,0.3442478889,0.3164743333,0.328421,0.3531008889,0.3407746667,0.3864127778,0.3307373333,0.3423302222,0.3521557778,0.03090557113,0.02461544272
417,419,420,2,0.3045705,5,0.3851748,0.3482916,0.3141636,0.3287194,0.317142,0.332983,0.3497422,0.3369206,0.336178,0.3612378,0,0.0263129993
418,-1,-1,-1,,1,0.416372,0.332764,0.295627,0.340588,0.304093,0.326948,0.314425,0.280966,0.33838,0.262437,,
418,421,426,4,0.3336625,4,0.3773755,0.3521735,0.31879775,0.32575225,0.32040425,0.33449175,0.3585715,0.35090925,0.3356275,0.385938,0.02031433425,0
420,422,423,3,0.3296915,3,0.3759586667,0.3529773333,0.320559,0.33094,0.313236,0.356674,0.357243,0.3472366667,0.322101,0.3635346667,0,0.01548886928
421,-1,-1,-1,,1,0.418683,0.344081,0.3277,0.329522,0.304645,0.370923,0.325416,0.380448,0.295939,0.359068,,
421,424,425,0,0.3545965,2,0.3545965,0.3574255,0.3169885,0.331649,0.3175315,0.3495495,0.3731565,0.330631,0.335182,0.365768,0,0
423,-1,-1,-1,,1,0.349266,0.380163,0.318814,0.333437,0.309647,0.310287,0.368749,0.321391,0.346802,0.363877,,
423,-1,-1,-1,,1,0.359927,0.334688,0.315163,0.329861,0.325416,0.388812,0.377564,0.339871,0.323562,0.367659,,
420,-1,-1,-1,,1,0.381626,0.349762,0.313514,0.310189,0.341909,0.267945,0.362557,0.361927,0.376207,0.453148,,
417,428,431,4,0.3947575,4,0.374891,0.33919325,0.31936275,0.328048,0.3980495,0.35051425,0.432251,0.32300825,0.3500205,0.34080325,0.01177179051,0.01659891208
427,429,430,0,0.399936,2,0.399936,0.3355265,0.3173625,0.332584,0.39047,0.396606,0.42955,0.316841,0.3541195,0.3736575,0,0
428,-1,-1,-1,,1,0.395315,0.336932,0.319469,0.332989,0.393449,0.379575,0.4538,0.317967,0.339403,0.357752,,
428,-1,-1,-1,,1,0.404557,0.334121,0.315256,0.332179,0.387491,0.413637,0.4053,0.315715,0.368836,0.389563,,
427,432,433,0,0.349846,2,0.349846,0.34286,0.321363,0.323512,0.405629,0.3044225,0.434952,0.3291755,0.3459215,0.307949,0,0
431,-1,-1,-1,,1,0.349343,0.313268,0.314608,0.336013,0.415192,0.323966,0.42455,0.296821,0.352377,0.310652,,
431,-1,-1,-1,,1,0.350349,0.372452,0.328118,0.311011,0.396066,0.284879,0.445354,0.36153,0.339466,0.305246,,
2,435,520,1,0.303764,144,0.3387149444,0.330681,0.3662223542,0.3043902917,0.3384125069,0.3391405972,0.3336802917,0.3328564861,0.3398981944,0.3382099097,0.04010215743,0.0417057668
434,436,477,8,0.297319,43,0.3205016047,0.2716173953,0.3499808372,0.2898639535,0.3066412326,0.3126230698,0.3074112093,0.303725907,0.3036224884,0.3202939767,0.03373187291,0.04083734555
435,437,460,6,0.320019,21,0.314119,0.2638755714,0.3525405238,0.2851685714,0.2914239524,0.3068990476,0.3008200476,0.290283381,0.2653708571,0.322849381,0.03225909385,0.02917568436
436,438,451,3,0.300003,12,0.3180285,0.26976975,0.3503343333,0.2831093333,0.2786783333,0.3055233333,0.27135125,0.2790035,0.2670199167,0.3120808333,0.02317978536,0.03392900975
437,439,440,7,0.2360265,7,0.3380178571,0.2751394286,0.3482024286,0.2508285714,0.2835998571,0.3013295714,0.2732762857,0.2762604286,0.2825011429,0.3112961429,0,0.02105125785
438,-1,-1,-1,,1,0.396039,0.293227,0.337243,0.286198,0.316371,0.302278,0.294318,0.225715,0.29098,0.295861,,
438,441,442,3,0.210134,6,0.3283476667,0.2721248333,0.350029,0.2449336667,0.278138,0.3011715,0.2697693333,0.2846846667,0.281088,0.3138686667,0,0.01738224718
440,-1,-1,-1,,1,0.368709,0.293099,0.352275,0.194843,0.258066,0.274171,0.221389,0.246338,0.277696,0.308311,,
440,443,446,3,0.2474215,5,0.3202754,0.26793,0.3495798,0.2549518,0.2821524,0.3065716,0.2794454,0.292354,0.2817664,0.3149802,0.008715614331,0.01301603759
442,444,445,0,0.320759,2,0.320759,0.251669,0.3448915,0.2290865,0.2884915,0.314677,0.2513675,0.2803715,0.2939735,0.2947535,0,0
443,-1,-1,-1,,1,0.311373,0.263022,0.34443,0.232748,0.282508,0.321796,0.242475,0.264607,0.292811,0.305411,,
443,-1,-1,-1,,1,0.330145,0.240316,0.345353,0.225425,0.294475,0.307558,0.26026,0.296136,0.295136,0.284096,,
442,447,448,2,0.3438905,3,0.319953,0.2787706667,0.3527053333,0.2721953333,0.2779263333,0.301168,0.298164,0.3003423333,0.2736283333,0.3284646667,0,0.01012410596
446,-1,-1,-1,,1,0.318441,0.28967,0.33518,0.262095,0.271295,0.327336,0.30062,0.315177,0.277667,0.305654,,
446,449,450,0,0.320709,2,0.320709,0.273321,0.361468,0.2772455,0.281242,0.288084,0.296936,0.292925,0.271609,0.33987,0,0
448,-1,-1,-1,,1,0.31448,0.292039,0.370335,0.273229,0.267849,0.281555,0.297854,0.279884,0.269272,0.351815,,
448,-1,-1,-1,,1,0.326938,0.254603,0.352601,0.281262,0.294635,0.294613,0.296018,0.305966,0.273946,0.327925,,
437,452,453,4,0.2115455,5,0.2900434,0.2622522,0.353319,0.3283024,0.2717882,0.3113946,0.2686562,0.2828438,0.2453462,0.3131794,0,0.031411927
451,-1,-1,-1,,1,0.346296,0.294727,0.344422,0.324741,0.187326,0.312268,0.31851,0.2729,0.265774,0.308139,,
451,454,455,2,0.3358305,4,0.27598025,0.2541335,0.35554325,0.32919275,0.29290375,0.31117625,0.25619275,0.28532975,0.24023925,0.3144395,0,0.0271878088
453,-1,-1,-1,,1,0.280775,0.24401,0.330144,0.331943,0.235765,0.383911,0.241065,0.269237,0.237868,0.258377,,
453,456,457,1,0.2468825,3,0.274382,0.257508,0.3640096667,0.328276,0.31195,0.2869313333,0.2612353333,0.290694,0.2410296667,0.333127,0,0.02023815029
455,-1,-1,-1,,1,0.319413,0.238061,0.401594,0.328688,0.275525,0.250773,0.250749,0.333386,0.210812,0.328246,,
455,458,459,0,0.2518665,2,0.2518665,0.2672315,0.3452175,0.32807,0.3301625,0.3050105,0.2664785,0.269348,0.2561385,0.3355675,0,0
457,-1,-1,-1,,1,0.240442,0.278759,0.348918,0.342332,0.334614,0.287573,0.302719,0.248315,0.225787,0.310779,,
457,-1,-1,-1,,1,0.263291,0.255704,0.341517,0.313808,0.325711,0.322448,0.230238,0.290381,0.28649,0.360356,,
436,461,476,4,0.3451135,9,0.3089063333,0.2560166667,0.3554821111,0.2879142222,0.3084181111,0.3087333333,0.3401117778,0.3053232222,0.2631721111,0.3372074444,0.027332794,0
460,462,469,4,0.3109115,8,0.309674875,0.2501545,0.352927,0.294333625,0.30297275,0.318082375,0.337240625,0.3086655,0.259335375,0.3369825,0.01953153076,0.02398270101
461,463,464,4,0.2584545,4,0.314103,0.26355725,0.35555575,0.29091125,0.27245125,0.3260515,0.3400705,0.2888075,0.26755325,0.36868025,0,0.01487529651
462,-1,-1,-1,,1,0.302063,0.240261,0.333915,0.23859,0.250276,0.351863,0.352323,0.282691,0.23259,0.366608,,
462,465,466,4,0.272333,3,0.3181163333,0.2713226667,0.3627693333,0.3083516667,0.279843,0.3174476667,0.3359863333,0.2908463333,0.2792076667,0.369371,0,0.01177777905
464,-1,-1,-1,,1,0.32507,0.241954,0.355948,0.328081,0.266633,0.319088,0.344041,0.318735,0.285143,0.356172,,
464,467,468,0,0.3146395,2,0.3146395,0.286007,0.36618,0.298487,0.286448,0.3166275,0.331959,0.276902,0.27624,0.3759705,0,0
466,-1,-1,-1,,1,0.300829,0.283827,0.380697,0.317361,0.294863,0.311256,0.324266,0.283432,0.296209,0.380916,,
466,-1,-1,-1,,1,0.32845,0.288187,0.351663,0.279613,0.278033,0.321999,0.339652,0.270372,0.256271,0.371025,,
461,470,471,2,0.3434605,4,0.30524675,0.23675175,0.35029825,0.297756,0.33349425,0.31011325,0.33441075,0.3285235,0.2511175,0.30528475,0,0.02153588694
469,-1,-1,-1,,1,0.293032,0.172255,0.342225,0.310458,0.333182,0.32657,0.325183,0.359063,0.276766,0.286911,,
469,472,473,2,0.3501325,3,0.3093183333,0.2582506667,0.3529893333,0.293522,0.3335983333,0.3046276667,0.3374866667,0.3183436667,0.242568,0.3114093333,0,0.01439203392
471,-1,-1,-1,,1,0.373403,0.232911,0.344696,0.325223,0.335589,0.315585,0.321528,0.301594,0.23869,0.307265,,
471,474,475,0,0.277276,2,0.277276,0.2709205,0.357136,0.2776715,0.332603,0.299149,0.345466,0.3267185,0.244507,0.3134815,0,0
473,-1,-1,-1,,1,0.269588,0.260034,0.358703,0.311103,0.338246,0.282311,0.363821,0.331003,0.253552,0.308885,,
473,-1,-1,-1,,1,0.284964,0.281807,0.355569,0.24424,0.32696,0.315987,0.327111,0.322434,0.235462,0.318078,,
460,-1,-1,-1,,1,0.302758,0.302914,0.375923,0.236559,0.351981,0.233941,0.363081,0.278585,0.293866,0.339007,,
435,478,489,0,0.297093,22,0.3265940909,0.2790073182,0.3475375,0.2943459091,0.3211668182,0.3180869091,0.3137027727,0.3165574091,0.3401354091,0.3178547273,0.03403122767,0.03737622756
477,479,484,7,0.308938,6,0.2685445,0.2850641667,0.3432426667,0.2626695,0.3420935,0.2938015,0.2876718333,0.2986108333,0.3353916667,0.2680771667,0.02825406352,0.01943008801
478,480,481,0,0.2494645,3,0.2639196667,0.2757166667,0.344892,0.2747616667,0.350668,0.284934,0.258898,0.247766,0.332054,0.3112976667,0,0.01843975858
479,-1,-1,-1,,1,0.243651,0.277301,0.334416,0.273964,0.379332,0.302572,0.265359,0.205507,0.321517,0.22277,,
479,482,483,0,0.274054,2,0.274054,0.2749245,0.35013,0.2751605,0.336336,0.276115,0.2556675,0.2688955,0.3373225,0.3555615,0,0
481,-1,-1,-1,,1,0.255278,0.279748,0.356248,0.287391,0.351382,0.306404,0.277694,0.26477,0.308256,0.374178,,
481,-1,-1,-1,,1,0.29283,0.270101,0.344012,0.26293,0.32129,0.245826,0.233641,0.273021,0.366389,0.336945,,
478,485,486,4,0.31601,3,0.2731693333,0.2944116667,0.3415933333,0.2505773333,0.333519,0.302669,0.3164456667,0.3494556667,0.3387293333,0.2248566667,0,0.01389623869
484,-1,-1,-1,,1,0.280746,0.28755,0.349836,0.255156,0.286986,0.312066,0.348314,0.344855,0.332183,0.262925,,
484,487,488,0,0.269381,2,0.269381,0.2978425,0.337472,0.248288,0.3567855,0.2979705,0.3005115,0.351756,0.3420025,0.2058225,0,0
486,-1,-1,-1,,1,0.265802,0.301685,0.341731,0.227684,0.345034,0.307488,0.294365,0.345595,0.33977,0.239755,,
486,-1,-1,-1,,1,0.27296,0.294,0.333213,0.268892,0.368537,0.288453,0.306658,0.357917,0.344235,0.17189,,
477,490,517,4,0.3493995,16,0.3483626875,0.276736,0.3491480625,0.3062245625,0.3133193125,0.3271939375,0.323464375,0.323287375,0.3419143125,0.3365213125,0.03479161112,0.02245906023
489,491,514,5,0.3818575,14,0.3505999286,0.2763194286,0.3488958571,0.3033087857,0.3047955714,0.3253001429,0.3178012857,0.3093692857,0.3405806429,0.3278611429,0.03117873733,0.02787150026
490,492,493,6,0.2705315,12,0.3391655833,0.2764749167,0.3493979167,0.3017335,0.3025123333,0.3101756667,0.3211291667,0.3048305833,0.3381485833,0.3340805833,0,0.02957433436
491,-1,-1,-1,,1,0.325041,0.185317,0.334676,0.309089,0.310051,0.245757,0.262782,0.280308,0.302618,0.356095,,
491,494,497,4,0.2575175,11,0.3404496364,0.284762,0.3507362727,0.3010648182,0.301827,0.3160319091,0.3264334545,0.3070599091,0.3413786364,0.3320792727,0.02203444618,0.026063792
493,495,496,0,0.3391455,2,0.3391455,0.262973,0.358629,0.2461555,0.2394695,0.2992585,0.315197,0.311759,0.381242,0.301846,0,0
494,-1,-1,-1,,1,0.322162,0.276352,0.36786,0.258488,0.246948,0.257954,0.299955,0.331682,0.420039,0.317783,,
494,-1,-1,-1,,1,0.356129,0.249594,0.349398,0.233823,0.231991,0.340563,0.330439,0.291836,0.342445,0.285909,,
493,498,499,5,0.2926165,9,0.3407394444,0.289604,0.3489823333,0.3132668889,0.3156842222,0.3197593333,0.3289304444,0.3060156667,0.3325201111,0.3387977778,0,0.02444566817
497,-1,-1,-1,,1,0.32185,0.285042,0.351977,0.329253,0.268087,0.289212,0.373735,0.236143,0.315189,0.367426,,
497,500,513,1,0.301455,8,0.343100625,0.29017425,0.348608,0.311268625,0.321633875,0.32357775,0.323329875,0.31474975,0.3346865,0.33521925,0.02320303661,0
499,501,502,1,0.268283,7,0.3374064286,0.2884941429,0.3469654286,0.3193604286,0.3214392857,0.326565,0.3170718571,0.3126227143,0.3395857143,0.3360267143,0,0.02195895147
500,-1,-1,-1,,1,0.381513,0.253329,0.351032,0.329632,0.336739,0.309511,0.317866,0.313698,0.400189,0.336888,,
500,503,508,9,0.3404185,6,0.3300553333,0.294355,0.3462876667,0.3176485,0.3188893333,0.3294073333,0.3169395,0.3124435,0.3294851667,0.3358831667,0.01497333387,0.01944918486
502,504,507,9,0.3098625,3,0.3352276667,0.2947613333,0.3334266667,0.3163196667,0.3093996667,0.3186406667,0.3230623333,0.305162,0.3126316667,0.303712,0.01217573167,0
503,505,506,0,0.3364675,2,0.3364675,0.292106,0.333696,0.3325715,0.3020545,0.3299505,0.33279,0.305849,0.314063,0.295049,0,0
504,-1,-1,-1,,1,0.309823,0.300975,0.337514,0.327387,0.303535,0.324444,0.354251,0.295917,0.307173,0.291411,,
504,-1,-1,-1,,1,0.363112,0.283237,0.329878,0.337756,0.300574,0.335457,0.311329,0.315781,0.320953,0.298687,,
503,-1,-1,-1,,1,0.332748,0.300072,0.332888,0.283816,0.32409,0.296021,0.303607,0.303788,0.309769,0.321038,,
502,509,512,1,0.2963105,3,0.324883,0.2939486667,0.3591486667,0.3189773333,0.328379,0.340174,0.3108166667,0.319725,0.3463386667,0.3680543333,0.01573461348,0
508,510,511,0,0.3257375,2,0.3257375,0.292279,0.339697,0.3373775,0.334939,0.340425,0.29456,0.322265,0.351604,0.370077,0,0
509,-1,-1,-1,,1,0.301356,0.289225,0.33624,0.337908,0.335365,0.306177,0.278281,0.336944,0.341577,0.359799,,
509,-1,-1,-1,,1,0.350119,0.295333,0.343154,0.336847,0.334513,0.374673,0.310839,0.307586,0.361631,0.380355,,
508,-1,-1,-1,,1,0.323174,0.297288,0.398052,0.282177,0.315259,0.339672,0.34333,0.314645,0.335808,0.364009,,
499,-1,-1,-1,,1,0.38296,0.301935,0.360106,0.254626,0.322996,0.302667,0.367136,0.329639,0.300392,0.329567,,
490,515,516,0,0.419206,2,0.419206,0.2753865,0.3458835,0.3127605,0.318495,0.416047,0.297834,0.3366015,0.355173,0.2905445,0,0
514,-1,-1,-1,,1,0.369132,0.258684,0.330011,0.297051,0.334353,0.389042,0.281089,0.33544,0.335395,0.237352,,
514,-1,-1,-1,,1,0.46928,0.292089,0.361756,0.32847,0.302637,0.443052,0.314579,0.337763,0.374951,0.343737,,
489,518,519,0,0.332702,2,0.332702,0.279652,0.3509135,0.326635,0.3729855,0.3404505,0.363106,0.420714,0.35125,0.3971425,0,0
517,-1,-1,-1,,1,0.328038,0.299319,0.361741,0.316075,0.36206,0.329431,0.349822,0.455103,0.298429,0.393034,,
517,-1,-1,-1,,1,0.337366,0.259985,0.340086,0.337195,0.383911,0.35147,0.37639,0.386325,0.404071,0.401251,,
434,521,580,0,0.322414,101,0.3464691386,0.3558268911,0.3731370594,0.3105747723,0.3519388911,0.3504302376,0.3448641584,0.3452586139,0.3553423069,0.3458374851,0.04305340774,0.03640340288
520,522,557,6,0.346147,30,0.2885041,0.3533317667,0.3688494,0.2976426333,0.3426936667,0.3231515,0.3290184,0.3242223333,0.3313578667,0.3249285,0.03813308006,0.03715338684
521,523,550,4,0.352224,18,0.2831441111,0.3430989444,0.3567388333,0.286091,0.3272609444,0.3090261667,0.2932426667,0.3053611667,0.3204125556,0.3090195556,0.03412974508,0.03080442592
522,524,533,6,0.277432,14,0.2819161429,0.3361895714,0.3533657143,0.2807523571,0.307064,0.2955970714,0.2874687857,0.2913492857,0.3183590714,0.3017825,0.0255656697,0.03298989005
523,525,530,1,0.3323205,5,0.2989822,0.3284002,0.343775,0.2718924,0.3158776,0.2785166,0.2542064,0.3050914,0.2848822,0.2723878,0.01992947047,0.01454116887
524,526,529,5,0.3105965,3,0.296187,0.313188,0.3500566667,0.2797953333,0.329772,0.301693,0.2438493333,0.295112,0.2635076667,0.2940603333,0.01502140456,0
525,527,528,0,0.305951,2,0.305951,0.316566,0.348572,0.3030605,0.338027,0.2860665,0.2410775,0.2975185,0.2549185,0.2804965,0,0
526,-1,-1,-1,,1,0.293334,0.328518,0.364677,0.326969,0.342816,0.288247,0.235066,0.266386,0.245415,0.280344,,
526,-1,-1,-1,,1,0.318568,0.304614,0.332467,0.279152,0.333238,0.283886,0.247089,0.328651,0.264422,0.280649,,
525,-1,-1,-1,,1,0.276659,0.306432,0.353026,0.233265,0.313262,0.332946,0.249393,0.290299,0.280686,0.321188,,
524,531,532,0,0.303175,2,0.303175,0.3512185,0.3343525,0.260038,0.295036,0.243752,0.269742,0.3200605,0.316944,0.239879,0,0
530,-1,-1,-1,,1,0.293759,0.336123,0.331364,0.258912,0.288539,0.233814,0.276191,0.331211,0.319897,0.278247,,
530,-1,-1,-1,,1,0.312591,0.366314,0.337341,0.261164,0.301533,0.25369,0.263293,0.30891,0.313991,0.201511,,
523,534,549,1,0.397507,9,0.272435,0.340517,0.3586938889,0.2856745556,0.3021675556,0.3050862222,0.3059478889,0.2837147778,0.3369573333,0.3181128889,0.03016212926,0
533,535,546,2,0.3685585,8,0.267146875,0.327977375,0.356433875,0.2802705,0.303144,0.304574625,0.307869875,0.273205875,0.334738125,0.314984125,0.02824041506,0.01432135536
534,536,539,5,0.28852,6,0.2529103333,0.3299515,0.3487775,0.2866345,0.318736,0.3067715,0.307233,0.2721103333,0.3423858333,0.2990446667,0.01528023258,0.02429563746
535,537,538,0,0.233082,2,0.233082,0.312313,0.356453,0.302515,0.3171605,0.2460485,0.301566,0.266978,0.3812665,0.314798,0,0
536,-1,-1,-1,,1,0.210257,0.313806,0.35405,0.273398,0.32846,0.257067,0.309229,0.277747,0.362175,0.301767,,
536,-1,-1,-1,,1,0.255907,0.31082,0.358856,0.331632,0.305861,0.23503,0.293903,0.256209,0.400358,0.327829,,
535,540,545,9,0.3090945,4,0.2628245,0.33877075,0.34493975,0.27869425,0.31952375,0.337133,0.3100665,0.2746765,0.3229455,0.291168,0.02123216194,0
539,541,542,1,0.3374665,3,0.2561526667,0.3430376667,0.3459636667,0.287285,0.3117973333,0.3417063333,0.308316,0.264244,0.301532,0.2839596667,0,0.01389021652
540,-1,-1,-1,,1,0.30416,0.334729,0.348767,0.31525,0.316415,0.383232,0.278673,0.248029,0.321323,0.282997,,
540,543,544,0,0.232149,2,0.232149,0.347192,0.344562,0.2733025,0.3094885,0.3209435,0.3231375,0.2723515,0.2916365,0.284441,0,0
542,-1,-1,-1,,1,0.216841,0.340204,0.333194,0.284348,0.327283,0.319973,0.309691,0.283775,0.309719,0.263486,,
542,-1,-1,-1,,1,0.247457,0.35418,0.35593,0.262257,0.291694,0.321914,0.336584,0.260928,0.273554,0.305396,,
539,-1,-1,-1,,1,0.28284,0.32597,0.341868,0.252922,0.342703,0.323413,0.315318,0.305974,0.387186,0.312793,,
534,547,548,0,0.3098565,2,0.3098565,0.322055,0.379403,0.2611785,0.256368,0.297984,0.3097805,0.2764925,0.311795,0.3628025,0,0
546,-1,-1,-1,,1,0.300232,0.321555,0.380545,0.2627,0.275664,0.2808,0.32708,0.298682,0.298218,0.380435,,
546,-1,-1,-1,,1,0.319481,0.322555,0.378261,0.259657,0.237072,0.315168,0.292481,0.254303,0.325372,0.34517,,
533,-1,-1,-1,,1,0.31474,0.440834,0.376774,0.328907,0.294356,0.309179,0.290572,0.367786,0.354711,0.343143,,
522,551,552,9,0.3214255,4,0.287442,0.36728175,0.36854475,0.30477625,0.39795025,0.356028,0.31345125,0.35440275,0.32759975,0.33434925,0,0.02629759826
550,-1,-1,-1,,1,0.300198,0.335917,0.366414,0.296719,0.447087,0.336346,0.344329,0.405881,0.398229,0.3171,,
550,553,556,8,0.3148865,3,0.28319,0.3777366667,0.369255,0.307462,0.3815713333,0.3625886667,0.3031586667,0.3372433333,0.3040566667,0.340099,0.02092425261,0
552,554,555,0,0.3175965,2,0.3175965,0.3761835,0.3729165,0.328385,0.391541,0.3656945,0.314222,0.337366,0.29522,0.347273,0,0
553,-1,-1,-1,,1,0.317526,0.41626,0.386962,0.319563,0.412459,0.32894,0.325653,0.356275,0.308043,0.35475,,
553,-1,-1,-1,,1,0.317667,0.336107,0.358871,0.337207,0.370623,0.402449,0.302791,0.318457,0.282397,0.339796,,
552,-1,-1,-1,,1,0.214377,0.380843,0.361932,0.265616,0.361632,0.356377,0.281032,0.336998,0.32173,0.325751,,
521,558,559,6,0.3495895,12,0.2965440833,0.368681,0.38701525,0.3149700833,0.36584275,0.3443395,0.382682,0.3525140833,0.3477758333,0.3487919167,0,0.03533253316
557,-1,-1,-1,,1,0.280675,0.429718,0.402572,0.230889,0.368348,0.376354,0.347965,0.451646,0.298316,0.336018,,
557,560,569,5,0.322038,11,0.2979867273,0.3631321818,0.385601,0.3226138182,0.365615,0.3414290909,0.3858380909,0.3435020909,0.3522721818,0.3499531818,0.02836351071,0.03053430304
559,561,562,1,0.366575,5,0.301086,0.3895082,0.4023312,0.3182212,0.393507,0.2928086,0.3721348,0.352406,0.3457546,0.3441246,0,0.02468640638
560,-1,-1,-1,,1,0.250687,0.365765,0.351549,0.31697,0.368084,0.235862,0.354959,0.341128,0.319375,0.299553,,
560,563,568,8,0.3818165,4,0.31368575,0.395444,0.41502675,0.318534,0.39986275,0.30704525,0.37642875,0.3552255,0.3523495,0.3552675,0.02017101874,0
562,564,567,0,0.3177035,3,0.3120263333,0.404797,0.416175,0.3374586667,0.410559,0.3117873333,0.380835,0.346287,0.335043,0.3606343333,0.01355985411,0
563,565,566,0,0.3069595,2,0.3069595,0.4176935,0.404888,0.335405,0.4068335,0.3092185,0.3807095,0.3239635,0.3484325,0.340641,0,0
564,-1,-1,-1,,1,0.300672,0.399217,0.412784,0.339504,0.395312,0.316447,0.39937,0.298335,0.359364,0.348954,,
564,-1,-1,-1,,1,0.313247,0.43617,0.396992,0.331306,0.418355,0.30199,0.362049,0.349592,0.337501,0.332328,,
563,-1,-1,-1,,1,0.32216,0.379004,0.438749,0.341566,0.41801,0.316925,0.381086,0.390934,0.308264,0.400621,,
562,-1,-1,-1,,1,0.318664,0.367385,0.411582,0.26176,0.367774,0.292819,0.36321,0.382041,0.404269,0.339167,,
559,570,579,4,0.374235,6,0.295404,0.3411521667,0.3716591667,0.3262743333,0.3423716667,0.3819461667,0.3972575,0.3360821667,0.3577035,0.3548103333,0.02623564182,0
569,571,578,6,0.4154985,5,0.3020918,0.3470754,0.3728502,0.3251332,0.3345228,0.3826268,0.3883838,0.320058,0.3434666,0.360701,0.0243884575,0
570,572,575,8,0.330903,4,0.29995975,0.34921025,0.37268075,0.32710525,0.339861,0.39649575,0.375387,0.3307055,0.33975525,0.3595815,0.01694892786,0.01471975175
571,573,574,0,0.308212,2,0.308212,0.334665,0.3735665,0.323986,0.3637315,0.377605,0.379854,0.3317985,0.293668,0.3514415,0,0
572,-1,-1,-1,,1,0.306631,0.316019,0.405628,0.310153,0.366854,0.389286,0.384041,0.299538,0.290079,0.360707,,
572,-1,-1,-1,,1,0.309793,0.353311,0.341505,0.337819,0.360609,0.365924,0.375667,0.364059,0.297257,0.342176,,
571,576,577,0,0.2917075,2,0.2917075,0.3637555,0.371795,0.3302245,0.3159905,0.4153865,0.37092,0.3296125,0.3858425,0.3677215,0,0
575,-1,-1,-1,,1,0.289271,0.33929,0.36191,0.332484,0.328186,0.405779,0.351214,0.347999,0.407136,0.361512,,
575,-1,-1,-1,,1,0.294144,0.388221,0.38168,0.327965,0.303795,0.424994,0.390626,0.311226,0.364549,0.373931,,
570,-1,-1,-1,,1,0.31062,0.338536,0.373528,0.317245,0.31317,0.327151,0.440371,0.277468,0.358312,0.365179,,
569,-1,-1,-1,,1,0.261965,0.311536,0.365704,0.33198,0.381616,0.378543,0.441626,0.416203,0.428888,0.325357,,
520,581,650,4,0.3483845,71,0.3709614085,0.356881169,0.3749487465,0.3160390563,0.3558453239,0.3619564648,0.3515595493,0.3541471831,0.3654765775,0.3546722676,0.03469699643,0.0334440739
580,582,615,9,0.364427,35,0.3712040857,0.3593670286,0.3705320857,0.3159955714,0.3184241714,0.3580918571,0.3461994,0.3446359143,0.3664061143,0.3661657429,0.03408025654,0.02918063707
581,583,594,6,0.307725,17,0.3773611765,0.3554308824,0.3701859412,0.3080386471,0.3196012941,0.3423895882,0.3307417059,0.3548395294,0.3669725882,0.3283664118,0.03041643307,0.02853115489
582,584,585,1,0.3149045,6,0.3768463333,0.332382,0.3506656667,0.2993921667,0.315652,0.3368985,0.2692296667,0.341495,0.34322,0.3379333333,0,0.02458376258
583,-1,-1,-1,,1,0.381396,0.313987,0.370235,0.269734,0.291073,0.367165,0.233337,0.234986,0.270676,0.344205,,
583,586,591,0,0.3954935,5,0.3759364,0.336061,0.3467518,0.3053238,0.3205678,0.3308452,0.2764082,0.3627968,0.3577288,0.336679,0.01789258108,0.0128891241
585,587,588,4,0.3045225,3,0.3508733333,0.3466553333,0.3488963333,0.298108,0.311849,0.309472,0.2762496667,0.345851,0.3839426667,0.335566,0,0.01360454925
586,-1,-1,-1,,1,0.378816,0.328851,0.339416,0.325446,0.30368,0.294796,0.295311,0.311299,0.374293,0.343792,,
586,589,590,0,0.336902,2,0.336902,0.3555575,0.3536365,0.284439,0.3159335,0.31681,0.266719,0.363127,0.3887675,0.331453,0,0
588,-1,-1,-1,,1,0.322668,0.358646,0.371068,0.301137,0.305365,0.318365,0.268884,0.388126,0.387242,0.349058,,
588,-1,-1,-1,,1,0.351136,0.352469,0.336205,0.267741,0.326502,0.315255,0.264554,0.338128,0.390293,0.313848,,
585,592,593,0,0.413531,2,0.413531,0.3201695,0.343535,0.3161475,0.333646,0.362905,0.276646,0.3882155,0.318408,0.3383485,0,0
591,-1,-1,-1,,1,0.412171,0.324517,0.348846,0.334669,0.327312,0.380795,0.260531,0.38687,0.342681,0.330704,,
591,-1,-1,-1,,1,0.414891,0.315822,0.338224,0.297626,0.33998,0.345015,0.292761,0.389561,0.294135,0.345993,,
582,595,596,2,0.348211,11,0.377642,0.368003,0.3808333636,0.3127549091,0.3217554545,0.3453847273,0.3642937273,0.3621183636,0.3799285455,0.3231480909,0,0.02735228229
594,-1,-1,-1,,1,0.423132,0.337932,0.340851,0.334104,0.341323,0.280096,0.320139,0.386545,0.393381,0.354589,,
594,597,598,1,0.3228885,10,0.373093,0.3710101,0.3848316,0.31062,0.3197987,0.3519136,0.3687092,0.3596757,0.3785833,0.320004,0,0.02593651821
596,-1,-1,-1,,1,0.367622,0.322023,0.407819,0.324169,0.312386,0.368986,0.340856,0.409773,0.444203,0.362013,,
596,599,600,3,0.2918505,9,0.3737008889,0.3764531111,0.3822774444,0.3091145556,0.3206223333,0.3500166667,0.371804,0.3541093333,0.3712922222,0.3153363333,0,0.0242040009
598,-1,-1,-1,,1,0.45969,0.391751,0.437673,0.288422,0.335472,0.333258,0.382822,0.355502,0.371889,0.335508,,
598,601,602,4,0.288464,8,0.36295225,0.374540875,0.375353,0.311701125,0.318766125,0.3521115,0.37042675,0.35393525,0.371217625,0.312814875,0,0.02213909589
600,-1,-1,-1,,1,0.344627,0.336365,0.390693,0.313724,0.280062,0.332985,0.384264,0.298062,0.430179,0.295462,,
600,603,614,4,0.346496,7,0.3655701429,0.3799945714,0.3731615714,0.3114121429,0.3242952857,0.3548438571,0.36845,0.3619171429,0.3627945714,0.3152938571,0.02065430445,0
602,604,605,1,0.3491045,6,0.3641213333,0.3849536667,0.3753863333,0.3093305,0.3204018333,0.35578,0.3609413333,0.3618898333,0.3724763333,0.3129823333,0,0.01833125255
603,-1,-1,-1,,1,0.362196,0.323754,0.359297,0.297044,0.316784,0.346351,0.350298,0.329907,0.37248,0.269034,,
603,606,613,5,0.3885615,5,0.3645064,0.3971936,0.3786042,0.3117878,0.3211254,0.3576658,0.36307,0.3682864,0.3724756,0.321772,0.01650851938,0
605,607,612,8,0.38962,4,0.3574265,0.3913875,0.38365625,0.312321,0.31507275,0.3488205,0.362698,0.373584,0.3692295,0.32740825,0.0142229345,0
606,608,609,0,0.354003,3,0.3579093333,0.3876043333,0.393018,0.3180016667,0.310918,0.3552193333,0.3584546667,0.380769,0.3579326667,0.3238313333,0,0.01193743361
607,-1,-1,-1,,1,0.342754,0.38144,0.391726,0.316291,0.306229,0.384076,0.36072,0.362692,0.331758,0.325177,,
607,610,611,0,0.365487,2,0.365487,0.3906865,0.393664,0.318857,0.3132625,0.340791,0.357322,0.3898075,0.37102,0.3231585,0,0
609,-1,-1,-1,,1,0.365252,0.406918,0.396431,0.326982,0.329659,0.328037,0.373686,0.371265,0.36592,0.318833,,
609,-1,-1,-1,,1,0.365722,0.374455,0.390897,0.310732,0.296866,0.353545,0.340958,0.40835,0.37612,0.327484,,
606,-1,-1,-1,,1,0.355978,0.402737,0.355571,0.295279,0.327537,0.329624,0.375428,0.352029,0.40312,0.338139,,
605,-1,-1,-1,,1,0.392826,0.420418,0.358396,0.309655,0.345336,0.393047,0.364558,0.347096,0.38546,0.299227,,
602,-1,-1,-1,,1,0.374263,0.35024,0.359813,0.323902,0.347656,0.349227,0.413502,0.362081,0.304704,0.329163,,
581,616,639,8,0.3848805,18,0.3653890556,0.3630845,0.370859,0.3235104444,0.3173124444,0.3729217778,0.3607983333,0.3349991667,0.3658711111,0.4018651111,0.02618113651,0.02588480461
615,617,636,8,0.356942,12,0.361604,0.3665658333,0.361197,0.3206733333,0.3237780833,0.3753245,0.36665925,0.3350609167,0.340612,0.39900175,0.02454366799,0.01397974455
616,618,629,5,0.3871645,10,0.3633965,0.3697432,0.3603786,0.3218664,0.3238093,0.3779839,0.3524864,0.32862,0.3345774,0.3997274,0.0199609696,0.02080249184
617,619,620,7,0.3307875,6,0.3745156667,0.3818611667,0.3535341667,0.3149976667,0.3302505,0.3596953333,0.3464133333,0.3499338333,0.3312325,0.4047655,0,0.01852236614
618,-1,-1,-1,,1,0.408078,0.342323,0.375092,0.311762,0.328363,0.367816,0.333975,0.321325,0.293584,0.403318,,
618,621,626,0,0.375752,5,0.3678032,0.3897688,0.3492226,0.3156448,0.330628,0.3580712,0.348901,0.3556556,0.3387622,0.405055,0.01378185643,0.01224211084
620,622,625,0,0.365033,3,0.3545696667,0.382603,0.3422396667,0.3271553333,0.3299846667,0.3698816667,0.3444986667,0.3482543333,0.3485996667,0.384826,0.01154518586,0
621,623,624,0,0.3444375,2,0.3444375,0.3860375,0.3374185,0.328561,0.3277195,0.362418,0.3612895,0.346281,0.3497455,0.389038,0,0
622,-1,-1,-1,,1,0.333643,0.398075,0.339587,0.329831,0.341194,0.378445,0.370428,0.352312,0.353508,0.366841,,
622,-1,-1,-1,,1,0.355232,0.374,0.33525,0.327291,0.314245,0.346391,0.352151,0.34025,0.345983,0.411235,,
621,-1,-1,-1,,1,0.374834,0.375734,0.351882,0.324344,0.334515,0.384809,0.310917,0.352201,0.346308,0.376402,,
620,627,628,0,0.3876535,2,0.3876535,0.4005175,0.359697,0.298379,0.331593,0.3403555,0.3555045,0.3667575,0.324006,0.4353985,0,0
626,-1,-1,-1,,1,0.37667,0.412426,0.351776,0.280575,0.341389,0.345689,0.359209,0.392242,0.322431,0.427247,,
626,-1,-1,-1,,1,0.398637,0.388609,0.367618,0.316183,0.321797,0.335022,0.3518,0.341273,0.325581,0.44355,,
617,630,635,9,0.3968895,4,0.34671775,0.35156625,0.37064525,0.3321695,0.3141475,0.40541675,0.361596,0.29664925,0.33959475,0.39217025,0.0169296164,0
629,631,634,3,0.333499,3,0.3337796667,0.361755,0.359564,0.331679,0.309684,0.4094813333,0.3513736667,0.3099653333,0.340281,0.3885673333,0.01185492996,0
630,632,633,0,0.33511,2,0.33511,0.3533385,0.3615335,0.3297275,0.31686,0.3911875,0.370147,0.321585,0.3372085,0.387451,0,0
631,-1,-1,-1,,1,0.332876,0.38263,0.375166,0.328039,0.308498,0.38952,0.378178,0.312563,0.325836,0.389856,,
631,-1,-1,-1,,1,0.337344,0.324047,0.347901,0.331416,0.325222,0.392855,0.362116,0.330607,0.348581,0.385046,,
630,-1,-1,-1,,1,0.331119,0.378588,0.355625,0.335582,0.295332,0.446069,0.313827,0.286726,0.346426,0.3908,,
629,-1,-1,-1,,1,0.385532,0.321,0.403889,0.333641,0.327538,0.393223,0.392263,0.256701,0.337536,0.402979,,
616,637,638,0,0.3526415,2,0.3526415,0.350679,0.365289,0.314708,0.323622,0.3620275,0.4375235,0.3672655,0.370785,0.3953735,0,0
636,-1,-1,-1,,1,0.337157,0.351524,0.390734,0.316623,0.337041,0.340952,0.419716,0.365428,0.360376,0.398481,,
636,-1,-1,-1,,1,0.368126,0.349834,0.339844,0.312793,0.310203,0.383103,0.455331,0.369103,0.381194,0.392266,,
615,640,649,9,0.4528405,6,0.3729591667,0.3561218333,0.390183,0.3291846667,0.3043811667,0.3681163333,0.3490765,0.3348756667,0.4163893333,0.4075918333,0.0237304708,0
639,641,642,9,0.3784325,5,0.372985,0.3584058,0.3855904,0.3314522,0.3006978,0.3672972,0.3582136,0.335756,0.4145646,0.3912148,0,0.0213401123
640,-1,-1,-1,,1,0.367303,0.424749,0.384384,0.335186,0.288609,0.318435,0.380672,0.345113,0.414615,0.371775,,
640,643,646,5,0.37887,4,0.3744055,0.34182,0.385892,0.33051875,0.30372,0.37951275,0.352599,0.33341675,0.414552,0.39607475,0.01379280501,0.01567738219
642,644,645,0,0.3887365,2,0.3887365,0.3452935,0.384276,0.3261525,0.3151285,0.348439,0.365538,0.3042615,0.4137195,0.400647,0,0
643,-1,-1,-1,,1,0.367966,0.367907,0.38016,0.319355,0.315048,0.349303,0.363883,0.299981,0.438872,0.416204,,
643,-1,-1,-1,,1,0.409507,0.32268,0.388392,0.33295,0.315209,0.347575,0.367193,0.308542,0.388567,0.38509,,
642,647,648,0,0.3600745,2,0.3600745,0.3383465,0.387508,0.334885,0.2923115,0.4105865,0.33966,0.362572,0.4153845,0.3915025,0,0
646,-1,-1,-1,,1,0.342858,0.352948,0.385591,0.34194,0.266378,0.408437,0.318548,0.337677,0.403239,0.389361,,
646,-1,-1,-1,,1,0.377291,0.323745,0.389425,0.32783,0.318245,0.412736,0.360772,0.387467,0.42753,0.393644,,
639,-1,-1,-1,,1,0.37283,0.344702,0.413146,0.317847,0.322798,0.372212,0.303391,0.330474,0.425513,0.489477,,
580,651,686,7,0.3614965,36,0.3707254722,0.3544643611,0.3792427222,0.3160813333,0.392227,0.3657137222,0.3567708056,0.36339425,0.3645728611,0.3434980556,0.02994224564,0.03245900312
650,652,665,0,0.3754035,18,0.3765863333,0.3527866111,0.3752750556,0.3152953889,0.3920957222,0.3676421667,0.3499272778,0.3285916667,0.3696777778,0.3531448889,0.02877620514,0.02632475727
651,653,658,0,0.351031,7,0.3503892857,0.3591325714,0.3905097143,0.3136714286,0.3818955714,0.3515962857,0.349173,0.3314674286,0.3401651429,0.3400888571,0.01709404492,0.02735353463
652,654,655,3,0.3117135,3,0.3318053333,0.3623113333,0.410227,0.3208196667,0.35942,0.371028,0.3476246667,0.3337606667,0.384671,0.3420846667,0,0.01203245553
653,-1,-1,-1,,1,0.346928,0.388002,0.417366,0.305615,0.353205,0.388894,0.358424,0.360862,0.368656,0.306343,,
653,656,657,0,0.324244,2,0.324244,0.349466,0.4066575,0.328422,0.3625275,0.362095,0.342225,0.32021,0.3926785,0.3599555,0,0
655,-1,-1,-1,,1,0.322909,0.342541,0.43106,0.339032,0.35533,0.362685,0.333399,0.312215,0.37211,0.351413,,
655,-1,-1,-1,,1,0.325579,0.356391,0.382255,0.317812,0.369725,0.361505,0.351051,0.328205,0.413247,0.368498,,
652,659,660,2,0.3592525,4,0.36432725,0.3567485,0.37572175,0.30831025,0.39875225,0.3370225,0.35033425,0.3297475,0.30678575,0.338592,0,0.02471763953
658,-1,-1,-1,,1,0.363664,0.329929,0.358602,0.329142,0.456201,0.314034,0.325236,0.293343,0.325784,0.37188,,
658,661,662,4,0.3745465,3,0.3645483333,0.3656883333,0.3814283333,0.3013663333,0.3796026667,0.3446853333,0.3587003333,0.3418823333,0.300453,0.327496,0,0.0200924052
660,-1,-1,-1,,1,0.364635,0.422857,0.409318,0.325709,0.368159,0.340391,0.320325,0.324023,0.306,0.342531,,
660,663,664,0,0.364505,2,0.364505,0.337104,0.3674835,0.289195,0.3853245,0.3468325,0.377888,0.350812,0.2976795,0.3199785,0,0
662,-1,-1,-1,,1,0.355134,0.326291,0.359903,0.338712,0.389715,0.338029,0.400935,0.350584,0.321289,0.331705,,
662,-1,-1,-1,,1,0.373876,0.347917,0.375064,0.239678,0.380934,0.355636,0.354841,0.35104,0.27407,0.308252,,
651,666,677,5,0.376991,11,0.3932571818,0.3487482727,0.3655802727,0.3163288182,0.3985867273,0.3778531818,0.3504072727,0.3267616364,0.3884585455,0.3614532727,0.02416459906,0.01971744086
665,667,676,8,0.437877,6,0.3940583333,0.3526763333,0.3560191667,0.323827,0.3924913333,0.3484223333,0.3369581667,0.3281871667,0.402424,0.347202,0.02256459327,0
666,668,675,8,0.4136715,5,0.3930714,0.3516746,0.3589418,0.323292,0.3929688,0.346431,0.3466896,0.322342,0.390817,0.340825,0.02042843946,0
667,669,674,0,0.3913355,4,0.38822125,0.34711775,0.358723,0.329223,0.39028625,0.339734,0.35113375,0.330033,0.3846975,0.35462175,0.01683342553,0
668,670,671,2,0.3471495,3,0.3861616667,0.3397286667,0.360459,0.3265573333,0.366732,0.3399933333,0.349493,0.3230116667,0.383898,0.3571116667,0,0.01448510932
669,-1,-1,-1,,1,0.386361,0.360823,0.339813,0.329075,0.389307,0.326593,0.368032,0.343616,0.373737,0.336341,,
669,672,673,0,0.386062,2,0.386062,0.3291815,0.370782,0.3252985,0.3554445,0.3466935,0.3402235,0.3127095,0.3889785,0.367497,0,0
671,-1,-1,-1,,1,0.383853,0.335282,0.354486,0.336052,0.361776,0.333214,0.330234,0.284987,0.412048,0.360246,,
671,-1,-1,-1,,1,0.388271,0.323081,0.387078,0.314545,0.349113,0.360173,0.350213,0.340432,0.365909,0.374748,,
668,-1,-1,-1,,1,0.3944,0.369285,0.353515,0.33722,0.460949,0.338956,0.356056,0.351097,0.387096,0.347152,,
667,-1,-1,-1,,1,0.412472,0.369902,0.359817,0.299568,0.403699,0.373219,0.328913,0.291578,0.415295,0.285638,,
666,-1,-1,-1,,1,0.398993,0.357685,0.341406,0.326502,0.390104,0.358379,0.288301,0.357413,0.460459,0.379087,,
665,678,685,2,0.3927335,5,0.3922958,0.3440346,0.3770536,0.307331,0.4059012,0.4131702,0.3665462,0.325051,0.3717,0.3785548,0.01675276117,0
677,679,684,0,0.410658,4,0.39432075,0.34041275,0.3699685,0.3011985,0.40675575,0.406237,0.3716205,0.32447025,0.3785905,0.365018,0.01338168898,0
678,680,681,3,0.2997825,3,0.3878183333,0.333375,0.367101,0.3080986667,0.4063913333,0.3981613333,0.3696476667,0.332534,0.3747206667,0.3788366667,0,0.01041110941
679,-1,-1,-1,,1,0.379036,0.317258,0.370852,0.286545,0.399896,0.425902,0.374583,0.330003,0.370488,0.40029,,
679,682,683,0,0.3922095,2,0.3922095,0.3414335,0.3652255,0.3188755,0.409639,0.384291,0.36718,0.3337995,0.376837,0.36811,0,0
681,-1,-1,-1,,1,0.376931,0.32662,0.350378,0.324731,0.415127,0.380763,0.378231,0.325419,0.365066,0.369791,,
681,-1,-1,-1,,1,0.407488,0.356247,0.380073,0.31302,0.404151,0.387819,0.356129,0.34218,0.388608,0.366429,,
678,-1,-1,-1,,1,0.413828,0.361526,0.378571,0.280498,0.407849,0.430464,0.377539,0.300279,0.3902,0.323562,,
677,-1,-1,-1,,1,0.384196,0.358522,0.405394,0.331861,0.402483,0.440903,0.346249,0.327374,0.344138,0.432702,,
650,687,700,9,0.326199,18,0.3648646111,0.3561421111,0.3832103889,0.3168672778,0.3923582778,0.3637852778,0.3636143333,0.3981968333,0.3594679444,0.3338512222,0.02892557002,0.02977910893
686,688,699,6,0.3828385,7,0.3552612857,0.3592805714,0.3861807143,0.3057677143,0.3961428571,0.3724462857,0.3536477143,0.3868684286,0.3680497143,0.2858671429,0.02658020709,0
687,689,690,5,0.339443,6,0.3449481667,0.365875,0.3841608333,0.3048796667,0.38396,0.3785628333,0.3472275,0.3876313333,0.3667095,0.2868858333,0,0.02325367486
688,-1,-1,-1,,1,0.364371,0.379273,0.436051,0.321615,0.369783,0.326158,0.309906,0.383432,0.429971,0.316979,,
688,691,692,6,0.329539,5,0.3410636,0.3631954,0.3737828,0.3015326,0.3867954,0.3890438,0.3546918,0.3884712,0.3540572,0.2808672,0,0.01986783535
690,-1,-1,-1,,1,0.337713,0.351839,0.397316,0.283895,0.403117,0.394377,0.290561,0.431539,0.369082,0.242077,,
690,693,694,9,0.273333,4,0.34190125,0.3660345,0.3678995,0.305942,0.382715,0.3877105,0.3707245,0.37770425,0.350301,0.29056475,0,0.01664460599
692,-1,-1,-1,,1,0.326016,0.409837,0.368513,0.312673,0.352455,0.38985,0.373508,0.403863,0.34295,0.249026,,
692,695,696,5,0.371159,3,0.3471963333,0.3514336667,0.367695,0.3036983333,0.3928016667,0.3869973333,0.3697966667,0.3689846667,0.3527513333,0.304411,0,0.01215009882
694,-1,-1,-1,,1,0.326578,0.363069,0.379367,0.325153,0.379452,0.352728,0.368517,0.362131,0.383871,0.29764,,
694,697,698,0,0.3575055,2,0.3575055,0.345616,0.361859,0.292971,0.3994765,0.404132,0.3704365,0.3724115,0.3371915,0.3077965,0,0
696,-1,-1,-1,,1,0.351294,0.331519,0.373391,0.288686,0.373067,0.418674,0.370929,0.378924,0.348617,0.310134,,
696,-1,-1,-1,,1,0.363717,0.359713,0.350327,0.297256,0.425886,0.38959,0.369944,0.365899,0.325766,0.305459,,
687,-1,-1,-1,,1,0.41714,0.319714,0.3983,0.311096,0.46924,0.335747,0.392169,0.382291,0.376091,0.279755,,
686,701,716,9,0.38005,11,0.3709758182,0.3541449091,0.3813201818,0.3239306364,0.3899499091,0.3582737273,0.3699567273,0.4054058182,0.3540068182,0.3643865455,0.02665430148,0.02259709025
700,702,705,2,0.3795885,8,0.366178375,0.364074875,0.39181025,0.32114275,0.38755625,0.354306875,0.389610625,0.406466875,0.35309125,0.349672125,0.01428131464,0.02427804133
701,703,704,0,0.3526,2,0.3526,0.395458,0.350822,0.333167,0.3972525,0.3126895,0.374311,0.4198355,0.388414,0.343234,0,0
702,-1,-1,-1,,1,0.34226,0.42262,0.367263,0.32552,0.40766,0.306639,0.376853,0.445104,0.393363,0.336043,,
702,-1,-1,-1,,1,0.36294,0.368296,0.334381,0.340814,0.386845,0.31874,0.371769,0.394567,0.383465,0.350425,,
701,706,709,9,0.3423575,6,0.3707045,0.3536138333,0.405473,0.3171346667,0.3843241667,0.3681793333,0.3947105,0.4020106667,0.341317,0.3518181667,0.01154954058,0.02123663095
705,707,708,0,0.407533,2,0.407533,0.3260645,0.392504,0.3135005,0.3762295,0.3212155,0.390471,0.4075605,0.3317385,0.3384925,0,0
706,-1,-1,-1,,1,0.395695,0.323169,0.391914,0.32074,0.368496,0.331758,0.368414,0.428411,0.337305,0.341566,,
706,-1,-1,-1,,1,0.419371,0.32896,0.393094,0.306261,0.383963,0.310673,0.412528,0.38671,0.326172,0.335419,,
705,710,713,2,0.411849,4,0.35229025,0.3673885,0.4119575,0.31895175,0.3883715,0.39166125,0.39683025,0.39923575,0.34610625,0.358481,0.01487231322,0.01368836977
709,711,712,0,0.373844,2,0.373844,0.378835,0.403363,0.323698,0.370635,0.4105175,0.3953385,0.3940605,0.378448,0.353,0,0
710,-1,-1,-1,,1,0.37101,0.41104,0.406483,0.341235,0.373807,0.410441,0.37396,0.403489,0.364436,0.343149,,
710,-1,-1,-1,,1,0.376678,0.34663,0.400243,0.306161,0.367463,0.410594,0.416717,0.384632,0.39246,0.362851,,
709,714,715,0,0.3307365,2,0.3307365,0.355942,0.420552,0.3142055,0.406108,0.372805,0.398322,0.404411,0.3137645,0.363962,0,0
713,-1,-1,-1,,1,0.326705,0.373882,0.417215,0.322429,0.420458,0.357143,0.390296,0.428571,0.327953,0.351464,,
713,-1,-1,-1,,1,0.334768,0.338002,0.423889,0.305982,0.391758,0.388467,0.406348,0.380251,0.299576,0.37646,,
700,717,720,6,0.34339,3,0.383769,0.327665,0.3533466667,0.331365,0.396333,0.368852,0.3175463333,0.4025763333,0.3564483333,0.403625,0.01859077643,0
716,718,719,0,0.371629,2,0.371629,0.335646,0.358623,0.329102,0.3865505,0.362586,0.2930995,0.4188425,0.3641945,0.4136175,0,0
717,-1,-1,-1,,1,0.346455,0.346211,0.345061,0.325926,0.378745,0.33537,0.32034,0.435774,0.346158,0.432621,,
717,-1,-1,-1,,1,0.396803,0.325081,0.372185,0.332278,0.394356,0.389802,0.265859,0.401911,0.382231,0.394614,,
716,-1,-1,-1,,1,0.408049,0.311703,0.342794,0.335891,0.415898,0.381384,0.36644,0.370044,0.340956,0.38364,,
1,722,817,5,0.310043,240,0.3542919333,0.3544452292,0.3525169125,0.3856604667,0.3554246375,0.3456205792,0.3555214458,0.3548226417,0.3524957042,0.355705525,0.1262412274,0.04228284652
721,723,808,1,0.4195225,48,0.374996875,0.3595739167,0.3375539167,0.4194599792,0.3537889792,0.2677641667,0.3687580625,0.35155025,0.3455951042,0.3584777917,0.06659610351,0.2482166638
722,724,731,5,0.2397645,43,0.3320056047,0.3154375814,0.3261469535,0.394773,0.3340071395,0.2754238837,0.3444989302,0.3529863721,0.3247184186,0.3375846977,0.145881906,0.0447073561
723,725,730,3,0.6643025,4,0.272218,0.23971975,0.26551125,0.505823,0.29826375,0.18450875,0.43417375,0.46695225,0.2437935,0.32309625,0.05116770333,0
724,726,727,3,0.3473435,3,0.303219,0.297927,0.3208746667,0.3487486667,0.329517,0.2126973333,0.3311476667,0.3427783333,0.3107716667,0.3191556667,0,0.02037175297
725,-1,-1,-1,,1,0.357356,0.343316,0.403177,0.344112,0.432688,0.220027,0.459445,0.356234,0.33576,0.403295,,
725,728,729,0,0.2761505,2,0.2761505,0.2752325,0.2797235,0.351067,0.2779315,0.2090325,0.266999,0.3360505,0.2982775,0.277086,0,0
727,-1,-1,-1,,1,0.263403,0.294054,0.281461,0.350575,0.251052,0.184991,0.295007,0.327916,0.33545,0.267229,,
727,-1,-1,-1,,1,0.288898,0.256411,0.277986,0.351559,0.304811,0.233074,0.238991,0.344185,0.261105,0.286943,,
724,-1,-1,-1,,1,0.179215,0.065098,0.099421,0.977046,0.204504,0.099943,0.743252,0.839474,0.042859,0.334918,,
723,732,761,7,0.3128225,39,0.3381376667,0.3232035128,0.332366,0.3833832564,0.3376731282,0.2847485128,0.3353015128,0.3412975641,0.3330184103,0.3390706923,0.03619126791,0.04133562787
731,733,758,6,0.3937555,15,0.3181479333,0.3019371333,0.3066625333,0.3672408,0.3161928667,0.2814075333,0.3199570667,0.2780226667,0.3187448,0.3188822667,0.03190136688,0.01488124974
732,734,735,6,0.2386915,13,0.3106822308,0.2961783846,0.3022381538,0.3600293077,0.3081862308,0.2797246154,0.3030595385,0.2750884615,0.3105136154,0.3140422308,0,0.03029501413
733,-1,-1,-1,,1,0.287486,0.377204,0.329701,0.39417,0.234321,0.269327,0.230821,0.279962,0.291718,0.330727,,
733,736,747,9,0.310859,12,0.31261525,0.28942625,0.2999495833,0.35718425,0.3143416667,0.2805910833,0.3090794167,0.2746823333,0.3120799167,0.3126518333,0.03130275097,0.02127401716
735,737,738,1,0.240159,6,0.329453,0.292591,0.309848,0.36608,0.3091886667,0.2886686667,0.3053153333,0.2655301667,0.3175006667,0.276239,0,0.02862634152
736,-1,-1,-1,,1,0.322892,0.206183,0.354493,0.382709,0.299407,0.274702,0.373284,0.262623,0.31782,0.263971,,
736,739,744,0,0.3404255,5,0.3307652,0.3098726,0.300919,0.3627542,0.311145,0.291462,0.2917216,0.2661116,0.3174368,0.2786926,0.0233082055,0.01712552571
738,740,741,4,0.2932135,3,0.302781,0.312337,0.2883316667,0.36579,0.3145053333,0.279848,0.2995906667,0.2498146667,0.3486416667,0.2685113333,0,0.01866634363
739,-1,-1,-1,,1,0.318514,0.334654,0.335644,0.375258,0.260984,0.289937,0.291311,0.257225,0.356137,0.268714,,
739,742,743,0,0.2949145,2,0.2949145,0.3011785,0.2646755,0.361056,0.341266,0.2748035,0.3037305,0.2461095,0.344894,0.26841,0,0
741,-1,-1,-1,,1,0.269382,0.274135,0.285434,0.370944,0.357089,0.292402,0.334857,0.248407,0.349811,0.26467,,
741,-1,-1,-1,,1,0.320447,0.328222,0.243917,0.351168,0.325443,0.257205,0.272604,0.243812,0.339977,0.27215,,
738,745,746,0,0.3727415,2,0.3727415,0.306176,0.3198,0.3582005,0.3061045,0.308883,0.279918,0.290557,0.2706295,0.2939645,0,0
744,-1,-1,-1,,1,0.360404,0.32956,0.325615,0.351086,0.2851,0.307891,0.246562,0.303992,0.282662,0.310375,,
744,-1,-1,-1,,1,0.385079,0.282792,0.313985,0.365315,0.327109,0.309875,0.313274,0.277122,0.258597,0.277554,,
735,748,757,1,0.31044,6,0.2957775,0.2862615,0.2900511667,0.3482885,0.3194946667,0.2725135,0.3128435,0.2838345,0.3066591667,0.3490646667,0.01821558648,0
747,749,756,8,0.337543,5,0.2922146,0.277324,0.2865062,0.3494006,0.3124368,0.2727098,0.3045194,0.2812238,0.3175782,0.3482936,0.01678594624,0
748,750,755,5,0.2877885,4,0.29108125,0.27568275,0.284438,0.35043575,0.3085375,0.27490875,0.29264875,0.2821375,0.30872425,0.3442345,0.01489175379,0
749,751,752,1,0.2730455,3,0.303084,0.278674,0.2855443333,0.3462773333,0.306601,0.2685946667,0.2892906667,0.2880943333,0.310368,0.3551983333,0,0.01146855882
750,-1,-1,-1,,1,0.283247,0.260882,0.274138,0.342976,0.276473,0.259852,0.275069,0.305784,0.296567,0.343335,,
750,753,754,0,0.3130025,2,0.3130025,0.28757,0.2912475,0.347928,0.321665,0.272966,0.2964015,0.2792495,0.3172685,0.36113,0,0
752,-1,-1,-1,,1,0.312027,0.289931,0.279937,0.351908,0.305861,0.264206,0.31658,0.294923,0.312445,0.373873,,
752,-1,-1,-1,,1,0.313978,0.285209,0.302558,0.343948,0.337469,0.281726,0.276223,0.263576,0.322092,0.348387,,
749,-1,-1,-1,,1,0.255073,0.266709,0.281119,0.362911,0.314347,0.293851,0.302723,0.264267,0.303793,0.311343,,
748,-1,-1,-1,,1,0.296748,0.283889,0.294779,0.34526,0.328034,0.263914,0.352002,0.277569,0.352994,0.36453,,
747,-1,-1,-1,,1,0.313592,0.330949,0.307776,0.342728,0.354784,0.271532,0.354464,0.296888,0.252064,0.35292,,
732,759,760,0,0.366675,2,0.366675,0.339369,0.335421,0.4141155,0.368236,0.2923465,0.429791,0.297095,0.3722475,0.3503425,0,0
758,-1,-1,-1,,1,0.364743,0.321317,0.327863,0.441212,0.381372,0.309944,0.445355,0.286431,0.368498,0.365877,,
758,-1,-1,-1,,1,0.368607,0.357421,0.342979,0.387019,0.3551,0.274749,0.414227,0.307759,0.375997,0.334808,,
731,762,785,4,0.3491535,24,0.35063125,0.336495,0.3484306667,0.3934722917,0.3510982917,0.286836625,0.3448917917,0.380844375,0.3419394167,0.3516884583,0.03954764467,0.03509329211
761,763,776,6,0.344061,12,0.3396555833,0.32216175,0.3245560833,0.3998343333,0.315382,0.2794223333,0.3246380833,0.3718799167,0.33408275,0.3346808333,0.03980897135,0.02583648509
762,764,771,1,0.356664,7,0.3314567143,0.3249114286,0.3195405714,0.405613,0.3274988571,0.2757385714,0.286436,0.3522881429,0.3142231429,0.3417775714,0.03440483811,0.02457912882
763,765,766,2,0.25737,4,0.30027675,0.291369,0.309605,0.38033225,0.31829975,0.2680415,0.26849175,0.359681,0.29363325,0.3087435,0,0.03037034289
764,-1,-1,-1,,1,0.254926,0.306856,0.217847,0.355707,0.339621,0.246455,0.270784,0.346874,0.250879,0.331492,,
764,767,770,0,0.3273525,3,0.3153936667,0.2862066667,0.340191,0.3885406667,0.3111926667,0.275237,0.2677276667,0.36395,0.3078846667,0.3011606667,0.02128630473,0
766,768,769,0,0.3048245,2,0.3048245,0.3175185,0.338815,0.3900185,0.296475,0.2861305,0.2552135,0.368025,0.3144225,0.2630295,0,0
767,-1,-1,-1,,1,0.291476,0.285248,0.380737,0.380927,0.289302,0.269148,0.26976,0.353019,0.31244,0.236746,,
767,-1,-1,-1,,1,0.318173,0.349789,0.296893,0.39911,0.303648,0.303113,0.240667,0.383031,0.316405,0.289313,,
766,-1,-1,-1,,1,0.336532,0.223583,0.342943,0.385585,0.340628,0.25345,0.292756,0.3558,0.294809,0.377423,,
763,772,773,0,0.369876,3,0.37303,0.3696346667,0.332788,0.4393206667,0.3397643333,0.2860013333,0.3103616667,0.342431,0.3416763333,0.385823,0,0.01585035358
771,-1,-1,-1,,1,0.363521,0.363539,0.30732,0.488301,0.33259,0.296578,0.335666,0.339687,0.294247,0.335854,,
771,774,775,0,0.3777845,2,0.3777845,0.3726825,0.345522,0.4148305,0.3433515,0.280713,0.2977095,0.343803,0.365391,0.4108075,0,0
773,-1,-1,-1,,1,0.376231,0.380866,0.334131,0.390076,0.347527,0.270111,0.321848,0.36972,0.381873,0.404132,,
773,-1,-1,-1,,1,0.379338,0.364499,0.356913,0.439585,0.339176,0.291315,0.273571,0.317886,0.348909,0.417483,,
762,777,778,2,0.2846455,5,0.351134,0.3183122,0.3315778,0.3917442,0.2984184,0.2845796,0.378121,0.3993084,0.3618862,0.3247454,0,0.0246049618
776,-1,-1,-1,,1,0.339325,0.306944,0.282707,0.424247,0.28173,0.284415,0.425373,0.376111,0.343308,0.309913,,
776,779,780,2,0.3207765,4,0.35408625,0.32115425,0.3437955,0.3836185,0.3025905,0.28462075,0.366308,0.40510775,0.36653075,0.3284535,0,0.02128914209
778,-1,-1,-1,,1,0.382251,0.360463,0.286584,0.366037,0.293619,0.270052,0.365453,0.378229,0.336496,0.317238,,
778,781,784,0,0.368366,3,0.344698,0.3080513333,0.362866,0.389479,0.305581,0.289477,0.366593,0.4140673333,0.3765423333,0.332192,0.01723631219,0
780,782,783,0,0.323824,2,0.323824,0.2963055,0.36536,0.410148,0.304256,0.283454,0.35846,0.421715,0.37138,0.341103,0,0
781,-1,-1,-1,,1,0.297362,0.308437,0.354969,0.409307,0.329816,0.267699,0.364464,0.39852,0.391884,0.352003,,
781,-1,-1,-1,,1,0.350286,0.284174,0.375751,0.410989,0.278696,0.299209,0.352456,0.44491,0.350876,0.330203,,
780,-1,-1,-1,,1,0.386446,0.331543,0.357878,0.348141,0.308231,0.301523,0.382859,0.398772,0.386867,0.31437,,
761,786,799,9,0.369017,12,0.3616069167,0.35082825,0.37230525,0.38711025,0.3868145833,0.2942509167,0.3651455,0.3898088333,0.3497960833,0.3686960833,0.03200225229,0.02820771338
785,787,788,8,0.305865,7,0.3670101429,0.3649522857,0.3819405714,0.39243,0.3712001429,0.286446,0.3527928571,0.3982582857,0.3407241429,0.3340474286,0,0.03039635409
786,-1,-1,-1,,1,0.354452,0.335648,0.380989,0.454497,0.384333,0.280343,0.334836,0.397994,0.282978,0.261969,,
786,789,790,7,0.336725,6,0.3691031667,0.3698363333,0.3820991667,0.3820855,0.3690113333,0.2874631667,0.3557856667,0.3983023333,0.3503485,0.3460605,0,0.02832367113
788,-1,-1,-1,,1,0.382059,0.351381,0.399409,0.358346,0.35078,0.305118,0.427428,0.333472,0.328752,0.315191,,
788,791,792,7,0.354948,5,0.366512,0.3735274,0.3786372,0.3868334,0.3726576,0.2839322,0.3414572,0.4112684,0.3546678,0.3522344,0,0.02586037033
790,-1,-1,-1,,1,0.350423,0.393093,0.433033,0.403943,0.36103,0.286901,0.316885,0.339978,0.381466,0.336507,,
790,793,798,2,0.366093,4,0.37053425,0.368636,0.36503825,0.382556,0.3755645,0.28319,0.34760025,0.429091,0.34796825,0.35616625,0.02365894279,0
792,794,795,2,0.3639835,3,0.3612656667,0.3664336667,0.3644986667,0.3745466667,0.3700246667,0.290967,0.3242586667,0.4243106667,0.348124,0.3521966667,0,0.01792006803
793,-1,-1,-1,,1,0.340606,0.413959,0.363528,0.346431,0.356306,0.271447,0.3423,0.473239,0.359614,0.356141,,
793,796,797,0,0.3715955,2,0.3715955,0.342671,0.364984,0.3886045,0.376884,0.300727,0.315238,0.3998465,0.342379,0.3502245,0,0
795,-1,-1,-1,,1,0.350953,0.32105,0.365529,0.383031,0.38705,0.299507,0.350486,0.369918,0.338621,0.344816,,
795,-1,-1,-1,,1,0.392238,0.364292,0.364439,0.394178,0.366718,0.301947,0.27999,0.429775,0.346137,0.355633,,
792,-1,-1,-1,,1,0.39834,0.375243,0.366657,0.406584,0.392184,0.259859,0.417625,0.443432,0.347501,0.368075,,
785,800,801,5,0.30119,5,0.3540424,0.3310546,0.3588158,0.3796626,0.4086748,0.3051778,0.3824392,0.3779796,0.3624968,0.4172042,0,0.0248280461
799,-1,-1,-1,,1,0.304154,0.367285,0.320627,0.390149,0.447272,0.30111,0.396245,0.330612,0.338861,0.369959,,
799,802,807,6,0.3840435,4,0.3665145,0.321997,0.368363,0.377041,0.3990255,0.30619475,0.37898775,0.3898215,0.36840575,0.4290155,0.02195560659,0
801,803,804,5,0.3067505,3,0.365748,0.3389846667,0.375156,0.3655326667,0.413476,0.3078363333,0.376853,0.3800186667,0.3601223333,0.4300723333,0,0.01675225093
802,-1,-1,-1,,1,0.374582,0.343893,0.388206,0.374508,0.445507,0.30587,0.376129,0.400078,0.424025,0.435535,,
802,805,806,0,0.361331,2,0.361331,0.3365305,0.368631,0.361045,0.3974605,0.3088195,0.377215,0.369989,0.328171,0.427341,0,0
804,-1,-1,-1,,1,0.355023,0.362732,0.337831,0.370978,0.39652,0.307631,0.371735,0.39179,0.341004,0.408355,,
804,-1,-1,-1,,1,0.367639,0.310329,0.399431,0.351112,0.398401,0.310008,0.382695,0.348188,0.315338,0.446327,,
801,-1,-1,-1,,1,0.368814,0.271034,0.347984,0.411566,0.355674,0.30127,0.385392,0.41923,0.393256,0.425845,,
722,809,810,0,0.4612235,5,0.7447218,0.7391464,0.4356538,0.631768,0.5239128,0.2018906,0.5773866,0.3391996,0.5251346,0.5381584,0,0.2230649454
808,-1,-1,-1,,1,0.125659,0.95703,0.807924,0.777204,0.473033,0.26603,0.169782,0.523816,0.769838,0.660427,,
808,811,812,8,0.211346,4,0.8994875,0.6846755,0.34258625,0.595409,0.53663275,0.18585575,0.67928775,0.2930455,0.46395875,0.50759125,0,0.19569482
810,-1,-1,-1,,1,0.889986,0.995805,0.495589,0.364792,0.051423,0.263758,0.982531,0.404902,0.187619,0.319832,,
810,813,814,0,0.8729115,3,0.9026546667,0.5809656667,0.2915853333,0.6722813333,0.6983693333,0.1598883333,0.5782066667,0.25576,0.556072,0.5701776667,0,0.1343703208
812,-1,-1,-1,,1,0.796788,0.620634,0.000946,0.900451,0.878819,0.308443,0.999172,0.090656,0.649863,0.241577,,
812,815,816,0,0.955588,2,0.955588,0.5611315,0.436905,0.5581965,0.6081445,0.085611,0.367724,0.338312,0.5091765,0.734478,0,0
814,-1,-1,-1,,1,0.949035,0.425086,0.423599,0.420571,0.544186,0.131684,0.216826,0.19919,0.78328,0.595146,,
814,-1,-1,-1,,1,0.962141,0.697177,0.450211,0.695822,0.672103,0.039538,0.518622,0.477434,0.235073,0.87381,,
721,818,931,8,0.3364795,192,0.3491156979,0.3531630573,0.3562576615,0.3772105885,0.3558335521,0.3650846823,0.3522122917,0.3556407396,0.3542208542,0.3550124583,0.04530833375,0.0377185048
817,819,852,7,0.32268,57,0.3306210702,0.3439194561,0.3373914737,0.3796911228,0.3512058246,0.3600222105,0.3385494737,0.3427836842,0.2992583509,0.3521691754,0.03920787241,0.03982163932
818,820,845,1,0.3371345,17,0.2981208824,0.3183925882,0.3017012941,0.3753674118,0.3136777647,0.3417192353,0.3202644706,0.2801170588,0.2873424118,0.3054422941,0.03608109741,0.03025412771
819,821,822,0,0.2156705,13,0.2862876154,0.2975693077,0.2980716154,0.3698524615,0.3106967692,0.3401560769,0.3105031538,0.2730009231,0.282138,0.2912076923,0,0.03395329207
820,-1,-1,-1,,1,0.207735,0.278678,0.220871,0.369251,0.318897,0.340631,0.424629,0.276295,0.323862,0.325736,,
820,823,824,9,0.22892,12,0.2928336667,0.2991435833,0.304505,0.3699025833,0.3100134167,0.3401165,0.3009926667,0.2727264167,0.278661,0.2883303333,0,0.03245867074
822,-1,-1,-1,,1,0.307332,0.306282,0.325339,0.342571,0.266093,0.372934,0.274014,0.208951,0.329785,0.194953,,
822,825,826,3,0.3447905,11,0.2915156364,0.2984946364,0.302611,0.3723872727,0.3140061818,0.3371330909,0.3034452727,0.2785241818,0.2740133636,0.2968191818,0,0.03083965812
824,-1,-1,-1,,1,0.383429,0.262171,0.255937,0.343286,0.268222,0.360903,0.306318,0.31601,0.237779,0.2701,,
824,827,828,8,0.213858,10,0.2823243,0.302127,0.3072784,0.3752974,0.3185846,0.3347561,0.303158,0.2747756,0.2776368,0.2994911,0,0.02933435709
826,-1,-1,-1,,1,0.225953,0.286403,0.370319,0.347461,0.353064,0.377209,0.297298,0.295803,0.21298,0.290847,,
826,829,830,1,0.255377,9,0.2885877778,0.3038741111,0.3002738889,0.3783903333,0.3147535556,0.3300391111,0.3038091111,0.2724392222,0.2848208889,0.3004515556,0,0.02778021962
828,-1,-1,-1,,1,0.305768,0.229389,0.336152,0.358259,0.3373,0.343855,0.238825,0.287406,0.306316,0.329037,,
828,831,844,4,0.333212,8,0.28644025,0.31318475,0.295789125,0.38090675,0.31193525,0.328312125,0.311932125,0.270568375,0.282134,0.296878375,0.0263148169,0
830,832,833,4,0.2860585,7,0.2833402857,0.3123737143,0.2956045714,0.373186,0.3086302857,0.321342,0.3140544286,0.2677018571,0.280318,0.2873147143,0,0.02495401543
831,-1,-1,-1,,1,0.306055,0.300866,0.270382,0.364801,0.284977,0.318645,0.337793,0.218985,0.214736,0.306393,,
831,834,843,4,0.3266485,6,0.2795545,0.3142916667,0.2998083333,0.3745835,0.3125725,0.3217915,0.310098,0.2758213333,0.2912483333,0.284135,0.02313628469,0
833,835,836,0,0.236777,5,0.2810804,0.3110772,0.2887428,0.3802412,0.3088162,0.322799,0.312003,0.2879398,0.2951742,0.2818724,0,0.02115868208
834,-1,-1,-1,,1,0.223606,0.324758,0.261147,0.372524,0.318207,0.345524,0.288431,0.272487,0.322319,0.307131,,
834,837,838,2,0.27024,4,0.295449,0.307657,0.29564175,0.3821705,0.3064685,0.31711775,0.317896,0.291803,0.288388,0.27555775,0,0.01883030948
836,-1,-1,-1,,1,0.292319,0.318186,0.245114,0.426604,0.321943,0.310936,0.326076,0.283686,0.285968,0.295262,,
836,839,840,7,0.2895955,3,0.2964923333,0.3041473333,0.3124843333,0.3673593333,0.3013103333,0.3191783333,0.3151693333,0.2945086667,0.2891946667,0.2689896667,0,0.01601686934
838,-1,-1,-1,,1,0.323983,0.310499,0.320227,0.388913,0.311795,0.316755,0.321203,0.279052,0.332976,0.275514,,
838,841,842,0,0.282747,2,0.282747,0.3009715,0.308613,0.3565825,0.296068,0.32039,0.3121525,0.302237,0.267304,0.2657275,0,0
840,-1,-1,-1,,1,0.249948,0.281365,0.295366,0.356879,0.304996,0.326125,0.328306,0.300139,0.29062,0.268568,,
840,-1,-1,-1,,1,0.315546,0.320578,0.32186,0.356286,0.28714,0.314655,0.295999,0.304335,0.243988,0.262887,,
833,-1,-1,-1,,1,0.271925,0.330364,0.355136,0.346295,0.331354,0.316754,0.300573,0.215229,0.271619,0.295448,,
830,-1,-1,-1,,1,0.30814,0.318862,0.297081,0.434952,0.33507,0.377103,0.297076,0.290634,0.294846,0.363824,,
819,846,847,3,0.3542625,4,0.336579,0.38606825,0.31349775,0.393291,0.323366,0.3467995,0.35198875,0.3032445,0.30425675,0.35170475,0,0.02588522942
845,-1,-1,-1,,1,0.294096,0.353611,0.303836,0.348953,0.250244,0.330644,0.339067,0.289049,0.276157,0.325248,,
845,848,851,0,0.3614055,3,0.35074,0.3968873333,0.3167183333,0.4080703333,0.34774,0.3521846667,0.356296,0.3079763333,0.3136233333,0.3605236667,0.01941610951,0
847,849,850,0,0.343727,2,0.343727,0.3821485,0.3074395,0.4323195,0.3384485,0.348881,0.3608705,0.3102095,0.305708,0.3916245,0,0
848,-1,-1,-1,,1,0.329409,0.420392,0.331662,0.425066,0.338046,0.316877,0.362984,0.29879,0.323103,0.390593,,
848,-1,-1,-1,,1,0.358045,0.343905,0.283217,0.439573,0.338851,0.380885,0.358757,0.321629,0.288313,0.392656,,
847,-1,-1,-1,,1,0.364766,0.426365,0.335276,0.359572,0.366323,0.358792,0.347147,0.30351,0.329454,0.298322,,
818,853,916,4,0.422491,40,0.34443365,0.354768375,0.3525598,0.3815287,0.36715525,0.367800975,0.3463206,0.369417,0.304322625,0.3720281,0.03786081707,0.0332221848
852,854,865,0,0.299108,32,0.337741125,0.3556276562,0.3509124062,0.381884625,0.3485438125,0.3640069375,0.3387075,0.3672387812,0.3049345,0.363458375,0.03218587484,0.03531697498
853,855,856,0,0.2387935,6,0.2683275,0.3531411667,0.300616,0.3709715,0.3191635,0.3678611667,0.3338978333,0.3452635,0.2901443333,0.336854,0,0.02855082328
854,-1,-1,-1,,1,0.225704,0.269213,0.319225,0.363843,0.278438,0.323995,0.29337,0.336397,0.233266,0.342777,,
854,857,864,7,0.355709,5,0.2768522,0.3699268,0.2968942,0.3723972,0.3273086,0.3766344,0.3420034,0.3470368,0.30152,0.3356694,0.02497223472,0
856,858,863,9,0.3646545,4,0.2830945,0.3920935,0.29545075,0.37792025,0.33172025,0.37482075,0.34917075,0.34368825,0.29371275,0.344694,0.02117155202,0
857,859,860,2,0.2804865,3,0.2778276667,0.3890393333,0.2882253333,0.3762816667,0.3271186667,0.3588356667,0.368488,0.348248,0.2876686667,0.332085,0,0.01555784966
858,-1,-1,-1,,1,0.29833,0.437351,0.266305,0.378307,0.294244,0.381572,0.397312,0.349639,0.28332,0.339091,,
858,861,862,0,0.2675765,2,0.2675765,0.3648835,0.2991855,0.375269,0.343556,0.3474675,0.354076,0.3475525,0.289843,0.328582,0,0
860,-1,-1,-1,,1,0.266391,0.383447,0.303703,0.346353,0.356791,0.339107,0.369054,0.350987,0.309974,0.310376,,
860,-1,-1,-1,,1,0.268762,0.34632,0.294668,0.404185,0.330321,0.355828,0.339098,0.344118,0.269712,0.346788,,
857,-1,-1,-1,,1,0.298895,0.401256,0.317127,0.382836,0.345525,0.422776,0.291219,0.330009,0.311845,0.382521,,
856,-1,-1,-1,,1,0.251883,0.28126,0.302668,0.350305,0.309662,0.383889,0.313334,0.360431,0.332749,0.299571,,
853,866,905,7,0.3977015,26,0.3537596538,0.3562014615,0.3625192692,0.3844030385,0.3553238846,0.3631175,0.3398174231,0.37231,0.3083476154,0.3695978462,0.03261853228,0.03221359424
865,867,882,6,0.326548,20,0.35774375,0.3600237,0.364077,0.38545035,0.35381135,0.36078655,0.3443504,0.3503999,0.30832415,0.37467795,0.03230826015,0.0278291536
866,868,869,9,0.294255,8,0.353072125,0.359746,0.368860625,0.38409425,0.37945825,0.350253125,0.3031155,0.35497875,0.322036875,0.3733475,0,0.02951366229
867,-1,-1,-1,,1,0.361078,0.442976,0.374737,0.346661,0.407425,0.310078,0.322655,0.34083,0.303203,0.284154,,
867,870,881,7,0.373234,7,0.3519284286,0.347856,0.3680211429,0.3894418571,0.375463,0.3559924286,0.3003241429,0.357,0.3247274286,0.3860894286,0.02619759935,0
869,871,874,0,0.3428335,6,0.3541111667,0.3384215,0.354789,0.3875601667,0.3857541667,0.359359,0.3066858333,0.3539391667,0.3236156667,0.3805586667,0.00833790811,0.02429536639
870,872,873,0,0.3277365,2,0.3277365,0.321471,0.406033,0.3723915,0.379144,0.338977,0.321512,0.356457,0.327215,0.409806,0,0
871,-1,-1,-1,,1,0.317194,0.319347,0.403007,0.38793,0.388178,0.324068,0.321545,0.35903,0.329235,0.413595,,
871,-1,-1,-1,,1,0.338279,0.323595,0.409059,0.356853,0.37011,0.353886,0.321479,0.353884,0.325195,0.406017,,
870,875,876,7,0.3361585,4,0.3672985,0.34689675,0.329167,0.3951445,0.38905925,0.36955,0.29927275,0.35268025,0.321816,0.365935,0,0.02208199171
874,-1,-1,-1,,1,0.347388,0.357505,0.33913,0.432031,0.34872,0.41536,0.315222,0.333783,0.324349,0.386528,,
874,877,878,9,0.344858,3,0.3739353333,0.3433606667,0.325846,0.382849,0.4025056667,0.35428,0.2939563333,0.3589793333,0.3209716667,0.3590706667,0,0.01615280123
876,-1,-1,-1,,1,0.365919,0.366317,0.32237,0.416489,0.419218,0.374186,0.317587,0.371103,0.333771,0.304356,,
876,879,880,0,0.3779435,2,0.3779435,0.3318825,0.327584,0.366029,0.3941495,0.344327,0.282141,0.3529175,0.314572,0.386428,0,0
878,-1,-1,-1,,1,0.3571,0.331263,0.342515,0.350616,0.394541,0.365375,0.249761,0.338534,0.318332,0.387496,,
878,-1,-1,-1,,1,0.398787,0.332502,0.312653,0.381442,0.393758,0.323279,0.314521,0.367301,0.310812,0.38536,,
869,-1,-1,-1,,1,0.338832,0.404463,0.447414,0.400732,0.313716,0.335793,0.262154,0.375365,0.331398,0.419274,,
866,883,884,0,0.3182905,12,0.3608581667,0.3602088333,0.3608879167,0.3863544167,0.3367134167,0.3678088333,0.3718403333,0.3473473333,0.2991823333,0.3755649167,0,0.02695569959
882,-1,-1,-1,,1,0.299321,0.282113,0.343598,0.397688,0.318444,0.389153,0.354412,0.335839,0.279717,0.378155,,
882,885,886,3,0.3458215,11,0.3664524545,0.3673084545,0.3624597273,0.3853240909,0.3383742727,0.3658684545,0.3734247273,0.3483935455,0.3009519091,0.3753294545,0,0.02617795537
884,-1,-1,-1,,1,0.443429,0.365462,0.341802,0.345585,0.34665,0.327742,0.36311,0.330209,0.322009,0.370331,,
884,887,904,6,0.4071415,10,0.3587548,0.3674931,0.3645255,0.389298,0.3375467,0.3696811,0.3744562,0.350212,0.2988462,0.3758293,0.02503329805,0
886,888,893,2,0.3258035,9,0.35924,0.3695066667,0.356707,0.3913071111,0.3359443333,0.370979,0.3704384444,0.3474075556,0.3023698889,0.3708663333,0.01736979414,0.02306894973
887,889,890,1,0.3330485,3,0.358603,0.340771,0.317297,0.3898603333,0.347329,0.3593413333,0.388114,0.3426096667,0.293146,0.389821,0,0.01415038089
888,-1,-1,-1,,1,0.355646,0.318352,0.318372,0.411475,0.356728,0.395562,0.403667,0.329979,0.294319,0.365704,,
888,891,892,0,0.3600815,2,0.3600815,0.3519805,0.3167595,0.379053,0.3426295,0.341231,0.3803375,0.348925,0.2925595,0.4018795,0,0
890,-1,-1,-1,,1,0.358846,0.356216,0.318542,0.412048,0.32036,0.332501,0.382843,0.352522,0.280305,0.414106,,
890,-1,-1,-1,,1,0.361317,0.347745,0.314977,0.346058,0.364899,0.349961,0.377832,0.345328,0.304814,0.389653,,
887,894,895,3,0.3786335,6,0.3595585,0.3838745,0.376412,0.3920305,0.330252,0.3767978333,0.3616006667,0.3498065,0.3069818333,0.361389,0,0.02053282617
893,-1,-1,-1,,1,0.365891,0.363905,0.387919,0.378083,0.302261,0.347209,0.349552,0.395539,0.240833,0.363661,,
893,896,903,0,0.3757105,5,0.358292,0.3878684,0.3741106,0.39482,0.3358502,0.3827156,0.3640104,0.34066,0.3202116,0.3609346,0.0191598427,0
895,897,898,0,0.343177,4,0.3495475,0.383618,0.384372,0.39453725,0.34076375,0.37940625,0.35809325,0.33411225,0.31859975,0.36300975,0,0.01688030244
896,-1,-1,-1,,1,0.33726,0.384974,0.381703,0.379184,0.323885,0.377192,0.358888,0.333381,0.331167,0.301714,,
896,899,902,1,0.388406,3,0.3536433333,0.383166,0.3852616667,0.399655,0.34639,0.3801443333,0.3578283333,0.334356,0.3144106667,0.3834416667,0.01110773706,0
898,900,901,0,0.3513895,2,0.3513895,0.373687,0.3672485,0.4027065,0.335637,0.375563,0.3439625,0.3372935,0.3209265,0.3977515,0,0
899,-1,-1,-1,,1,0.349094,0.374688,0.374124,0.403807,0.34183,0.4003,0.357484,0.350856,0.327294,0.408773,,
899,-1,-1,-1,,1,0.353685,0.372686,0.360373,0.401606,0.329444,0.350826,0.330441,0.323731,0.314559,0.38673,,
898,-1,-1,-1,,1,0.358151,0.402124,0.421288,0.393552,0.367896,0.389307,0.38556,0.328481,0.301379,0.354822,,
895,-1,-1,-1,,1,0.39327,0.40487,0.333065,0.395951,0.316196,0.395953,0.387679,0.366851,0.326659,0.352634,,
886,-1,-1,-1,,1,0.354388,0.349371,0.434892,0.371216,0.351968,0.358,0.410616,0.375452,0.267133,0.420496,,
865,906,907,0,0.317537,6,0.3404793333,0.3434606667,0.3573268333,0.380912,0.3603656667,0.3708873333,0.3247075,0.4453436667,0.3084258333,0.3526641667,0,0.02705294774
905,-1,-1,-1,,1,0.313667,0.380552,0.334701,0.359294,0.321704,0.312923,0.368183,0.520347,0.32556,0.427856,,
905,908,909,3,0.3718105,5,0.3458418,0.3360424,0.361852,0.3852356,0.368098,0.3824802,0.3160124,0.430343,0.304999,0.3376258,0,0.02387613121
907,-1,-1,-1,,1,0.354271,0.32956,0.307734,0.366728,0.374805,0.397044,0.31229,0.431929,0.239713,0.281839,,
907,910,915,5,0.4001485,4,0.3437345,0.337663,0.3753815,0.3898625,0.36642125,0.37883925,0.316943,0.4299465,0.3213205,0.3515725,0.02199620108,0
909,911,912,4,0.37128,3,0.343241,0.3501503333,0.3754296667,0.3941856667,0.3744843333,0.3640163333,0.3212196667,0.4168583333,0.3184706667,0.3573463333,0,0.01630737137
910,-1,-1,-1,,1,0.369307,0.322824,0.384985,0.418092,0.367678,0.356771,0.367715,0.444773,0.307586,0.327621,,
910,913,914,0,0.330208,2,0.330208,0.3638135,0.370652,0.3822325,0.3778875,0.367639,0.297972,0.402901,0.323913,0.372209,0,0
912,-1,-1,-1,,1,0.321407,0.379969,0.412251,0.385548,0.374882,0.358289,0.309823,0.399864,0.325394,0.354014,,
912,-1,-1,-1,,1,0.339009,0.347658,0.329053,0.378917,0.380893,0.376989,0.286121,0.405938,0.322432,0.390404,,
909,-1,-1,-1,,1,0.345215,0.300201,0.375237,0.376893,0.342232,0.423308,0.304113,0.469211,0.32987,0.334251,,
852,917,924,0,0.375871,8,0.37120375,0.35133125,0.359149375,0.380105,0.441601,0.382977125,0.376773,0.378129875,0.301875125,0.406307,0.02984176149,0.02390336067
916,918,923,7,0.418555,4,0.3197025,0.34700075,0.36581175,0.39005875,0.44397275,0.37747875,0.349361,0.38268875,0.29455925,0.399134,0.02731089376,0
917,919,920,1,0.330892,3,0.322951,0.3400653333,0.3661206667,0.401525,0.448519,0.3849476667,0.3686966667,0.3622523333,0.299323,0.394355,0,0.0222059462
918,-1,-1,-1,,1,0.347105,0.321355,0.310877,0.436478,0.461906,0.408677,0.372815,0.393112,0.262683,0.385308,,
918,921,922,0,0.310874,2,0.310874,0.3494205,0.3937425,0.3840485,0.4418255,0.373083,0.3666375,0.3468225,0.317643,0.3988785,0,0
920,-1,-1,-1,,1,0.286388,0.358412,0.356021,0.346072,0.457887,0.356,0.370767,0.360075,0.324989,0.423149,,
920,-1,-1,-1,,1,0.33536,0.340429,0.431464,0.422025,0.425764,0.390166,0.362508,0.33357,0.310297,0.374608,,
917,-1,-1,-1,,1,0.309957,0.367807,0.364885,0.35566,0.430334,0.355072,0.291354,0.443998,0.280268,0.413471,,
916,925,926,8,0.2952015,4,0.422705,0.35566175,0.352487,0.37015125,0.43922925,0.3884755,0.404185,0.373571,0.309191,0.41348,0,0.02060097233
924,-1,-1,-1,,1,0.432404,0.307039,0.354871,0.401011,0.439824,0.421335,0.434862,0.331292,0.292343,0.404352,,
924,927,928,8,0.304346,3,0.419472,0.3718693333,0.3516923333,0.3598646667,0.439031,0.3775223333,0.3939593333,0.387664,0.314807,0.4165226667,0,0.01575980047
926,-1,-1,-1,,1,0.422088,0.416572,0.364196,0.364704,0.454834,0.417247,0.386795,0.416465,0.29806,0.41498,,
926,929,930,0,0.418164,2,0.418164,0.349518,0.3454405,0.357445,0.4311295,0.35766,0.3975415,0.3732635,0.3231805,0.417294,0,0
928,-1,-1,-1,,1,0.404637,0.347905,0.327465,0.351929,0.433818,0.382084,0.371387,0.391068,0.335729,0.403792,,
928,-1,-1,-1,,1,0.431691,0.351131,0.363416,0.362961,0.428441,0.333236,0.423696,0.355459,0.310632,0.430796,,
817,932,1065,9,0.359887,135,0.3569245407,0.3570659111,0.3642233852,0.3761632519,0.3577874815,0.3672221704,0.357981037,0.3610692741,0.3774272444,0.3562129556,0.03514948057,0.03638302769
931,933,984,7,0.351087,67,0.3590862985,0.357148806,0.3735027164,0.3795976269,0.3641526866,0.366465597,0.3603769403,0.3629175373,0.3780723134,0.3202185224,0.03272805282,0.03359622997
932,934,953,6,0.354467,26,0.3625009615,0.3492577692,0.3782007692,0.3902956154,0.3620907308,0.3689658846,0.3684812692,0.3213114231,0.3743073462,0.3222961154,0.03114980922,0.02814164123
933,935,936,6,0.259491,10,0.3512377,0.3424573,0.3910221,0.3945497,0.3479935,0.3676292,0.3157607,0.3182639,0.3788761,0.3241548,0,0.02894453837
934,-1,-1,-1,,1,0.339997,0.373256,0.430008,0.492962,0.403978,0.360424,0.259197,0.3358,0.400376,0.318491,,
934,937,938,6,0.283417,9,0.3524866667,0.3390352222,0.3866903333,0.383615,0.341773,0.3684297778,0.3220455556,0.3163154444,0.3764872222,0.3247841111,0,0.02641793289
936,-1,-1,-1,,1,0.323445,0.265209,0.412191,0.41927,0.286027,0.371623,0.259785,0.320308,0.33723,0.349832,,
936,939,942,3,0.3548475,8,0.356116875,0.3482635,0.38350275,0.379158125,0.34874125,0.368030625,0.329828125,0.315816375,0.381394375,0.321653125,0.01247587043,0.02515006457
938,940,941,0,0.365822,2,0.365822,0.2899115,0.397252,0.3443875,0.348134,0.3612645,0.3513255,0.3083785,0.382234,0.3304015,0,0
939,-1,-1,-1,,1,0.349659,0.299908,0.404065,0.343208,0.362207,0.384666,0.35281,0.313611,0.392989,0.314384,,
939,-1,-1,-1,,1,0.381985,0.279915,0.390439,0.345567,0.334061,0.337863,0.349841,0.303146,0.371479,0.346419,,
938,943,944,2,0.3372475,6,0.3528818333,0.3677141667,0.3789196667,0.3907483333,0.3489436667,0.370286,0.3226623333,0.3182956667,0.3811145,0.318737,0,0.02346244944
942,-1,-1,-1,,1,0.357094,0.358236,0.331612,0.364128,0.304571,0.333946,0.307049,0.33016,0.382132,0.274465,,
942,945,952,1,0.3823195,5,0.3520394,0.3696098,0.3883812,0.3960724,0.3578182,0.377554,0.325785,0.3159228,0.380911,0.3275914,0.0215708028,0
944,946,947,7,0.297706,4,0.36443525,0.36638375,0.38293175,0.397647,0.353223,0.38327625,0.32827625,0.30856625,0.3911845,0.3221465,0,0.01814201863
945,-1,-1,-1,,1,0.33066,0.377438,0.342883,0.449775,0.337088,0.375122,0.345731,0.296282,0.377848,0.325153,,
945,948,949,4,0.3425595,3,0.3756936667,0.362699,0.3962813333,0.380271,0.3586013333,0.3859943333,0.322458,0.312661,0.39563,0.3211443333,0,0.01193624115
947,-1,-1,-1,,1,0.413643,0.354233,0.421033,0.393843,0.321208,0.387708,0.328346,0.306026,0.375453,0.34322,,
947,950,951,0,0.356719,2,0.356719,0.366932,0.3839055,0.373485,0.377298,0.3851375,0.319514,0.3159785,0.4057185,0.3101065,0,0
949,-1,-1,-1,,1,0.34908,0.351739,0.404201,0.381129,0.363911,0.387187,0.308761,0.29913,0.410579,0.302446,,
949,-1,-1,-1,,1,0.364358,0.382125,0.36361,0.365841,0.390685,0.383088,0.330267,0.332827,0.400858,0.317767,,
944,-1,-1,-1,,1,0.302456,0.382514,0.410179,0.389774,0.376199,0.354665,0.31582,0.345349,0.339817,0.349371,,
933,954,965,4,0.3683995,16,0.3695405,0.3535080625,0.3701874375,0.3876368125,0.3709015,0.3698013125,0.401431625,0.323216125,0.371451875,0.3211344375,0.02304410567,0.02649136552
953,955,960,5,0.3387025,6,0.3656973333,0.3629648333,0.3863498333,0.3804745,0.3325188333,0.3497323333,0.3982245,0.3383596667,0.3664576667,0.324691,0.01871634219,0.01752108414
954,956,959,2,0.401636,3,0.3743336667,0.381212,0.3845756667,0.3796546667,0.356566,0.321486,0.4006056667,0.3320106667,0.3659253333,0.310903,0.01278228356,0
955,957,958,0,0.3722995,2,0.3722995,0.3841315,0.3602435,0.37345,0.3513995,0.31943,0.417227,0.337164,0.36191,0.296281,0,0
956,-1,-1,-1,,1,0.356775,0.402675,0.350455,0.364495,0.336506,0.325399,0.430515,0.336476,0.347687,0.31165,,
956,-1,-1,-1,,1,0.387824,0.365588,0.370032,0.382405,0.366293,0.313461,0.403939,0.337852,0.376133,0.280912,,
955,-1,-1,-1,,1,0.378402,0.375373,0.43324,0.392064,0.366899,0.325598,0.367363,0.321704,0.373956,0.340147,,
954,961,964,2,0.4021685,3,0.357061,0.3447176667,0.388124,0.3812943333,0.3084716667,0.3779786667,0.3958433333,0.3447086667,0.36699,0.338479,0.01375766912,0
960,962,963,0,0.3547245,2,0.3547245,0.3393075,0.3703675,0.394597,0.3165155,0.3910645,0.3985305,0.3498475,0.3694885,0.3485405,0,0
961,-1,-1,-1,,1,0.346594,0.366754,0.360035,0.395745,0.307124,0.381388,0.404538,0.350811,0.395963,0.355285,,
961,-1,-1,-1,,1,0.362855,0.311861,0.3807,0.393449,0.325907,0.400741,0.392523,0.348884,0.343014,0.341796,,
960,-1,-1,-1,,1,0.361734,0.355538,0.423637,0.354689,0.292384,0.351807,0.390469,0.334431,0.361993,0.318356,,
953,966,971,3,0.3793145,10,0.3718464,0.347834,0.36049,0.3919342,0.3939311,0.3818427,0.4033559,0.31413,0.3744484,0.3190005,0.01807996607,0.02324207074
965,967,968,6,0.363854,3,0.396419,0.3276403333,0.3298153333,0.3600803333,0.3817456667,0.3681986667,0.3667556667,0.310553,0.3665876667,0.2955956667,0,0.01428075936
966,-1,-1,-1,,1,0.43889,0.337499,0.315246,0.358743,0.381043,0.336332,0.356124,0.304832,0.34471,0.303539,,
966,969,970,0,0.3751835,2,0.3751835,0.322711,0.3371,0.360749,0.382097,0.384132,0.3720715,0.3134135,0.3775265,0.291624,0,0
968,-1,-1,-1,,1,0.372749,0.324707,0.341309,0.37462,0.3699,0.396424,0.371584,0.278334,0.361569,0.285788,,
968,-1,-1,-1,,1,0.377618,0.320715,0.332891,0.346878,0.394294,0.37184,0.372559,0.348493,0.393484,0.29746,,
965,972,983,2,0.3973145,7,0.3613152857,0.3564884286,0.3736362857,0.4055858571,0.3991534286,0.3876901429,0.4190417143,0.315663,0.3778172857,0.3290311429,0.02080725151,0
971,973,978,8,0.366787,6,0.3580796667,0.3447258333,0.3670343333,0.402423,0.3939868333,0.3923891667,0.4226835,0.3185518333,0.3797101667,0.3266961667,0.01610829603,0.01435982581
972,974,977,1,0.3287605,3,0.369023,0.3266823333,0.3742876667,0.4042563333,0.387472,0.3950203333,0.397008,0.3314226667,0.356943,0.3370456667,0.01205072382,0
973,975,976,0,0.375699,2,0.375699,0.3250595,0.374855,0.41438,0.393713,0.373672,0.40512,0.3365785,0.3581615,0.3456905,0,0
974,-1,-1,-1,,1,0.355389,0.327593,0.381381,0.437504,0.402534,0.379441,0.410882,0.322306,0.354566,0.335941,,
974,-1,-1,-1,,1,0.396009,0.322526,0.368329,0.391256,0.384892,0.367903,0.399358,0.350851,0.361757,0.35544,,
973,-1,-1,-1,,1,0.355671,0.329928,0.373153,0.384009,0.37499,0.437717,0.380784,0.321111,0.354506,0.319756,,
972,979,982,2,0.3630835,3,0.3471363333,0.3627693333,0.359781,0.4005896667,0.4005016667,0.389758,0.448359,0.305681,0.4024773333,0.3163466667,0.01085793715,0
978,980,981,0,0.360571,2,0.360571,0.361746,0.3533375,0.402096,0.405767,0.3957545,0.4539195,0.3138995,0.4178075,0.3124025,0,0
979,-1,-1,-1,,1,0.352292,0.370315,0.353176,0.417447,0.384688,0.391418,0.462314,0.302306,0.419212,0.323862,,
979,-1,-1,-1,,1,0.36885,0.353177,0.353499,0.386745,0.426846,0.400091,0.445525,0.325493,0.416403,0.300943,,
978,-1,-1,-1,,1,0.320267,0.364816,0.372668,0.397577,0.389971,0.377765,0.437238,0.289244,0.371817,0.324235,,
971,-1,-1,-1,,1,0.380729,0.427064,0.413248,0.424563,0.430153,0.359496,0.397191,0.29833,0.36646,0.343041,,
932,985,1016,0,0.3465195,41,0.3569209024,0.362152878,0.3705234634,0.3728135366,0.3654602683,0.3648800488,0.3552376098,0.3893019024,0.3804598537,0.3189010244,0.02932173394,0.03220806397
984,986,997,2,0.336797,16,0.3132565625,0.369783625,0.3560925,0.3763691875,0.36630325,0.380047125,0.3493645,0.3860883125,0.3775455,0.3125420625,0.02587349096,0.02514469117
985,987,988,8,0.3484055,6,0.3022078333,0.3587845,0.3125123333,0.3887876667,0.3906321667,0.3737101667,0.3289926667,0.3930073333,0.3737145,0.3001605,0,0.02343024438
986,-1,-1,-1,,1,0.274778,0.365718,0.287713,0.394255,0.335815,0.337911,0.275434,0.361279,0.342731,0.294611,,
986,989,990,4,0.3706295,5,0.3076938,0.3573978,0.3174722,0.3876942,0.4015956,0.38087,0.3397044,0.399353,0.3799112,0.3012704,0,0.02155644371
988,-1,-1,-1,,1,0.343508,0.367873,0.322713,0.379738,0.348978,0.371327,0.351254,0.385371,0.381208,0.350422,,
988,991,994,8,0.381093,4,0.29874025,0.354779,0.316162,0.38968325,0.41475,0.38325575,0.336817,0.4028485,0.379587,0.2889825,0.01703331463,0.01088025142
990,992,993,0,0.313799,2,0.313799,0.3575685,0.3025385,0.397636,0.41216,0.3666325,0.3357395,0.4064265,0.366646,0.248284,0,0
991,-1,-1,-1,,1,0.311522,0.366342,0.2957,0.422732,0.432039,0.361677,0.304271,0.383169,0.379212,0.254097,,
991,-1,-1,-1,,1,0.316076,0.348795,0.309377,0.37254,0.392281,0.371588,0.367208,0.429684,0.35408,0.242471,,
990,995,996,0,0.2836815,2,0.2836815,0.3519895,0.3297855,0.3817305,0.41734,0.399879,0.3378945,0.3992705,0.392528,0.329681,0,0
994,-1,-1,-1,,1,0.273347,0.352416,0.325533,0.391004,0.397187,0.38334,0.335315,0.386619,0.402082,0.32376,,
994,-1,-1,-1,,1,0.294016,0.351563,0.334038,0.372457,0.437493,0.416418,0.340474,0.411922,0.382974,0.335602,,
985,998,999,6,0.331553,10,0.3198858,0.3763831,0.3822406,0.3689181,0.3517059,0.3838493,0.3615876,0.3819369,0.3798441,0.319971,0,0.02349331613
997,-1,-1,-1,,1,0.284557,0.344982,0.380409,0.386219,0.285585,0.412069,0.319669,0.371768,0.426672,0.34089,,
997,1000,1007,5,0.381391,9,0.3238112222,0.3798721111,0.3824441111,0.3669957778,0.3590526667,0.3807137778,0.3662452222,0.3830667778,0.374641,0.3176466667,0.02198526862,0.01691299816
999,1001,1002,5,0.3431415,4,0.324974,0.40302275,0.38355325,0.3709905,0.33531525,0.35674675,0.36755925,0.37004425,0.375129,0.29858025,0,0.01965298053
1000,-1,-1,-1,,1,0.338859,0.384146,0.366182,0.346071,0.292886,0.328074,0.343437,0.37437,0.352162,0.322826,,
1000,1003,1004,2,0.367584,3,0.3203456667,0.409315,0.3893436667,0.379297,0.3494583333,0.3663043333,0.3756,0.3686023333,0.3827846667,0.2904983333,0,0.01534038182
1002,-1,-1,-1,,1,0.295667,0.427667,0.339556,0.396383,0.348356,0.380918,0.359284,0.354083,0.374699,0.279852,,
1002,1005,1006,0,0.332685,2,0.332685,0.400139,0.4142375,0.370754,0.3500095,0.3589975,0.383758,0.375862,0.3868275,0.2958215,0,0
1004,-1,-1,-1,,1,0.318955,0.422281,0.432863,0.342933,0.329263,0.358209,0.390228,0.381356,0.391501,0.290469,,
1004,-1,-1,-1,,1,0.346415,0.377997,0.395612,0.398575,0.370756,0.359786,0.377288,0.370368,0.382154,0.301174,,
999,1008,1013,9,0.337943,5,0.322881,0.3613516,0.3815568,0.3638,0.3780426,0.3998874,0.365194,0.3934848,0.3742506,0.3328998,0.01245473814,0.01035944669
1007,1009,1010,3,0.3476225,3,0.3246966667,0.3625743333,0.3619806667,0.356029,0.378223,0.3950293333,0.3708393333,0.4005686667,0.360379,0.316968,0,0.00876360179
1008,-1,-1,-1,,1,0.296558,0.364495,0.368994,0.343787,0.39524,0.381864,0.36129,0.419568,0.373259,0.318674,,
1008,1011,1012,0,0.338766,2,0.338766,0.361614,0.358474,0.36215,0.3697145,0.401612,0.375614,0.391069,0.353939,0.316115,0,0
1010,-1,-1,-1,,1,0.332539,0.359859,0.360937,0.372842,0.360521,0.383234,0.383231,0.381533,0.352535,0.321822,,
1010,-1,-1,-1,,1,0.344993,0.363369,0.356011,0.351458,0.378908,0.41999,0.367997,0.400605,0.355343,0.310408,,
1007,1014,1015,0,0.3201575,2,0.3201575,0.3595175,0.410921,0.3754565,0.377772,0.4071745,0.356726,0.382859,0.395058,0.3567975,0,0
1013,-1,-1,-1,,1,0.305672,0.35874,0.412209,0.365981,0.378834,0.422352,0.348951,0.364193,0.383946,0.354064,,
1013,-1,-1,-1,,1,0.334643,0.360295,0.409633,0.384932,0.37671,0.391997,0.364501,0.401525,0.40617,0.359531,,
984,1017,1036,4,0.3539125,25,0.38486608,0.3572692,0.37975928,0.37053792,0.36492076,0.35517312,0.3589964,0.3913586,0.38232504,0.32297076,0.03106285433,0.02819377863
1016,1018,1033,6,0.412984,10,0.3936371,0.3682431,0.3962859,0.3646604,0.3223512,0.35073,0.3734575,0.3901064,0.3878287,0.3167209,0.02661221283,0.01843587314
1017,1019,1028,1,0.3773855,8,0.384786,0.36811275,0.408166,0.364881125,0.317804875,0.342489,0.350859125,0.38767425,0.388752625,0.3172765,0.02361293317,0.01689540154
1018,1020,1021,9,0.2927825,5,0.397579,0.3462942,0.392822,0.3658922,0.329931,0.3527882,0.3576996,0.3916162,0.4065536,0.314519,0,0.02109295014
1019,-1,-1,-1,,1,0.399991,0.332261,0.469349,0.379432,0.353128,0.347143,0.370113,0.385611,0.417614,0.283848,,
1019,1022,1027,6,0.3745375,4,0.396976,0.3498025,0.37369025,0.36250725,0.32413175,0.3541995,0.35459625,0.3931175,0.4037885,0.32218675,0.01558387338,0
1021,1023,1026,4,0.3396995,3,0.4022076667,0.3509966667,0.362948,0.3611163333,0.3258943333,0.350513,0.3467446667,0.3724356667,0.3930653333,0.3117606667,0.01189172508,0
1022,1024,1025,0,0.4097585,2,0.4097585,0.355423,0.3674785,0.3644825,0.3144675,0.330242,0.3506165,0.3793785,0.3980475,0.3095375,0,0
1023,-1,-1,-1,,1,0.409579,0.357534,0.37277,0.383173,0.298284,0.340631,0.330309,0.365654,0.397303,0.301717,,
1023,-1,-1,-1,,1,0.409938,0.353312,0.362187,0.345792,0.330651,0.319853,0.370924,0.393103,0.398792,0.317358,,
1022,-1,-1,-1,,1,0.387106,0.342144,0.353887,0.354384,0.348748,0.391055,0.339001,0.35855,0.383101,0.316207,,
1021,-1,-1,-1,,1,0.381281,0.34622,0.405917,0.36668,0.318844,0.365259,0.378151,0.455163,0.435958,0.353465,,
1018,1029,1032,0,0.3718845,3,0.3634643333,0.404477,0.4337393333,0.363196,0.2975946667,0.3253236667,0.3394583333,0.3811043333,0.3590843333,0.3218723333,0.01123629728,0
1028,1030,1031,0,0.352986,2,0.352986,0.408097,0.413493,0.3651615,0.3058855,0.3276065,0.340835,0.3695385,0.3625445,0.3376255,0,0
1029,-1,-1,-1,,1,0.346624,0.402423,0.441638,0.363495,0.299331,0.3299,0.330702,0.372305,0.362021,0.322259,,
1029,-1,-1,-1,,1,0.359348,0.413771,0.385348,0.366828,0.31244,0.325313,0.350968,0.366772,0.363068,0.352992,,
1028,-1,-1,-1,,1,0.384421,0.397237,0.474232,0.359265,0.281013,0.320758,0.336705,0.404236,0.352164,0.290366,,
1017,1034,1035,0,0.4290415,2,0.4290415,0.3687645,0.3487655,0.3637775,0.3405365,0.383694,0.463851,0.399835,0.384133,0.3144985,0,0
1033,-1,-1,-1,,1,0.416299,0.368127,0.362731,0.371849,0.331317,0.345531,0.479885,0.418667,0.41113,0.324187,,
1033,-1,-1,-1,,1,0.441784,0.369402,0.3348,0.355706,0.349756,0.421857,0.447817,0.381003,0.357136,0.30481,,
1016,1037,1056,1,0.361855,15,0.3790187333,0.3499532667,0.3687415333,0.3744562667,0.3933004667,0.3581352,0.3493556667,0.3921934,0.3786559333,0.3271373333,0.0266818299,0.02204429169
1036,1038,1043,3,0.356098,10,0.3798256,0.3276063,0.3600305,0.3824016,0.3868451,0.356071,0.3516459,0.4021913,0.3797858,0.3271484,0.01754216584,0.02550180376
1037,1039,1042,1,0.3435925,3,0.384064,0.3304403333,0.3636533333,0.3483266667,0.3760113333,0.3457053333,0.3655173333,0.3677996667,0.4116696667,0.3314263333,0.01351017355,0
1038,1040,1041,0,0.396807,2,0.396807,0.321974,0.3777365,0.3493495,0.385247,0.3370035,0.3533225,0.362261,0.4133285,0.3438205,0,0
1039,-1,-1,-1,,1,0.390772,0.304136,0.357856,0.343977,0.377948,0.328781,0.351831,0.355295,0.440759,0.354887,,
1039,-1,-1,-1,,1,0.402842,0.339812,0.397617,0.354722,0.392546,0.345226,0.354814,0.369227,0.385898,0.332754,,
1038,-1,-1,-1,,1,0.358578,0.347373,0.335487,0.346281,0.35754,0.363109,0.389907,0.378877,0.408352,0.306638,,
1037,1044,1045,6,0.297222,7,0.3780091429,0.3263917143,0.3584778571,0.3970051429,0.3914881429,0.3605134286,0.345701,0.4169305714,0.3661212857,0.325315,0,0.02413222677
1043,-1,-1,-1,,1,0.374962,0.323005,0.384319,0.395918,0.358185,0.330053,0.267955,0.427327,0.359569,0.337491,,
1043,1046,1047,3,0.3714745,6,0.378517,0.3269561667,0.354171,0.3971863333,0.3970386667,0.3655901667,0.3586586667,0.4151978333,0.3672133333,0.3232856667,0,0.02277968443
1045,-1,-1,-1,,1,0.375633,0.320356,0.372419,0.357474,0.36993,0.381529,0.393471,0.465318,0.389422,0.341418,,
1045,1048,1051,5,0.356845,5,0.3790938,0.3282762,0.3505214,0.4051288,0.4024604,0.3624024,0.3516962,0.4051738,0.3627716,0.3196592,0.01201693054,0.02046961367
1047,1049,1050,0,0.368799,2,0.368799,0.3149065,0.3457085,0.394133,0.4400455,0.3392675,0.364119,0.4206105,0.368867,0.3380925,0,0
1048,-1,-1,-1,,1,0.363095,0.30401,0.329882,0.385475,0.455038,0.349587,0.358589,0.399965,0.369949,0.351438,,
1048,-1,-1,-1,,1,0.374503,0.325803,0.361535,0.402791,0.425053,0.328948,0.369649,0.441256,0.367785,0.324747,,
1047,1052,1053,1,0.3258045,3,0.385957,0.3371893333,0.35373,0.4124593333,0.3774036667,0.3778256667,0.3434143333,0.3948826667,0.358708,0.3073703333,0,0.01682083397
1051,-1,-1,-1,,1,0.367662,0.311152,0.331819,0.392691,0.354697,0.401755,0.326489,0.413025,0.346183,0.336753,,
1051,1054,1055,0,0.3951045,2,0.3951045,0.350208,0.3646855,0.4223435,0.388757,0.365861,0.351877,0.3858115,0.3649705,0.292679,0,0
1053,-1,-1,-1,,1,0.354817,0.359959,0.361181,0.43491,0.366222,0.364103,0.371211,0.385068,0.371527,0.296254,,
1053,-1,-1,-1,,1,0.435392,0.340457,0.36819,0.409777,0.411292,0.367619,0.332543,0.386555,0.358414,0.289104,,
1036,1057,1058,0,0.3597805,5,0.377405,0.3946472,0.3861636,0.3585656,0.4062112,0.3622636,0.3447752,0.3721976,0.3763962,0.3271152,0,0.01783380431
1056,-1,-1,-1,,1,0.355007,0.398705,0.393394,0.363358,0.486543,0.324067,0.354188,0.383679,0.379626,0.30422,,
1056,1059,1064,5,0.389814,4,0.3830045,0.39363275,0.384356,0.3573675,0.38612825,0.37181275,0.342422,0.36932725,0.37558875,0.332839,0.01590649328,0
1058,1060,1061,0,0.3745165,3,0.385476,0.3794806667,0.384279,0.356116,0.388452,0.3643146667,0.3467346667,0.3627146667,0.3823433333,0.3399153333,0,0.01155199171
1059,-1,-1,-1,,1,0.364554,0.363751,0.404948,0.361315,0.415394,0.369429,0.317427,0.351323,0.363781,0.33241,,
1059,1062,1063,0,0.395937,2,0.395937,0.3873455,0.3739445,0.3535165,0.374981,0.3617575,0.3613885,0.3684105,0.3916245,0.343668,0,0
1061,-1,-1,-1,,1,0.384479,0.37739,0.3769,0.353554,0.377823,0.338194,0.340137,0.36082,0.396285,0.342632,,
1061,-1,-1,-1,,1,0.407395,0.397301,0.370989,0.353479,0.372139,0.385321,0.38264,0.376001,0.386964,0.344704,,
1058,-1,-1,-1,,1,0.37559,0.436089,0.384587,0.361122,0.379157,0.394307,0.329484,0.389165,0.355325,0.31161,,
931,1066,1119,2,0.3427475,68,0.3547945735,0.3569842353,0.3550805147,0.3727793824,0.3515158824,0.3679676176,0.3556203676,0.3592481912,0.3767916618,0.3916780588,0.03468864682,0.03373717689
1065,1067,1092,7,0.345714,27,0.350271963,0.3515450741,0.3081244074,0.3792081852,0.3460307037,0.3652897778,0.3607121481,0.3514599259,0.3746542593,0.3919456667,0.03170013055,0.03125912534
1066,1068,1079,1,0.325614,13,0.3310024615,0.3363575385,0.3117900769,0.3668378462,0.3523339231,0.3577303846,0.355298,0.3198163846,0.3560286923,0.3849563846,0.0269823275,0.02728016636
1067,1069,1078,4,0.376333,6,0.305846,0.2940948333,0.3113063333,0.3696245,0.3293223333,0.3643465,0.3555115,0.3303201667,0.3546785,0.3809653333,0.02482899759,0
1068,1070,1077,6,0.4075145,5,0.3202224,0.2878454,0.3078122,0.3649268,0.3181558,0.361977,0.3539046,0.3342804,0.354501,0.380865,0.02297753429,0
1069,1071,1076,5,0.377507,4,0.30977175,0.286612,0.3020885,0.36736125,0.3229375,0.3640065,0.33672325,0.335927,0.3523275,0.38335925,0.01939163375,0
1070,1072,1073,1,0.2691495,3,0.3246566667,0.2795006667,0.3010976667,0.375007,0.3287776667,0.3582233333,0.3181646667,0.338307,0.355677,0.3910646667,0,0.01388273704
1071,-1,-1,-1,,1,0.337927,0.256937,0.280244,0.345671,0.287697,0.350899,0.296463,0.330498,0.367021,0.367224,,
1071,1074,1075,0,0.3180215,2,0.3180215,0.2907825,0.3115245,0.389675,0.349318,0.3618855,0.3290155,0.3422115,0.350005,0.402985,0,0
1073,-1,-1,-1,,1,0.31327,0.300203,0.293379,0.36481,0.367511,0.350113,0.348702,0.339905,0.352346,0.403705,,
1073,-1,-1,-1,,1,0.322773,0.281362,0.32967,0.41454,0.331125,0.373658,0.309329,0.344518,0.347664,0.402265,,
1070,-1,-1,-1,,1,0.265117,0.307946,0.305061,0.344424,0.305417,0.381356,0.392399,0.328787,0.342279,0.360243,,
1069,-1,-1,-1,,1,0.362025,0.292779,0.330707,0.355189,0.299029,0.353859,0.42263,0.327694,0.363195,0.370888,,
1068,-1,-1,-1,,1,0.233964,0.325342,0.328777,0.393113,0.385155,0.376194,0.363546,0.310519,0.355566,0.381467,,
1067,1080,1091,0,0.4012405,7,0.3525651429,0.3725827143,0.3122047143,0.3644492857,0.3720581429,0.3520594286,0.355115,0.3108131429,0.357186,0.3883772857,0.02562984899,0
1079,1081,1090,1,0.421874,6,0.3424726667,0.3778958333,0.3156613333,0.3668651667,0.382619,0.3477273333,0.3572731667,0.306883,0.3556241667,0.3894813333,0.02305016295,0
1080,1082,1083,7,0.2734135,5,0.3378486,0.3646282,0.3108094,0.3653632,0.386994,0.348276,0.3693566,0.3009974,0.35632,0.3915972,0,0.02074734544
1081,-1,-1,-1,,1,0.329572,0.364353,0.337662,0.355852,0.429605,0.37114,0.38992,0.256813,0.391031,0.365532,,
1081,1084,1085,1,0.342962,4,0.33991775,0.364697,0.30409625,0.367741,0.37634125,0.34256,0.36421575,0.3120435,0.34764225,0.3981135,0,0.01832901251
1083,-1,-1,-1,,1,0.345413,0.325886,0.334735,0.355001,0.381143,0.32097,0.348722,0.325525,0.354972,0.439975,,
1083,1086,1089,5,0.353265,3,0.338086,0.377634,0.2938833333,0.3719876667,0.3747406667,0.3497566667,0.3693803333,0.3075496667,0.345199,0.3841596667,0.01405871227,0
1085,1087,1088,0,0.3124485,2,0.3124485,0.386432,0.294585,0.373671,0.363316,0.346569,0.3614265,0.3163175,0.3437575,0.3843215,0,0
1086,-1,-1,-1,,1,0.301229,0.37335,0.300113,0.402224,0.354681,0.350398,0.354549,0.291104,0.344396,0.376513,,
1086,-1,-1,-1,,1,0.323668,0.399514,0.289057,0.345118,0.371951,0.34274,0.368304,0.341531,0.343119,0.39213,,
1085,-1,-1,-1,,1,0.389361,0.360038,0.29248,0.368621,0.39759,0.356132,0.385288,0.290014,0.348082,0.383836,,
1080,-1,-1,-1,,1,0.365593,0.444234,0.339921,0.374375,0.360744,0.344984,0.296856,0.336311,0.352145,0.378902,,
1079,-1,-1,-1,,1,0.41312,0.340704,0.291465,0.349954,0.308693,0.378052,0.342166,0.334394,0.366557,0.381753,,
1066,1093,1094,4,0.250791,14,0.3681650714,0.3656477857,0.3047205714,0.3906949286,0.3401777143,0.3723092143,0.3657395714,0.3808432143,0.3919494286,0.3984357143,0,0.02948705236
1092,-1,-1,-1,,1,0.407641,0.424332,0.322549,0.388302,0.220794,0.397935,0.388357,0.372763,0.371579,0.369433,,
1092,1095,1108,9,0.398304,13,0.3651284615,0.3611336154,0.3033491538,0.390879,0.3493610769,0.370338,0.3639997692,0.3814647692,0.3935163846,0.4006666923,0.02316341179,0.02792118497
1094,1096,1103,0,0.3843775,7,0.3704214286,0.3731934286,0.3111117143,0.3717742857,0.3507617143,0.3717792857,0.3425328571,0.3778387143,0.3856518571,0.3732128571,0.01717706735,0.01888302462
1095,1097,1098,2,0.309815,4,0.34692675,0.363403,0.3245435,0.358686,0.35726325,0.37134825,0.35746075,0.37122225,0.36860125,0.3769665,0,0.01485977918
1096,-1,-1,-1,,1,0.324485,0.377084,0.303849,0.384496,0.348454,0.363994,0.357056,0.347,0.403031,0.363036,,
1096,1099,1100,5,0.370954,3,0.3544073333,0.3588426667,0.3314416667,0.3500826667,0.3601996667,0.3737996667,0.3575956667,0.3792963333,0.3571246667,0.38161,0,0.01026543282
1098,-1,-1,-1,,1,0.337437,0.336689,0.342339,0.344031,0.403887,0.368784,0.348064,0.383413,0.361867,0.385219,,
1098,1101,1102,0,0.3628925,2,0.3628925,0.3699195,0.325993,0.3531085,0.338356,0.3763075,0.3623615,0.377238,0.3547535,0.3798055,0,0
1100,-1,-1,-1,,1,0.354029,0.359968,0.336205,0.350381,0.331601,0.379491,0.34685,0.361544,0.355809,0.394661,,
1100,-1,-1,-1,,1,0.371756,0.379871,0.315781,0.355836,0.345111,0.373124,0.377873,0.392932,0.353698,0.36495,,
1095,1104,1107,1,0.3884365,3,0.4017476667,0.3862473333,0.2932026667,0.3892253333,0.342093,0.372354,0.322629,0.3866606667,0.408386,0.368208,0.01101866587,0
1103,1105,1106,0,0.403229,2,0.403229,0.382973,0.275082,0.397833,0.351029,0.373598,0.321405,0.3570965,0.4106525,0.369044,0,0
1104,-1,-1,-1,,1,0.396999,0.381869,0.250163,0.398595,0.336276,0.384643,0.312892,0.34691,0.413676,0.363798,,
1104,-1,-1,-1,,1,0.409459,0.384077,0.300001,0.397071,0.365782,0.362553,0.329918,0.367283,0.407629,0.37429,,
1103,-1,-1,-1,,1,0.398785,0.392796,0.329444,0.37201,0.324221,0.369866,0.325077,0.445789,0.403853,0.366536,,
1094,1109,1118,3,0.4423485,6,0.3589533333,0.3470638333,0.2942928333,0.4131678333,0.347727,0.3686565,0.3890445,0.3856951667,0.4026916667,0.4326961667,0.02553594299,0
1108,1110,1117,5,0.407402,5,0.353157,0.3416578,0.2971642,0.4069422,0.33501,0.3682318,0.38959,0.3874586,0.3986814,0.4192366,0.02363284431,0
1109,1111,1116,3,0.4311345,4,0.354924,0.3429405,0.298562,0.412822,0.3485655,0.3547715,0.39183,0.37857,0.3968425,0.41481425,0.02112960008,0
1110,1112,1115,1,0.3599285,3,0.365941,0.3461496667,0.2900076667,0.403629,0.3441693333,0.3421183333,0.3868833333,0.3747166667,0.4103236667,0.4073506667,0.01692546663,0
1111,1113,1114,0,0.374529,2,0.374529,0.3197275,0.3040505,0.3945095,0.3416125,0.340291,0.390924,0.386684,0.4169955,0.4040025,0,0
1112,-1,-1,-1,,1,0.353797,0.320863,0.302145,0.396895,0.328289,0.341274,0.366417,0.38175,0.457203,0.406058,,
1112,-1,-1,-1,,1,0.395261,0.318592,0.305956,0.392124,0.354936,0.339308,0.415431,0.391618,0.376788,0.401947,,
1111,-1,-1,-1,,1,0.348765,0.398994,0.261922,0.421868,0.349283,0.345773,0.378802,0.350782,0.39698,0.414047,,
1110,-1,-1,-1,,1,0.321873,0.333313,0.324225,0.440401,0.361754,0.392731,0.40667,0.39013,0.356399,0.437205,,
1109,-1,-1,-1,,1,0.346089,0.336527,0.291573,0.383423,0.280788,0.422073,0.38063,0.423013,0.406037,0.436926,,
1108,-1,-1,-1,,1,0.387935,0.374094,0.279936,0.444296,0.411312,0.37078,0.386317,0.376878,0.422743,0.499994,,
1065,1120,1167,7,0.367151,41,0.357772878,0.360566122,0.3860028293,0.3685457805,0.3551280732,0.3697310732,0.3522672439,0.3643770488,0.3781992195,0.3915018293,0.03139042596,0.03117541789
1119,1121,1162,0,0.3776435,24,0.3486769583,0.3572384167,0.3838849167,0.3726688333,0.3457340417,0.3641803333,0.3547624167,0.335066875,0.3734767083,0.3918838333,0.02924983601,0.02378761213
1120,1122,1145,6,0.3623055,21,0.3391349048,0.362557,0.38629,0.3726818571,0.3504784286,0.3576731905,0.3508340952,0.3349595714,0.3715839524,0.386576381,0.02690183596,0.02638384069
1121,1123,1124,6,0.2869185,12,0.3380785,0.3704973333,0.3854189167,0.3732351667,0.3425010833,0.3467923333,0.3236170833,0.3307659167,0.3779975,0.3921265,0,0.02530526514
1122,-1,-1,-1,,1,0.371016,0.385828,0.376191,0.349435,0.378277,0.323173,0.280942,0.339951,0.470035,0.362921,,
1122,1125,1126,3,0.3464375,11,0.3350841818,0.3691036364,0.3862578182,0.3753988182,0.3392487273,0.3489395455,0.3274966364,0.3299309091,0.3696304545,0.3947815455,0,0.02390560327
1124,-1,-1,-1,,1,0.370921,0.396419,0.393046,0.34453,0.314518,0.311152,0.357931,0.332183,0.436352,0.435169,,
1124,1127,1144,4,0.3743055,10,0.3315005,0.3663721,0.385579,0.3784857,0.3417218,0.3527183,0.3244532,0.3297057,0.3629583,0.3907428,0.02223139989,0
1126,1128,1141,5,0.377724,9,0.3349523333,0.3663665556,0.3762694444,0.3818346667,0.3377503333,0.3516407778,0.3223795556,0.3286552222,0.3629327778,0.3878095556,0.02013341379,0.01337700825
1127,1129,1130,2,0.3650765,7,0.3420258571,0.3589511429,0.3803625714,0.388424,0.3353984286,0.338081,0.318695,0.3241157143,0.3604645714,0.389491,0,0.01919655761
1128,-1,-1,-1,,1,0.315796,0.390037,0.364182,0.369749,0.326074,0.334587,0.303286,0.288458,0.392374,0.367622,,
1128,1131,1132,5,0.3186765,6,0.3463975,0.3537701667,0.3830593333,0.3915365,0.3369525,0.3386633333,0.3212631667,0.3300586667,0.3551463333,0.3931358333,0,0.01806483617
1130,-1,-1,-1,,1,0.359807,0.371036,0.384052,0.382704,0.360407,0.314888,0.36047,0.303657,0.362852,0.363775,,
1130,1133,1134,3,0.3720595,5,0.3437156,0.350317,0.3828608,0.393303,0.3322616,0.3434184,0.3134218,0.335339,0.3536052,0.399008,0,0.0168802317
1132,-1,-1,-1,,1,0.360856,0.359387,0.365971,0.359802,0.323579,0.346589,0.336725,0.313097,0.3606,0.430307,,
1132,1135,1140,7,0.354875,4,0.3394305,0.3480495,0.38708325,0.40167825,0.33443225,0.34262575,0.307596,0.3408995,0.3518565,0.39118325,0.0146072283,0
1134,1136,1139,6,0.3202975,3,0.337717,0.346102,0.3842906667,0.4074653333,0.3221943333,0.337672,0.3124963333,0.3350863333,0.348768,0.3799266667,0.01048979297,0
1135,1137,1138,0,0.342422,2,0.342422,0.3635675,0.3781115,0.4074295,0.3302515,0.3278285,0.306037,0.326924,0.340734,0.3798895,0,0
1136,-1,-1,-1,,1,0.332047,0.35571,0.371024,0.413123,0.35678,0.322465,0.31518,0.330005,0.341508,0.384592,,
1136,-1,-1,-1,,1,0.352797,0.371425,0.385199,0.401736,0.303723,0.333192,0.296894,0.323843,0.33996,0.375187,,
1135,-1,-1,-1,,1,0.328307,0.311171,0.396649,0.407537,0.30608,0.357359,0.325415,0.351411,0.364836,0.380001,,
1134,-1,-1,-1,,1,0.344571,0.353892,0.395461,0.384317,0.371146,0.357487,0.292895,0.358339,0.361122,0.424953,,
1127,1142,1143,0,0.310195,2,0.310195,0.3923205,0.3619435,0.358772,0.345982,0.3991,0.3352755,0.3445435,0.3715715,0.3819245,0,0
1141,-1,-1,-1,,1,0.281603,0.365914,0.370448,0.364379,0.346773,0.400239,0.333632,0.337017,0.3774,0.390621,,
1141,-1,-1,-1,,1,0.338787,0.418727,0.353439,0.353165,0.345191,0.397961,0.336919,0.35207,0.365743,0.373228,,
1126,-1,-1,-1,,1,0.300434,0.366422,0.469365,0.348345,0.377465,0.362416,0.343116,0.33916,0.363188,0.417142,,
1121,1146,1159,1,0.3793115,9,0.3405434444,0.3519698889,0.3874514444,0.3719441111,0.3611148889,0.372181,0.3871234444,0.3405511111,0.3630325556,0.3791762222,0.02367136786,0.007861942513
1145,1147,1158,1,0.376504,7,0.3387905714,0.3425108571,0.3848582857,0.3744595714,0.3825035714,0.362282,0.3913467143,0.3358415714,0.364333,0.3778815714,0.02237623066,0
1146,1148,1157,8,0.386956,6,0.3357286667,0.3365303333,0.37497,0.374145,0.3884665,0.3669138333,0.3874515,0.3375328333,0.3638261667,0.3784205,0.0212187195,0
1147,1149,1152,0,0.332282,5,0.3427232,0.3397154,0.3792582,0.3729052,0.3905138,0.362552,0.3892894,0.3359412,0.3532098,0.3729276,0.01151046653,0.01787238552
1148,1150,1151,0,0.317331,2,0.317331,0.3133975,0.3986235,0.3557645,0.392263,0.3670895,0.38703,0.303715,0.3561665,0.374164,0,0
1149,-1,-1,-1,,1,0.305327,0.323837,0.370664,0.357361,0.386683,0.359258,0.37925,0.307938,0.357004,0.384935,,
1149,-1,-1,-1,,1,0.329335,0.302958,0.426583,0.354168,0.397843,0.374921,0.39481,0.299492,0.355329,0.363393,,
1148,1153,1154,3,0.3690005,3,0.3596513333,0.3572606667,0.366348,0.3843323333,0.3893476667,0.359527,0.3907956667,0.3574253333,0.3512386667,0.3721033333,0,0.01344558657
1152,-1,-1,-1,,1,0.367171,0.374461,0.36431,0.359647,0.385576,0.411297,0.375805,0.355136,0.345436,0.364749,,
1152,1155,1156,0,0.3558915,2,0.3558915,0.3486605,0.367367,0.396675,0.3912335,0.333642,0.398291,0.35857,0.35414,0.3757805,0,0
1154,-1,-1,-1,,1,0.335229,0.322707,0.366662,0.414996,0.390797,0.3453,0.409924,0.35593,0.352131,0.366361,,
1154,-1,-1,-1,,1,0.376554,0.374614,0.368072,0.378354,0.39167,0.321984,0.386658,0.36121,0.356149,0.3852,,
1147,-1,-1,-1,,1,0.300756,0.320605,0.353529,0.380344,0.37823,0.388723,0.378262,0.345491,0.416908,0.405885,,
1146,-1,-1,-1,,1,0.357162,0.378394,0.444188,0.376347,0.346726,0.334491,0.414718,0.325694,0.367374,0.374648,,
1145,1160,1161,0,0.3466785,2,0.3466785,0.3850765,0.3965275,0.36314,0.2862545,0.4068275,0.372342,0.3570345,0.358481,0.3837075,0,0
1159,-1,-1,-1,,1,0.334311,0.380229,0.393729,0.376769,0.294452,0.411208,0.364141,0.365241,0.356478,0.378905,,
1159,-1,-1,-1,,1,0.359046,0.389924,0.399326,0.349511,0.278057,0.402447,0.380543,0.348828,0.360484,0.38851,,
1120,1163,1164,9,0.4119255,3,0.4154713333,0.3200083333,0.3670493333,0.3725776667,0.3125233333,0.4097303333,0.3822606667,0.335818,0.386726,0.429036,0,0.01415370944
1162,-1,-1,-1,,1,0.423274,0.33793,0.366414,0.350631,0.336829,0.418616,0.451261,0.34334,0.412418,0.388608,,
1162,1165,1166,0,0.41157,2,0.41157,0.3110475,0.367367,0.383551,0.3003705,0.4052875,0.3477605,0.332057,0.37388,0.44925,0,0
1164,-1,-1,-1,,1,0.378733,0.323918,0.36637,0.398192,0.299748,0.419427,0.343959,0.324063,0.365565,0.435243,,
1164,-1,-1,-1,,1,0.444407,0.298177,0.368364,0.36891,0.300993,0.391148,0.351562,0.340051,0.382195,0.463257,,
1119,1168,1177,0,0.3477025,17,0.3706141765,0.3652640588,0.3889928235,0.362725,0.3683902353,0.3775674118,0.3487446471,0.4057561176,0.3848662941,0.3909625294,0.02665870313,0.02847289131
1167,1169,1176,6,0.370123,5,0.3159662,0.3592482,0.3726392,0.3605698,0.4031484,0.3806788,0.3525066,0.4104406,0.3899668,0.3914566,0.02057123987,0
1168,1170,1171,9,0.3812065,4,0.31467325,0.334231,0.364772,0.35669525,0.401702,0.39270125,0.3472725,0.41471375,0.3860685,0.387162,0,0.0175972125
1169,-1,-1,-1,,1,0.323746,0.348466,0.348161,0.346525,0.457907,0.368398,0.335343,0.418228,0.416578,0.372048,,
1169,1172,1175,2,0.3838855,3,0.311649,0.329486,0.370309,0.3600853333,0.382967,0.4008023333,0.351249,0.4135423333,0.3758986667,0.3922,0.01287973826,0
1171,1173,1174,0,0.3112355,2,0.3112355,0.3372735,0.3489185,0.364703,0.3802945,0.3972175,0.343472,0.421386,0.358212,0.3931175,0,0
1172,-1,-1,-1,,1,0.309158,0.368974,0.354681,0.362568,0.37788,0.379535,0.359256,0.420527,0.364668,0.394467,,
1172,-1,-1,-1,,1,0.313313,0.305573,0.343156,0.366838,0.382709,0.4149,0.327688,0.422245,0.351756,0.391768,,
1171,-1,-1,-1,,1,0.312476,0.313911,0.41309,0.35085,0.388312,0.407972,0.366803,0.397855,0.411272,0.390365,,
1168,-1,-1,-1,,1,0.321138,0.459317,0.404108,0.376068,0.408934,0.332589,0.373443,0.393348,0.40556,0.408635,,
1167,1178,1195,4,0.379557,12,0.3933841667,0.3677706667,0.3958068333,0.363623,0.3539076667,0.376271,0.3471771667,0.40380425,0.3827410833,0.3907566667,0.02725547564,0.01726147266
1177,1179,1188,6,0.350051,9,0.3929833333,0.3569686667,0.3991206667,0.3654384444,0.3376041111,0.3657754444,0.3483266667,0.410278,0.3887675556,0.3875523333,0.02383186176,0.0216684329
1178,1180,1187,7,0.437034,5,0.4023246,0.347592,0.3772268,0.3652364,0.3413282,0.3746748,0.3184064,0.4190854,0.3940428,0.3885382,0.02053786904,0
1179,1181,1182,2,0.359894,4,0.403354,0.34156025,0.382405,0.35586025,0.34137325,0.36820075,0.31626925,0.413497,0.4041605,0.3729165,0,0.01696210786
1180,-1,-1,-1,,1,0.380698,0.308684,0.348399,0.362296,0.309943,0.351952,0.284739,0.395335,0.376183,0.367442,,
1180,1183,1184,1,0.3453415,3,0.410906,0.352519,0.3937403333,0.353715,0.35185,0.373617,0.3267793333,0.419551,0.4134863333,0.3747413333,0,0.01191252699
1182,-1,-1,-1,,1,0.419757,0.343762,0.41548,0.350946,0.327338,0.407027,0.341662,0.432629,0.437053,0.398445,,
1182,1185,1186,0,0.4064805,2,0.4064805,0.3568975,0.3828705,0.3550995,0.364106,0.356912,0.319338,0.413012,0.401703,0.3628895,0,0
1184,-1,-1,-1,,1,0.385858,0.346921,0.371389,0.357639,0.358447,0.37753,0.304044,0.408265,0.4078,0.365181,,
1184,-1,-1,-1,,1,0.427103,0.366874,0.394352,0.35256,0.369765,0.336294,0.334632,0.417759,0.395606,0.360598,,
1179,-1,-1,-1,,1,0.398207,0.371719,0.356514,0.402741,0.341148,0.400571,0.326955,0.441439,0.353572,0.451025,,
1178,1189,1194,3,0.373314,4,0.38130675,0.3686895,0.426488,0.365691,0.332949,0.35465125,0.385727,0.39926875,0.3821735,0.38632,0.01858748523,0
1188,1190,1191,2,0.429127,3,0.377197,0.374238,0.433546,0.3623866667,0.3289793333,0.3672566667,0.3789456667,0.406001,0.3643553333,0.3893976667,0,0.01570295601
1189,-1,-1,-1,,1,0.374513,0.372571,0.417381,0.363368,0.329816,0.403251,0.393949,0.444781,0.382325,0.388102,,
1189,1192,1193,0,0.378539,2,0.378539,0.3750715,0.4416285,0.361896,0.328561,0.3492595,0.371444,0.386611,0.3553705,0.3900455,0,0
1191,-1,-1,-1,,1,0.371659,0.401253,0.442384,0.371024,0.35941,0.348674,0.35844,0.382554,0.367751,0.408974,,
1191,-1,-1,-1,,1,0.385419,0.34889,0.440873,0.352768,0.297712,0.349845,0.384448,0.390668,0.34299,0.371117,,
1188,-1,-1,-1,,1,0.393636,0.352044,0.405314,0.375604,0.344858,0.316835,0.406071,0.379072,0.435628,0.377087,,
1177,1196,1199,3,0.3605395,3,0.3945866667,0.4001766667,0.3858653333,0.3581766667,0.4028183333,0.4077576667,0.3437286667,0.384383,0.3646616667,0.4003696667,0.01328378849,0
1195,1197,1198,0,0.4010325,2,0.4010325,0.378606,0.4007225,0.355095,0.397856,0.413519,0.3410385,0.386866,0.371614,0.393664,0,0
1196,-1,-1,-1,,1,0.394563,0.38288,0.39279,0.353451,0.389349,0.405996,0.366226,0.404671,0.393583,0.402371,,
1196,-1,-1,-1,,1,0.407502,0.374332,0.408655,0.356739,0.406363,0.421042,0.315851,0.369061,0.349645,0.384957,,
1195,-1,-1,-1,,1,0.381695,0.443318,0.356151,0.36434,0.412743,0.396235,0.349109,0.379417,0.350757,0.413781,,
0,1201,1600,4,0.5312855,400,0.47565914,0.4726553075,0.473825245,0.479921205,0.478662325,0.82250261,0.8025314425,0.80770059,0.806096255,0.8103442675,0.08940594781,0.09102427607
1200,1202,1241,6,0.7976805,200,0.164068185,0.1646482,0.159817805,0.167990965,0.15932758,0.84205652,0.827626515,0.826769745,0.82983758,0.832946705,0.211714236,0.03045793839
1201,1203,1226,7,0.8354335,20,0.293349,0.29302005,0.2479681,0.3092735,0.24619795,0.72840135,0.60010215,0.6046844,0.6536886,0.66755765,0.2076511281,0.02557757569
1202,1204,1215,5,0.500405,12,0.389362,0.3948113333,0.31651575,0.4127680833,0.3098488333,0.64090025,0.4776725,0.42909375,0.5227755833,0.54532075,0.03561834281,0.2440763152
1203,1205,1206,2,0.3716515,6,0.3903786667,0.3654581667,0.4023178333,0.3650061667,0.3458291667,0.4613365,0.3581783333,0.3555996667,0.379978,0.3382811667,0,0.02739517457
1204,-1,-1,-1,,1,0.400104,0.420543,0.365699,0.340413,0.288864,0.447554,0.287569,0.366569,0.244027,0.346301,,
1204,1207,1208,6,0.325847,5,0.3884336,0.3544412,0.4096416,0.3699248,0.3572222,0.464093,0.3723002,0.3534058,0.4071682,0.3366772,0,0.02282800494
1206,-1,-1,-1,,1,0.406482,0.372172,0.405677,0.365495,0.299935,0.449274,0.28604,0.35924,0.427121,0.372652,,
1206,1209,1214,0,0.401399,4,0.3839215,0.3500085,0.41063275,0.37103225,0.371544,0.46779775,0.39386525,0.35194725,0.40218,0.3276835,0.02054898118,0
1208,1210,1213,1,0.3495995,3,0.373836,0.3352646667,0.4065633333,0.3597456667,0.3662586667,0.4604003333,0.389612,0.3421326667,0.4054946667,0.3244736667,0.01644674253,0
1209,1211,1212,0,0.3881075,2,0.3881075,0.315265,0.40073,0.360835,0.376936,0.4648445,0.381176,0.352213,0.413754,0.3384745,0,0
1210,-1,-1,-1,,1,0.387595,0.306595,0.423856,0.385934,0.362222,0.470122,0.365654,0.328536,0.434187,0.33731,,
1210,-1,-1,-1,,1,0.38862,0.323935,0.377604,0.335736,0.39165,0.459567,0.396698,0.37589,0.393321,0.339639,,
1209,-1,-1,-1,,1,0.345293,0.375264,0.41823,0.357567,0.344904,0.451512,0.406484,0.321972,0.388976,0.296472,,
1208,-1,-1,-1,,1,0.414178,0.39424,0.422841,0.404892,0.3874,0.48999,0.406625,0.381391,0.392236,0.337313,,
1203,1216,1219,4,0.1379935,6,0.3883453333,0.4241645,0.2307136667,0.46053,0.2738685,0.820464,0.5971666667,0.5025878333,0.6655731667,0.7523603333,0.01396564518,0.2419557902
1215,1217,1218,0,0.166962,2,0.166962,0.146978,0.156965,0.1791315,0.1001435,0.854382,0.781553,0.8202725,0.8353025,0.816149,0,0
1216,-1,-1,-1,,1,0.164973,0.149418,0.181987,0.166916,0.082917,0.860736,0.781896,0.834971,0.85201,0.797908,,
1216,-1,-1,-1,,1,0.168951,0.144538,0.131943,0.191347,0.11737,0.848028,0.78121,0.805574,0.818595,0.83439,,
1215,1220,1221,1,0.285043,4,0.499037,0.56275775,0.267588,0.60122925,0.360731,0.803505,0.5049735,0.3437455,0.5807085,0.720466,0,0.1971131474
1219,-1,-1,-1,,1,0.841854,0.044223,0.255434,0.081235,0.309961,0.51082,0.344817,0.341043,0.911208,0.675752,,
1219,1222,1223,2,0.1374055,3,0.3847646667,0.7356026667,0.2716393333,0.7745606667,0.3776543333,0.9010666667,0.558359,0.3446463333,0.470542,0.7353706667,0,0.1346941323
1221,-1,-1,-1,,1,0.027714,0.790272,0.098697,0.797493,0.46784,0.985437,0.23495,0.809269,0.377912,0.562272,,
1221,1224,1225,0,0.56329,2,0.56329,0.708268,0.3581105,0.7630945,0.3325615,0.8588815,0.7200635,0.112335,0.516857,0.82192,0,0
1223,-1,-1,-1,,1,0.504248,0.890673,0.540107,0.573065,0.506506,0.845817,0.642837,0.168243,0.660138,0.945965,,
1223,-1,-1,-1,,1,0.622332,0.525863,0.176114,0.953124,0.158617,0.871946,0.79729,0.056427,0.373576,0.697875,,
1202,1227,1238,9,0.869123,8,0.1493295,0.140333125,0.145146625,0.154031625,0.150721625,0.859653,0.783746625,0.868070375,0.850058125,0.850913,0.02349674691,0.01015774173
1226,1228,1229,8,0.8151325,6,0.1338798333,0.1424486667,0.146222,0.1537783333,0.1494568333,0.871621,0.7828598333,0.8580191667,0.8435578333,0.8374521667,0,0.02166004036
1227,-1,-1,-1,,1,0.13466,0.078522,0.123998,0.145852,0.191461,0.854786,0.782098,0.835896,0.814001,0.836319,,
1227,1230,1231,1,0.1287355,5,0.1337238,0.155234,0.1506668,0.1553636,0.141056,0.874988,0.7830122,0.8624438,0.8494692,0.8376788,0,0.02051669592
1229,-1,-1,-1,,1,0.118156,0.119629,0.139872,0.202669,0.122735,0.845758,0.795157,0.853395,0.850518,0.834295,,
1229,1232,1233,0,0.1120755,4,0.13761575,0.16413525,0.1533655,0.14353725,0.14563625,0.8822955,0.779976,0.864706,0.849207,0.83852475,0,0.01893334739
1231,-1,-1,-1,,1,0.092131,0.150722,0.169951,0.135263,0.144132,0.90654,0.794909,0.839773,0.859098,0.859443,,
1231,1234,1237,1,0.1839885,3,0.1527773333,0.1686063333,0.147837,0.1462953333,0.1461376667,0.874214,0.7749983333,0.873017,0.84591,0.831552,0.01501119739,0
1233,1235,1236,0,0.163156,2,0.163156,0.1476425,0.144879,0.1485005,0.1439175,0.872583,0.780433,0.8807825,0.860733,0.818774,0,0
1234,-1,-1,-1,,1,0.161324,0.137842,0.135563,0.180081,0.139199,0.901606,0.779844,0.872411,0.871648,0.814815,,
1234,-1,-1,-1,,1,0.164988,0.157443,0.154195,0.11692,0.148636,0.84356,0.781022,0.889154,0.849818,0.822733,,
1233,-1,-1,-1,,1,0.13202,0.210534,0.153753,0.141885,0.150578,0.877476,0.764129,0.857486,0.816264,0.857108,,
1226,1239,1240,0,0.1956785,2,0.1956785,0.1339865,0.1419205,0.1547915,0.154516,0.823749,0.786407,0.898224,0.869559,0.8912955,0,0
1238,-1,-1,-1,,1,0.188192,0.150802,0.147871,0.141665,0.152699,0.821473,0.797161,0.885007,0.875072,0.878803,,
1238,-1,-1,-1,,1,0.203165,0.117171,0.13597,0.167918,0.156333,0.826025,0.775653,0.911441,0.864046,0.903788,,
1201,1242,1421,9,0.848927,180,0.14970365,0.1503846611,0.1500233278,0.1522929056,0.1496753167,0.8546848722,0.852907,0.8514458944,0.8494096889,0.8513232667,0.02901697608,0.02940875893
1241,1243,1332,0,0.151852,90,0.1506871778,0.1528270667,0.1537724333,0.1521704111,0.1499016,0.8541296889,0.8594754556,0.8466974889,0.8463825,0.8259000222,0.02687831749,0.02812274293
1242,1244,1287,3,0.1531135,45,0.1266825556,0.1505718667,0.1558077111,0.1606773111,0.1422390222,0.8583938444,0.8656010667,0.8524440889,0.8405970667,0.8297016667,0.02498793737,0.02529823526
1243,1245,1274,5,0.87739,22,0.1268315455,0.1515135455,0.1529325455,0.1316067273,0.1389225455,0.8630579545,0.8673256818,0.8465996818,0.8384977727,0.8260832273,0.02322122384,0.02250851136
1244,1246,1257,2,0.141563,15,0.1305220667,0.1474673333,0.1503479333,0.1288546667,0.1287175333,0.847712,0.8728863333,0.8448648,0.8333608,0.8247959333,0.01922047643,0.0208612133
1245,1247,1248,5,0.8389455,6,0.1320948333,0.1239963333,0.1170101667,0.1262041667,0.1435985,0.8521046667,0.8740943333,0.8421221667,0.8309166667,0.8300513333,0,0.01658493879
1246,-1,-1,-1,,1,0.121598,0.145404,0.137118,0.09942,0.174419,0.83169,0.926476,0.875741,0.83698,0.823508,,
1246,1249,1250,8,0.8062425,5,0.1341942,0.1197148,0.1129886,0.131561,0.1374344,0.8561876,0.863618,0.8353984,0.829704,0.83136,0,0.01445464885
1248,-1,-1,-1,,1,0.146517,0.118191,0.125779,0.122624,0.134038,0.852551,0.823926,0.851623,0.784436,0.833839,,
1248,1251,1252,5,0.847936,4,0.1311135,0.12009575,0.109791,0.13379525,0.1382835,0.85709675,0.873541,0.83134225,0.841021,0.83074025,0,0.01321690965
1250,-1,-1,-1,,1,0.139892,0.080819,0.109452,0.121363,0.128149,0.846201,0.859065,0.840569,0.847882,0.830479,,
1250,1253,1254,1,0.124841,3,0.1281873333,0.133188,0.109904,0.1379393333,0.1416616667,0.8607286667,0.8783663333,0.8282666667,0.838734,0.8308273333,0,0.01076800628
1252,-1,-1,-1,,1,0.130575,0.124298,0.129343,0.143219,0.165155,0.849671,0.902764,0.836201,0.84492,0.840132,,
1252,1255,1256,0,0.1269935,2,0.1269935,0.137633,0.1001845,0.1352995,0.129915,0.8662575,0.8661675,0.8242995,0.835641,0.826175,0,0
1254,-1,-1,-1,,1,0.121413,0.125384,0.101219,0.129703,0.143318,0.876941,0.855494,0.815131,0.828049,0.806262,,
1254,-1,-1,-1,,1,0.132574,0.149882,0.09915,0.140896,0.116512,0.855574,0.876841,0.833468,0.843233,0.846088,,
1245,1258,1273,7,0.8764925,9,0.1294735556,0.1631146667,0.1725731111,0.1306216667,0.1187968889,0.8447835556,0.872081,0.8466932222,0.8349902222,0.8212923333,0.01965891016,0
1257,1259,1260,9,0.7987885,8,0.133876,0.170251625,0.1708405,0.1299345,0.11811575,0.842088,0.870366375,0.842603625,0.83586725,0.8248445,0,0.01833749579
1258,-1,-1,-1,,1,0.123078,0.165004,0.163808,0.118078,0.08372,0.864542,0.848784,0.796485,0.835712,0.781917,,
1258,1261,1262,8,0.7982305,7,0.1354185714,0.1710012857,0.1718451429,0.1316282857,0.1230294286,0.8388802857,0.8734495714,0.849192,0.8358894286,0.830977,0,0.01706093246
1260,-1,-1,-1,,1,0.110183,0.207879,0.178568,0.121025,0.10854,0.848937,0.904151,0.834695,0.796274,0.83529,,
1260,1263,1264,1,0.141554,6,0.1396245,0.164855,0.1707246667,0.1333955,0.1254443333,0.8372041667,0.8683326667,0.8516081667,0.842492,0.8302581667,0,0.01563480113
1262,-1,-1,-1,,1,0.133854,0.122101,0.17856,0.131257,0.100865,0.855214,0.872139,0.832503,0.87055,0.848861,,
1262,1265,1266,1,0.1643425,5,0.1407786,0.1734058,0.1691576,0.1338232,0.1303602,0.8336022,0.8675714,0.8554292,0.8368804,0.8265376,0,0.01332859298
1264,-1,-1,-1,,1,0.145337,0.161007,0.185156,0.128221,0.175907,0.829852,0.856938,0.842161,0.867989,0.843442,,
1264,1267,1268,8,0.8113005,4,0.139639,0.1765055,0.165158,0.13522375,0.1189735,0.83453975,0.87022975,0.85874625,0.82910325,0.8223115,0,0.009730821451
1266,-1,-1,-1,,1,0.130301,0.173205,0.199471,0.124761,0.119964,0.860317,0.869524,0.873575,0.800187,0.831909,,
1266,1269,1272,3,0.144225,3,0.1427516667,0.1776056667,0.1537203333,0.1387113333,0.1186433333,0.8259473333,0.870465,0.8538033333,0.838742,0.8191123333,0.006647171451,0
1268,1270,1271,0,0.14348,2,0.14348,0.1791915,0.149666,0.133022,0.1347775,0.827501,0.869738,0.8549665,0.836149,0.8208385,0,0
1269,-1,-1,-1,,1,0.14212,0.167678,0.146008,0.13836,0.136002,0.825674,0.865908,0.861654,0.849884,0.8244,,
1269,-1,-1,-1,,1,0.14484,0.190705,0.153324,0.127684,0.133553,0.829328,0.873568,0.848279,0.822414,0.817277,,
1268,-1,-1,-1,,1,0.141295,0.174434,0.161829,0.15009,0.086375,0.82284,0.871919,0.851477,0.843928,0.81566,,
1257,-1,-1,-1,,1,0.094254,0.106019,0.186434,0.136119,0.124246,0.866348,0.885798,0.87941,0.827974,0.792875,,
1244,1275,1286,9,0.840425,7,0.1189232857,0.160184,0.158471,0.137504,0.1607904286,0.8959421429,0.85541,0.8503172857,0.8495055714,0.8288417143,0.02131727561,0
1274,1276,1277,1,0.136162,6,0.1142296667,0.1646746667,0.1532568333,0.135742,0.1619463333,0.8989493333,0.8649665,0.8465716667,0.8479953333,0.826673,0,0.0197896994
1275,-1,-1,-1,,1,0.10091,0.127362,0.138937,0.124519,0.191628,0.914211,0.83675,0.800597,0.860782,0.808914,,
1275,1278,1279,9,0.822616,5,0.1168936,0.1721372,0.1561208,0.1379866,0.15601,0.895897,0.8706098,0.8557666,0.845438,0.8302248,0,0.01841968035
1277,-1,-1,-1,,1,0.12076,0.160363,0.154736,0.148556,0.120221,0.902411,0.886092,0.877793,0.796479,0.820435,,
1277,1280,1285,8,0.8739315,4,0.115927,0.17508075,0.156467,0.13534425,0.16495725,0.8942685,0.86673925,0.85026,0.85767775,0.83267225,0.01641960922,0
1279,1281,1282,3,0.1306405,3,0.1052556667,0.1703396667,0.1623293333,0.1350986667,0.1758353333,0.899745,0.872632,0.844275,0.8495426667,0.833725,0,0.01276560402
1280,-1,-1,-1,,1,0.104066,0.198593,0.161767,0.120796,0.171062,0.883276,0.884833,0.805799,0.86578,0.838996,,
1280,1283,1284,0,0.1058505,2,0.1058505,0.156213,0.1626105,0.14225,0.178222,0.9079795,0.8665315,0.863513,0.841424,0.8310895,0,0
1282,-1,-1,-1,,1,0.100015,0.167464,0.161489,0.144015,0.179604,0.917829,0.901812,0.859109,0.833552,0.837382,,
1282,-1,-1,-1,,1,0.111686,0.144962,0.163732,0.140485,0.17684,0.89813,0.831251,0.867917,0.849296,0.824797,,
1279,-1,-1,-1,,1,0.147941,0.189304,0.13888,0.136081,0.132323,0.877839,0.849061,0.868215,0.882083,0.829514,,
1274,-1,-1,-1,,1,0.147085,0.13324,0.189756,0.148076,0.153855,0.877899,0.798071,0.872791,0.858567,0.841854,,
1243,1288,1309,8,0.8486855,23,0.1265400435,0.1496711304,0.1585578696,0.1884839565,0.1454113043,0.8539325217,0.8639514348,0.8580343913,0.842605087,0.8331627826,0.02375339846,0.02255446311
1287,1289,1298,6,0.85906,11,0.1244537273,0.1396611818,0.1625931818,0.1891897273,0.1318245455,0.854101,0.8690736364,0.870156,0.8168831818,0.8345450909,0.01726908446,0.02134477607
1288,1290,1291,0,0.0950775,5,0.1161508,0.1374496,0.1498112,0.202993,0.1381886,0.8716218,0.8329334,0.8702602,0.8138718,0.826089,0,0.01430292891
1289,-1,-1,-1,,1,0.080903,0.130176,0.129955,0.187274,0.115246,0.922671,0.837948,0.866347,0.805362,0.811927,,
1289,1292,1293,4,0.13151,4,0.12496275,0.139268,0.15477525,0.20692275,0.14392425,0.8588595,0.83167975,0.8712385,0.81599925,0.8296295,0,0.0114551225
1291,-1,-1,-1,,1,0.139979,0.158029,0.127396,0.198896,0.126305,0.826989,0.841,0.867399,0.802945,0.843596,,
1291,1294,1295,0,0.1167475,3,0.1199573333,0.1330143333,0.1639016667,0.2095983333,0.1497973333,0.869483,0.828573,0.8725183333,0.8203506667,0.824974,0,0.00842320718
1293,-1,-1,-1,,1,0.109252,0.147875,0.1621,0.231932,0.159586,0.853243,0.824828,0.876972,0.818706,0.846064,,
1293,1296,1297,0,0.12531,2,0.12531,0.125584,0.1648025,0.1984315,0.144903,0.877603,0.8304455,0.8702915,0.821173,0.814429,0,0
1295,-1,-1,-1,,1,0.124243,0.132194,0.155956,0.182882,0.136715,0.876686,0.831785,0.854456,0.825082,0.811445,,
1295,-1,-1,-1,,1,0.126377,0.118974,0.173649,0.213981,0.153091,0.87852,0.829106,0.886127,0.817264,0.817413,,
1288,1299,1300,0,0.1223135,6,0.1313728333,0.1415041667,0.1732448333,0.177687,0.1265211667,0.8395003333,0.8991905,0.8700691667,0.8193926667,0.8415918333,0,0.01870169145
1298,-1,-1,-1,,1,0.119157,0.082282,0.169267,0.163642,0.091159,0.801542,0.887663,0.833495,0.831408,0.847169,,
1298,1301,1302,8,0.7993745,5,0.133816,0.1533486,0.1740404,0.180496,0.1335936,0.847092,0.901496,0.877384,0.8169896,0.8404764,0,0.01636302448
1300,-1,-1,-1,,1,0.12547,0.150274,0.133976,0.192157,0.12869,0.798101,0.926185,0.870127,0.795189,0.846824,,
1300,1303,1304,2,0.173913,4,0.1359025,0.15411725,0.1840565,0.17758075,0.1348195,0.85933975,0.89532375,0.87919825,0.82243975,0.8388895,0,0.01259006018
1302,-1,-1,-1,,1,0.150718,0.186038,0.166056,0.173889,0.105199,0.865115,0.913476,0.910804,0.847695,0.835294,,
1302,1305,1306,1,0.1414645,3,0.130964,0.143477,0.1900566667,0.1788113333,0.144693,0.8574146667,0.889273,0.868663,0.8140213333,0.840088,0,0.007898615557
1304,-1,-1,-1,,1,0.127003,0.135737,0.192304,0.191653,0.174647,0.832307,0.87712,0.88439,0.80356,0.847878,,
1304,1307,1308,0,0.1329445,2,0.1329445,0.147347,0.188933,0.1723905,0.129716,0.8699685,0.8953495,0.8607995,0.819252,0.836193,0,0
1306,-1,-1,-1,,1,0.12919,0.147502,0.18177,0.156137,0.129534,0.868657,0.882132,0.871285,0.821705,0.83483,,
1306,-1,-1,-1,,1,0.136699,0.147192,0.196096,0.188644,0.129898,0.87128,0.908567,0.850314,0.816799,0.837556,,
1287,1310,1323,4,0.1643405,12,0.1284525,0.1588469167,0.1548588333,0.187837,0.1578658333,0.8537780833,0.8592560833,0.8469229167,0.8661835,0.8318956667,0.02118033863,0.01651422849
1309,1311,1312,7,0.790567,7,0.1340285714,0.1590748571,0.139133,0.1851244286,0.1429527143,0.8391212857,0.8572254286,0.8325838571,0.8697671429,0.834567,0,0.01968693907
1310,-1,-1,-1,,1,0.104788,0.208663,0.11124,0.21705,0.151154,0.838347,0.857988,0.790471,0.875312,0.834467,,
1310,1313,1314,1,0.138387,6,0.138902,0.1508101667,0.1437818333,0.1798035,0.1415858333,0.8392503333,0.8570983333,0.8396026667,0.868843,0.8345836667,0,0.01770611261
1312,-1,-1,-1,,1,0.143477,0.134557,0.080478,0.199579,0.139827,0.842319,0.885252,0.865486,0.861465,0.84473,,
1312,1315,1316,1,0.146772,5,0.137987,0.1540608,0.1564426,0.1758484,0.1419376,0.8386366,0.8514676,0.834426,0.8703186,0.8325544,0,0.01519796772
1314,-1,-1,-1,,1,0.146152,0.142217,0.170912,0.169492,0.156232,0.820332,0.894144,0.790663,0.88861,0.841599,,
1314,1317,1322,7,0.8596055,4,0.13594575,0.15702175,0.15282525,0.1774375,0.138364,0.84321275,0.8407985,0.84536675,0.86574575,0.83029325,0.01275468223,0
1316,1318,1319,3,0.1724125,3,0.1362226667,0.15892,0.163838,0.1767983333,0.1429363333,0.8405386667,0.835313,0.838822,0.8656873333,0.8419923333,0,0.01001640806
1317,-1,-1,-1,,1,0.113857,0.166035,0.140731,0.163215,0.157607,0.824079,0.823178,0.837711,0.865061,0.845399,,
1317,1320,1321,0,0.1474055,2,0.1474055,0.1553625,0.1753915,0.18359,0.135601,0.8487685,0.8413805,0.8393775,0.8660005,0.840289,0,0
1319,-1,-1,-1,,1,0.143078,0.154601,0.1668,0.18557,0.13319,0.830134,0.859217,0.85421,0.866864,0.84407,,
1319,-1,-1,-1,,1,0.151733,0.156124,0.183983,0.18161,0.138012,0.867403,0.823544,0.824545,0.865137,0.836508,,
1316,-1,-1,-1,,1,0.135115,0.151327,0.119787,0.179355,0.124647,0.851235,0.857255,0.865001,0.865921,0.795196,,
1309,1324,1331,2,0.1865995,5,0.120646,0.1585278,0.176875,0.1916346,0.1787442,0.8742976,0.862099,0.8669976,0.8611664,0.8281558,0.01484664309,0
1323,1325,1330,4,0.1864385,4,0.12204275,0.15905825,0.174103,0.17896225,0.17955975,0.8676275,0.85759,0.865982,0.860362,0.829968,0.0120974611,0
1324,1326,1329,1,0.1698455,3,0.11503,0.1631363333,0.170392,0.176134,0.1764323333,0.8713706667,0.865378,0.8528063333,0.863924,0.8267183333,0.008746621503,0
1325,1327,1328,0,0.1255745,2,0.1255745,0.1554695,0.170714,0.1638425,0.172681,0.8679655,0.8659465,0.86013,0.870326,0.820805,0,0
1326,-1,-1,-1,,1,0.116251,0.149718,0.175792,0.168745,0.171074,0.865579,0.870675,0.841013,0.864437,0.807982,,
1326,-1,-1,-1,,1,0.134898,0.161221,0.165636,0.15894,0.174288,0.870352,0.861218,0.879247,0.876215,0.833628,,
1325,-1,-1,-1,,1,0.093941,0.17847,0.169748,0.200717,0.183935,0.878181,0.864241,0.838159,0.85112,0.838545,,
1324,-1,-1,-1,,1,0.143081,0.146824,0.185236,0.187447,0.188942,0.856398,0.834226,0.905509,0.849676,0.839717,,
1323,-1,-1,-1,,1,0.115059,0.156406,0.187963,0.242324,0.175482,0.900978,0.880135,0.87106,0.864384,0.820907,,
1242,1333,1368,3,0.1396495,45,0.1746918,0.1550822667,0.1517371556,0.1436635111,0.1575641778,0.8498655333,0.8533498444,0.8409508889,0.8521679333,0.8220983778,0.02715341604,0.02586810922
1332,1334,1351,4,0.1564105,18,0.1764710556,0.1644331667,0.1419463333,0.1110984444,0.1607266667,0.8407196111,0.8559110556,0.8413917222,0.8460519444,0.8277810556,0.02376444083,0.02490829361
1333,1335,1350,7,0.8857335,9,0.1797447778,0.1819487778,0.1431643333,0.1155552222,0.1305181111,0.853509,0.8513975556,0.8379853333,0.8465452222,0.8276496667,0.02218965921,0
1334,1336,1337,1,0.146222,8,0.181907625,0.186357625,0.146261375,0.117394125,0.136691875,0.852347625,0.847221,0.8307235,0.84335875,0.82624925,0,0.02104917829
1335,-1,-1,-1,,1,0.190962,0.138048,0.092318,0.131046,0.118375,0.882939,0.841021,0.829042,0.831793,0.845493,,
1335,1338,1349,7,0.874937,7,0.1806141429,0.193259,0.1539675714,0.1154438571,0.1393085714,0.8479774286,0.8481067143,0.8309637143,0.845011,0.8235001429,0.02020668764,0
1337,1339,1348,8,0.8734555,6,0.1848213333,0.1926833333,0.15763,0.1117671667,0.1371913333,0.8512405,0.8466191667,0.8235598333,0.851007,0.824939,0.01910592887,0
1338,1340,1341,4,0.123758,5,0.1902008,0.1910758,0.166014,0.1076638,0.13342,0.851637,0.84327,0.8234108,0.844693,0.829847,0,0.01762203362
1339,-1,-1,-1,,1,0.181388,0.242494,0.152767,0.112008,0.122629,0.874334,0.811659,0.816343,0.850727,0.824258,,
1339,1342,1347,7,0.846808,4,0.192404,0.17822125,0.16932575,0.10657775,0.13611775,0.84596275,0.85117275,0.82517775,0.8431845,0.83124425,0.01544015301,0
1341,1343,1346,5,0.8605105,3,0.1880116667,0.173386,0.172039,0.105303,0.1382866667,0.8442486667,0.8570886667,0.8087413333,0.8361346667,0.8262473333,0.01223413161,0
1342,1344,1345,0,0.1841415,2,0.1841415,0.180171,0.174211,0.1045515,0.131267,0.825259,0.8702545,0.8102215,0.841078,0.8221325,0,0
1343,-1,-1,-1,,1,0.174577,0.154396,0.160409,0.109993,0.124887,0.838793,0.880693,0.801314,0.841553,0.811721,,
1343,-1,-1,-1,,1,0.193706,0.205946,0.188013,0.09911,0.137647,0.811725,0.859816,0.819129,0.840603,0.832544,,
1342,-1,-1,-1,,1,0.195752,0.159816,0.167695,0.106806,0.152326,0.882228,0.830757,0.805781,0.826248,0.834477,,
1341,-1,-1,-1,,1,0.205581,0.192727,0.161186,0.110402,0.129611,0.851105,0.833425,0.874487,0.864334,0.846235,,
1338,-1,-1,-1,,1,0.157924,0.200721,0.11571,0.132284,0.156048,0.849258,0.863365,0.824305,0.882577,0.800399,,
1337,-1,-1,-1,,1,0.155371,0.196713,0.131993,0.137504,0.152012,0.828399,0.857032,0.875387,0.809035,0.814867,,
1334,-1,-1,-1,,1,0.162442,0.146678,0.118388,0.100844,0.081128,0.8628,0.88481,0.89608,0.872037,0.838853,,
1333,1352,1353,8,0.7888315,9,0.1731973333,0.1469175556,0.1407283333,0.1066416667,0.1909352222,0.8279302222,0.8604245556,0.8447981111,0.8455586667,0.8279124444,0,0.02304226363
1351,-1,-1,-1,,1,0.171558,0.114432,0.155873,0.053207,0.216341,0.866971,0.841988,0.881538,0.783717,0.835076,,
1351,1354,1367,7,0.85583,8,0.17340225,0.15097825,0.13883525,0.113321,0.1877595,0.823050125,0.862729125,0.840205625,0.853288875,0.827017,0.02185350226,0
1353,1355,1356,6,0.8353255,7,0.1744632857,0.1463444286,0.1457772857,0.1137837143,0.1910432857,0.8170107143,0.8578437143,0.8378977143,0.854087,0.830682,0,0.02090681024
1354,-1,-1,-1,,1,0.219158,0.118109,0.171824,0.129616,0.218622,0.831843,0.827454,0.854825,0.855313,0.846784,,
1354,1357,1358,5,0.785221,6,0.1670141667,0.1510503333,0.1414361667,0.111145,0.1864468333,0.8145386667,0.8629086667,0.8350765,0.8538826667,0.8279983333,0,0.01962210214
1356,-1,-1,-1,,1,0.181617,0.133211,0.187588,0.111463,0.164388,0.767906,0.8658,0.846098,0.872732,0.830009,,
1356,1359,1366,7,0.8550105,5,0.1640936,0.1546182,0.1322058,0.1110814,0.1908586,0.8238652,0.8623304,0.8328722,0.8501128,0.8275962,0.01812528887,0
1358,1360,1361,3,0.086644,4,0.161625,0.15788475,0.14047425,0.108995,0.19228575,0.8269625,0.86711375,0.8272655,0.83898825,0.822465,0,0.01542838329
1359,-1,-1,-1,,1,0.152782,0.160334,0.144602,0.082891,0.156773,0.802536,0.844677,0.813512,0.872999,0.819266,,
1359,1362,1363,7,0.820414,3,0.1645726667,0.1570683333,0.1390983333,0.1176963333,0.2041233333,0.8351046667,0.8745926667,0.83185,0.8276513333,0.8235313333,0,0.01192802496
1361,-1,-1,-1,,1,0.165544,0.162143,0.125766,0.090397,0.220235,0.839827,0.873357,0.809135,0.857742,0.80907,,
1361,1364,1365,0,0.164087,2,0.164087,0.154531,0.1457645,0.131346,0.1960675,0.8327435,0.8752105,0.8432075,0.812606,0.830762,0,0
1363,-1,-1,-1,,1,0.160155,0.14248,0.124244,0.129631,0.1929,0.832946,0.86774,0.854722,0.793946,0.814971,,
1363,-1,-1,-1,,1,0.168019,0.166582,0.167285,0.133061,0.199235,0.832541,0.882681,0.831693,0.831266,0.846553,,
1358,-1,-1,-1,,1,0.173968,0.141552,0.099132,0.119427,0.18515,0.811476,0.843197,0.855299,0.894611,0.848121,,
1353,-1,-1,-1,,1,0.165975,0.183415,0.090241,0.110082,0.164773,0.865326,0.896927,0.856361,0.847702,0.801362,,
1332,1369,1404,2,0.170373,27,0.1735056296,0.1488483333,0.1582643704,0.1653735556,0.1554558519,0.8559628148,0.8516423704,0.840657,0.8562452593,0.8183099259,0.02451412818,0.02157050158
1368,1370,1383,6,0.8436805,18,0.174556,0.1503463333,0.1372353333,0.1685344444,0.1598615556,0.8557793333,0.8586687778,0.8459878889,0.8538901667,0.8212828333,0.01832890747,0.02454239965
1369,1371,1372,7,0.818691,7,0.1772554286,0.1625132857,0.13801,0.1629332857,0.1635738571,0.8546174286,0.8237621429,0.8542901429,0.8476521429,0.8300775714,0,0.01722293068
1370,-1,-1,-1,,1,0.16165,0.169437,0.118271,0.169745,0.168499,0.831599,0.842535,0.800382,0.862412,0.842067,,
1370,1373,1374,8,0.8160825,6,0.1798563333,0.1613593333,0.1412998333,0.161798,0.162753,0.8584538333,0.8206333333,0.8632748333,0.8451921667,0.8280793333,0,0.01564818958
1372,-1,-1,-1,,1,0.173519,0.138058,0.119271,0.147675,0.146296,0.827919,0.825904,0.874145,0.800614,0.833031,,
1372,1375,1382,8,0.8654245,5,0.1811238,0.1660196,0.1457056,0.1646226,0.1660444,0.8645608,0.8195792,0.8611008,0.8541078,0.827089,0.01324720551,0
1374,1376,1377,9,0.825998,4,0.1733865,0.169245,0.14730775,0.163413,0.17433375,0.8718015,0.81693125,0.85742425,0.85000325,0.8324155,0,0.01173576184
1375,-1,-1,-1,,1,0.180237,0.203368,0.144273,0.143292,0.168214,0.869055,0.798382,0.862976,0.850157,0.821439,,
1375,1378,1379,9,0.8335465,3,0.171103,0.1578706667,0.1483193333,0.17012,0.1763736667,0.872717,0.8231143333,0.8555736667,0.849952,0.8360743333,0,0.009483926795
1377,-1,-1,-1,,1,0.193168,0.152918,0.162218,0.179204,0.200611,0.865589,0.827175,0.85988,0.857982,0.830557,,
1377,1380,1381,0,0.1600705,2,0.1600705,0.160347,0.14137,0.165578,0.164255,0.876281,0.821084,0.8534205,0.845937,0.838833,0,0
1379,-1,-1,-1,,1,0.152749,0.162764,0.15327,0.171901,0.164337,0.886509,0.829565,0.869841,0.831551,0.836536,,
1379,-1,-1,-1,,1,0.167392,0.15793,0.12947,0.159255,0.164173,0.866053,0.812603,0.837,0.860323,0.84113,,
1374,-1,-1,-1,,1,0.212073,0.153118,0.139297,0.169461,0.132887,0.835598,0.830171,0.875807,0.870526,0.805783,,
1369,1384,1385,4,0.117375,11,0.1728381818,0.1426037273,0.1367423636,0.1720988182,0.1574991818,0.8565187273,0.8808820909,0.8407046364,0.8578598182,0.8156861818,0,0.02307079814
1383,-1,-1,-1,,1,0.157799,0.180758,0.121927,0.154663,0.102213,0.808872,0.900347,0.883467,0.8966,0.840283,,
1383,1386,1387,6,0.8531095,10,0.1743421,0.1387883,0.1382239,0.1738424,0.1630278,0.8612834,0.8789356,0.8364284,0.8539858,0.8132265,0,0.022044372
1385,-1,-1,-1,,1,0.186195,0.16098,0.159165,0.198942,0.144371,0.926958,0.844826,0.84723,0.824158,0.816177,,
1385,1388,1403,0,0.1907135,9,0.1730251111,0.1363225556,0.1358971111,0.1710535556,0.1651007778,0.8539862222,0.8827255556,0.8352282222,0.8573,0.8128986667,0.02074044369,0
1387,1389,1402,2,0.1610215,8,0.16962425,0.13489125,0.135819125,0.173942875,0.167890125,0.85230225,0.885162125,0.844506,0.85809125,0.81083575,0.01935600647,0
1388,1390,1397,8,0.853649,7,0.1703917143,0.1380241429,0.1313278571,0.1751222857,0.1675014286,0.8555957143,0.8836088571,0.8493418571,0.8495837143,0.8085855714,0.01487268724,0.01689116376
1389,1391,1392,1,0.12728,4,0.173213,0.13289475,0.13080075,0.17474575,0.1482305,0.850405,0.88975375,0.86105775,0.83589925,0.82081525,0,0.01197709055
1390,-1,-1,-1,,1,0.175838,0.11853,0.083607,0.178593,0.152084,0.838617,0.912844,0.855558,0.849708,0.814101,,
1390,1393,1396,0,0.1777675,3,0.172338,0.137683,0.146532,0.1734633333,0.146946,0.8543343333,0.882057,0.862891,0.8312963333,0.8230533333,0.009909058478,0
1392,1394,1395,0,0.1679095,2,0.1679095,0.1385095,0.1485385,0.1602635,0.1507875,0.8614925,0.8860135,0.8559995,0.8295315,0.815363,0,0
1393,-1,-1,-1,,1,0.161479,0.137461,0.142292,0.145822,0.132537,0.86056,0.887648,0.86899,0.842504,0.811096,,
1393,-1,-1,-1,,1,0.17434,0.139558,0.154785,0.174705,0.169038,0.862425,0.884379,0.843009,0.816559,0.81963,,
1392,-1,-1,-1,,1,0.181195,0.13603,0.142519,0.199863,0.139263,0.840018,0.874144,0.876674,0.834826,0.838434,,
1389,1398,1399,5,0.856174,3,0.16663,0.1448633333,0.1320306667,0.1756243333,0.193196,0.8625166667,0.8754156667,0.8337206667,0.8678296667,0.7922793333,0,0.01315723191
1397,-1,-1,-1,,1,0.173155,0.12131,0.123793,0.15275,0.226501,0.851499,0.882385,0.86133,0.85759,0.784322,,
1397,1400,1401,0,0.1633675,2,0.1633675,0.15664,0.1361495,0.1870615,0.1765435,0.8680255,0.871931,0.819916,0.8729495,0.796258,0,0
1399,-1,-1,-1,,1,0.160389,0.170324,0.14835,0.190734,0.199743,0.860849,0.882469,0.812532,0.873654,0.821095,,
1399,-1,-1,-1,,1,0.166346,0.142956,0.123949,0.183389,0.153344,0.875202,0.861393,0.8273,0.872245,0.771421,,
1388,-1,-1,-1,,1,0.164252,0.112961,0.167258,0.165687,0.170611,0.829248,0.896035,0.810655,0.917644,0.826587,,
1387,-1,-1,-1,,1,0.200232,0.147773,0.136521,0.147939,0.142786,0.867458,0.863233,0.761006,0.85097,0.829402,,
1368,1405,1420,5,0.8988745,9,0.1714048889,0.1458523333,0.2003224444,0.1590517778,0.1466444444,0.8563297778,0.8375895556,0.8299952222,0.8609554444,0.8123641111,0.02062120682,0
1404,1406,1407,5,0.819115,8,0.171131125,0.143427,0.198401625,0.15996175,0.150573,0.8491065,0.836793625,0.834514375,0.8640295,0.81163225,0,0.02004612608
1405,-1,-1,-1,,1,0.175941,0.186002,0.209509,0.146714,0.14002,0.807909,0.848971,0.844718,0.894152,0.804544,,
1405,1408,1419,2,0.2309995,7,0.170444,0.1373448571,0.1968148571,0.1618542857,0.1520805714,0.8549918571,0.835054,0.8330567143,0.8597262857,0.8126448571,0.01911499434,0
1407,1409,1410,8,0.8370815,6,0.1688921667,0.136675,0.1870273333,0.162207,0.1568865,0.8574353333,0.8375426667,0.835472,0.8613415,0.8149446667,0,0.01826692959
1408,-1,-1,-1,,1,0.160802,0.17761,0.202244,0.153617,0.173955,0.883633,0.829917,0.838469,0.827345,0.804046,,
1408,1411,1412,7,0.820491,5,0.1705102,0.128488,0.183984,0.163925,0.1534728,0.8521958,0.8390678,0.8348726,0.8681408,0.8171244,0,0.0172288553
1410,-1,-1,-1,,1,0.163344,0.128706,0.177304,0.14638,0.185866,0.833065,0.830688,0.810711,0.846818,0.847468,,
1410,1413,1418,1,0.1471985,4,0.17230175,0.1284335,0.185654,0.16831125,0.1453745,0.8569785,0.84116275,0.840913,0.8734715,0.8095385,0.01591141176,0
1412,1414,1415,0,0.1590375,3,0.1720156667,0.1167536667,0.1894846667,0.1728986667,0.139911,0.8483383333,0.844697,0.841533,0.8692773333,0.8165616667,0,0.01275752721
1413,-1,-1,-1,,1,0.151971,0.130924,0.173488,0.141795,0.114463,0.849699,0.837298,0.830271,0.854919,0.811058,,
1413,1416,1417,0,0.182038,2,0.182038,0.1096685,0.197483,0.1884505,0.152635,0.847658,0.8483965,0.847164,0.8764565,0.8193135,0,0
1415,-1,-1,-1,,1,0.166104,0.124623,0.188507,0.201877,0.163726,0.830321,0.862979,0.838262,0.878077,0.806234,,
1415,-1,-1,-1,,1,0.197972,0.094714,0.206459,0.175024,0.141544,0.864995,0.833814,0.856066,0.874836,0.832393,,
1412,-1,-1,-1,,1,0.17316,0.163473,0.174162,0.154549,0.161765,0.882899,0.83056,0.839053,0.886054,0.788469,,
1407,-1,-1,-1,,1,0.179755,0.141364,0.25554,0.159738,0.123245,0.840331,0.820122,0.818565,0.850035,0.798846,,
1404,-1,-1,-1,,1,0.173595,0.165255,0.215689,0.151772,0.115216,0.914116,0.843957,0.793842,0.836363,0.818219,,
1241,1422,1511,8,0.8499545,90,0.1487201222,0.1479422556,0.1462742222,0.1524154,0.1494490333,0.8552400556,0.8463385444,0.8561943,0.8524368778,0.8767465111,0.02782710758,0.0283054604
1421,1423,1458,1,0.1471345,45,0.1457344667,0.1552639556,0.1474761333,0.1464059556,0.1523944,0.8488956,0.8464204444,0.8582675333,0.8276814889,0.8745385778,0.0239441176,0.02761221842
1422,1424,1447,0,0.1488875,18,0.1374057222,0.1254856667,0.155692,0.1456372222,0.1432017222,0.8598031667,0.8524879444,0.8554009444,0.8333118889,0.8715447222,0.02216970556,0.01948988575
1423,1425,1430,3,0.113086,12,0.1227366667,0.125815,0.1549526667,0.1341690833,0.1446610833,0.86920825,0.8572919167,0.86418175,0.8290221667,0.86532625,0.01301632024,0.02131693708
1424,1426,1429,1,0.133977,3,0.1260106667,0.1226933333,0.1260106667,0.1034673333,0.1563006667,0.83906,0.8661366667,0.8771023333,0.8406143333,0.870354,0.01057562785,0
1425,1427,1428,0,0.1246075,2,0.1246075,0.111114,0.126966,0.1070435,0.161732,0.8412425,0.877076,0.864842,0.837402,0.873515,0,0
1426,-1,-1,-1,,1,0.109491,0.122102,0.134829,0.105812,0.144844,0.844106,0.880845,0.849996,0.82829,0.863778,,
1426,-1,-1,-1,,1,0.139724,0.100126,0.119103,0.108275,0.17862,0.838379,0.873307,0.879688,0.846514,0.883252,,
1425,-1,-1,-1,,1,0.128817,0.145852,0.1241,0.096315,0.145438,0.834695,0.844258,0.901623,0.847039,0.864032,,
1424,1431,1446,4,0.185404,9,0.1216453333,0.1268555556,0.1646,0.144403,0.1407812222,0.8792576667,0.8543436667,0.8598748889,0.8251581111,0.8636503333,0.01976263167,0
1430,1432,1433,4,0.110797,8,0.126421625,0.127720125,0.1670585,0.137900125,0.134400625,0.8824235,0.853489,0.85723,0.827082875,0.863635,0,0.01790123337
1431,-1,-1,-1,,1,0.112745,0.126999,0.138478,0.120019,0.108221,0.93732,0.872852,0.904648,0.832518,0.857684,,
1431,1434,1441,6,0.8574815,7,0.1283754286,0.1278231429,0.1711414286,0.1404545714,0.1381405714,0.8745811429,0.8507228571,0.850456,0.8263064286,0.8644851429,0.01512064145,0.01303322937
1433,1435,1436,4,0.121809,4,0.13288925,0.13507925,0.16426525,0.13224375,0.14447825,0.87102475,0.82847075,0.8396885,0.82765475,0.859576,0,0.01326045347
1434,-1,-1,-1,,1,0.129602,0.111194,0.133115,0.117897,0.117336,0.877182,0.830755,0.846491,0.845489,0.858587,,
1434,1437,1438,3,0.1332435,3,0.133985,0.143041,0.1746486667,0.137026,0.1535256667,0.8689723333,0.8277093333,0.837421,0.82171,0.8599056667,0,0.01094690499
1436,-1,-1,-1,,1,0.14229,0.141725,0.190567,0.129913,0.126282,0.857932,0.811461,0.846801,0.806834,0.849566,,
1436,1439,1440,0,0.1298325,2,0.1298325,0.143699,0.1666895,0.1405825,0.1671475,0.8744925,0.8358335,0.832731,0.829148,0.8650755,0,0
1438,-1,-1,-1,,1,0.12363,0.140476,0.164209,0.144591,0.155313,0.883293,0.837784,0.805406,0.816796,0.86767,,
1438,-1,-1,-1,,1,0.136035,0.146922,0.16917,0.136574,0.178982,0.865692,0.833883,0.860056,0.8415,0.862481,,
1433,1442,1445,9,0.8795745,3,0.122357,0.1181483333,0.1803096667,0.1514023333,0.1296903333,0.879323,0.8803923333,0.8648126667,0.8245086667,0.8710306667,0.008613839121,0
1441,1443,1444,0,0.132229,2,0.132229,0.120971,0.183927,0.1566485,0.137849,0.8966325,0.8802795,0.8622245,0.830363,0.864045,0,0
1442,-1,-1,-1,,1,0.120179,0.106769,0.175096,0.153658,0.140278,0.900764,0.877179,0.874114,0.824692,0.853943,,
1442,-1,-1,-1,,1,0.144279,0.135173,0.192758,0.159639,0.13542,0.892501,0.88338,0.850335,0.836034,0.874147,,
1441,-1,-1,-1,,1,0.102613,0.112503,0.173075,0.14091,0.113373,0.844704,0.880618,0.869989,0.8128,0.885002,,
1430,-1,-1,-1,,1,0.083435,0.119939,0.144932,0.196426,0.191826,0.853931,0.861181,0.881034,0.80976,0.863773,,
1423,1448,1449,3,0.1359125,6,0.1667438333,0.124827,0.1571706667,0.1685735,0.140283,0.840993,0.84288,0.8378393333,0.8418913333,0.8839816667,0,0.01756085756
1447,-1,-1,-1,,1,0.197158,0.139775,0.163878,0.126089,0.121999,0.811087,0.824465,0.873951,0.849892,0.869517,,
1447,1450,1451,0,0.154615,5,0.160661,0.1218374,0.1558292,0.1770704,0.1439398,0.8469742,0.846563,0.830617,0.8402912,0.8868746,0,0.01597354418
1449,-1,-1,-1,,1,0.153496,0.138786,0.141153,0.145736,0.181959,0.860148,0.833071,0.80205,0.836315,0.885585,,
1449,1452,1453,3,0.173444,4,0.16245225,0.11760025,0.15949825,0.184904,0.134435,0.84368075,0.849936,0.83775875,0.84128525,0.887197,0,0.01409467392
1451,-1,-1,-1,,1,0.17093,0.118441,0.134475,0.169691,0.157646,0.858064,0.837904,0.87145,0.838772,0.872271,,
1451,1454,1457,3,0.196364,3,0.1596263333,0.11732,0.1678393333,0.189975,0.126698,0.8388863333,0.8539466667,0.8265283333,0.842123,0.8921723333,0.01114804078,0
1453,1455,1456,0,0.1615725,2,0.1615725,0.1184485,0.182686,0.177938,0.117913,0.8360155,0.8525255,0.8369925,0.84552,0.8917405,0,0
1454,-1,-1,-1,,1,0.158588,0.146935,0.178493,0.178679,0.122876,0.851944,0.859786,0.830783,0.846899,0.886018,,
1454,-1,-1,-1,,1,0.164557,0.089962,0.186879,0.177197,0.11295,0.820087,0.845265,0.843202,0.844141,0.897463,,
1453,-1,-1,-1,,1,0.155734,0.115063,0.138146,0.214049,0.144268,0.844628,0.856789,0.8056,0.835329,0.893036,,
1422,1459,1468,5,0.8067435,27,0.151286963,0.1751161481,0.1419988889,0.1469184444,0.1585228519,0.8416238889,0.8423754444,0.8601785926,0.8239278889,0.8765344815,0.01898940509,0.02729683031
1458,1460,1461,3,0.12551,5,0.1537498,0.1763186,0.1542202,0.1445774,0.137868,0.7894812,0.8251146,0.844813,0.8302088,0.872823,0,0.01803228706
1459,-1,-1,-1,,1,0.178275,0.173379,0.138326,0.122758,0.154774,0.763298,0.865634,0.850616,0.831026,0.86714,,
1459,1462,1467,4,0.1449,4,0.1476185,0.1770535,0.15819375,0.15003225,0.1336415,0.796027,0.81498475,0.84336225,0.8300045,0.87424375,0.01619663953,0
1461,1463,1464,2,0.143494,3,0.150388,0.165125,0.1533676667,0.1566516667,0.127879,0.7961243333,0.812854,0.838836,0.8249376667,0.8629713333,0,0.01135963602
1462,-1,-1,-1,,1,0.143108,0.186243,0.125672,0.128262,0.129761,0.792314,0.805389,0.811357,0.810077,0.88308,,
1462,1465,1466,0,0.154028,2,0.154028,0.154566,0.1672155,0.1708465,0.126938,0.7980295,0.8165865,0.8525755,0.832368,0.852917,0,0
1464,-1,-1,-1,,1,0.151962,0.155304,0.173115,0.171931,0.138871,0.79313,0.827936,0.881646,0.842491,0.855532,,
1464,-1,-1,-1,,1,0.156094,0.153828,0.161316,0.169762,0.115005,0.802929,0.805237,0.823505,0.822245,0.850302,,
1461,-1,-1,-1,,1,0.13931,0.212839,0.172672,0.130174,0.150929,0.795735,0.821377,0.856941,0.845205,0.908061,,
1458,1469,1502,2,0.164593,22,0.1507272273,0.1748428636,0.1392213182,0.1474505,0.1632171364,0.8534745,0.8462983636,0.8636707727,0.8225004091,0.877378,0.02585739076,0.02095035908
1468,1470,1495,4,0.1901075,17,0.1448257647,0.1756117647,0.1242845294,0.1518265294,0.1657037647,0.8522299412,0.8416778235,0.8715574706,0.8235786471,0.8744710588,0.02358764646,0.02208697515
1469,1471,1490,3,0.174653,13,0.1473867692,0.1786976923,0.123109,0.1471787692,0.1496210769,0.85693,0.8349004615,0.8728282308,0.8282512308,0.876869,0.02164022135,0.01567233898
1470,1472,1489,7,0.9184385,10,0.1434107,0.1781037,0.1273182,0.1312736,0.1596351,0.8569792,0.8295834,0.8741044,0.8292295,0.8775023,0.02079348901,0
1471,1473,1480,7,0.860665,9,0.1397847778,0.1758973333,0.1249354444,0.1285791111,0.158784,0.8538001111,0.832518,0.868325,0.8307011111,0.8789165556,0.01832068828,0.01737345961
1472,1474,1475,6,0.815331,4,0.14013325,0.189848,0.10317425,0.12821225,0.158985,0.8611305,0.826473,0.844866,0.8209295,0.8851825,0,0.01666148727
1473,-1,-1,-1,,1,0.185644,0.200222,0.109346,0.103957,0.133648,0.863412,0.811784,0.851362,0.8236,0.895468,,
1473,1476,1477,1,0.1691675,3,0.124963,0.18639,0.101117,0.1362973333,0.1674306667,0.86037,0.8313693333,0.8427006667,0.8200393333,0.881754,0,0.01372628745
1475,-1,-1,-1,,1,0.134414,0.161054,0.115042,0.129091,0.171794,0.882223,0.818878,0.852371,0.793074,0.906036,,
1475,1478,1479,0,0.1202375,2,0.1202375,0.199058,0.0941545,0.1399005,0.165249,0.8494435,0.837615,0.8378655,0.833522,0.869613,0,0
1477,-1,-1,-1,,1,0.096865,0.220835,0.111888,0.140339,0.175631,0.860599,0.827284,0.837029,0.830689,0.883799,,
1477,-1,-1,-1,,1,0.14361,0.177281,0.076421,0.139462,0.154867,0.838288,0.847946,0.838702,0.836355,0.855427,,
1472,1481,1488,7,0.90406,5,0.139506,0.1647368,0.1423444,0.1288726,0.1586232,0.8479358,0.837354,0.8870922,0.8385184,0.8739038,0.0150409633,0
1480,1482,1487,7,0.8917005,4,0.134194,0.15641525,0.14629375,0.13895875,0.1563495,0.85394,0.8354475,0.88117575,0.8361715,0.87530775,0.01313050288,0
1481,1483,1484,0,0.1282815,3,0.1402623333,0.1566483333,0.150763,0.1453546667,0.156031,0.8575593333,0.8293016667,0.8757803333,0.8433273333,0.865611,0,0.008994309265
1482,-1,-1,-1,,1,0.099624,0.158428,0.148193,0.152381,0.154709,0.85046,0.81434,0.886039,0.847949,0.8496,,
1482,1485,1486,0,0.1605815,2,0.1605815,0.1557585,0.152048,0.1418415,0.156692,0.861109,0.8367825,0.870651,0.8410165,0.8736165,0,0
1484,-1,-1,-1,,1,0.156939,0.150298,0.155255,0.157372,0.154275,0.854621,0.81902,0.868959,0.847811,0.86352,,
1484,-1,-1,-1,,1,0.164224,0.161219,0.148841,0.126311,0.159109,0.867597,0.854545,0.872343,0.834222,0.883713,,
1481,-1,-1,-1,,1,0.115989,0.155716,0.132886,0.119771,0.157305,0.843082,0.853885,0.897362,0.814704,0.904398,,
1480,-1,-1,-1,,1,0.160754,0.198023,0.126547,0.088528,0.167718,0.823919,0.84498,0.910758,0.847906,0.868288,,
1471,-1,-1,-1,,1,0.176044,0.197961,0.148763,0.155524,0.167295,0.885591,0.803172,0.926119,0.815985,0.864774,,
1470,1491,1492,2,0.095105,3,0.1606403333,0.1806776667,0.1090783333,0.200196,0.116241,0.856766,0.852624,0.8685743333,0.8249903333,0.874758,0,0.01256737264
1490,-1,-1,-1,,1,0.131529,0.170418,0.087114,0.207186,0.119744,0.832992,0.87876,0.866131,0.818675,0.878777,,
1490,1493,1494,0,0.175196,2,0.175196,0.1858075,0.1200605,0.196701,0.1144895,0.868653,0.839556,0.869796,0.828148,0.8727485,0,0
1492,-1,-1,-1,,1,0.171962,0.18571,0.137025,0.201468,0.089513,0.851768,0.834721,0.875347,0.831771,0.855951,,
1492,-1,-1,-1,,1,0.17843,0.185905,0.103096,0.191934,0.139466,0.885538,0.844391,0.864245,0.824525,0.889546,,
1469,1496,1497,1,0.154747,4,0.1365025,0.1655825,0.128105,0.16693175,0.2179725,0.83695475,0.86370425,0.8674275,0.80839275,0.86667775,0,0.01761898289
1495,-1,-1,-1,,1,0.157336,0.153758,0.113801,0.181654,0.230465,0.897476,0.859679,0.814972,0.815332,0.871191,,
1495,1498,1501,0,0.1378805,3,0.129558,0.169524,0.132873,0.1620243333,0.2138083333,0.816781,0.865046,0.8849126667,0.8060796667,0.8651733333,0.01382929791,0
1497,1499,1500,0,0.124345,2,0.124345,0.176418,0.154163,0.160026,0.2184205,0.818929,0.8525395,0.874008,0.7986485,0.870297,0,0
1498,-1,-1,-1,,1,0.112913,0.16036,0.160765,0.148774,0.219535,0.810558,0.88278,0.86636,0.811425,0.882389,,
1498,-1,-1,-1,,1,0.135777,0.192476,0.147561,0.171278,0.217306,0.8273,0.822299,0.881656,0.785872,0.858205,,
1497,-1,-1,-1,,1,0.139984,0.155736,0.090293,0.166021,0.204584,0.812485,0.890059,0.906722,0.820942,0.854926,,
1468,1503,1504,8,0.800464,5,0.1707922,0.1722286,0.1900064,0.132572,0.1547626,0.857706,0.8620082,0.836856,0.8188344,0.8872616,0,0.01915250555
1502,-1,-1,-1,,1,0.202068,0.147334,0.197809,0.177904,0.178415,0.844467,0.862182,0.805486,0.799216,0.886248,,
1502,1505,1510,3,0.1311175,4,0.16297325,0.17845225,0.18805575,0.121239,0.1488495,0.86101575,0.86196475,0.8446985,0.823739,0.887515,0.01518966055,0
1504,1506,1507,8,0.8073615,3,0.166945,0.1861746667,0.1946006667,0.1163773333,0.1559056667,0.8670986667,0.865278,0.8636306667,0.8172726667,0.889969,0,0.01228223261
1505,-1,-1,-1,,1,0.159379,0.165916,0.207713,0.126411,0.162594,0.832549,0.87338,0.865716,0.801712,0.872296,,
1505,1508,1509,0,0.170728,2,0.170728,0.196304,0.1880445,0.1113605,0.1525615,0.8843735,0.861227,0.862588,0.825053,0.8988055,0,0
1507,-1,-1,-1,,1,0.155828,0.19272,0.184491,0.122507,0.153403,0.880206,0.841268,0.866301,0.837095,0.922503,,
1507,-1,-1,-1,,1,0.185628,0.199888,0.191598,0.100214,0.15172,0.888541,0.881186,0.858875,0.813011,0.875108,,
1504,-1,-1,-1,,1,0.151058,0.155285,0.168421,0.135824,0.127681,0.842767,0.852025,0.787902,0.843138,0.880153,,
1421,1512,1565,2,0.1524965,45,0.1517057778,0.1406205556,0.1450723111,0.1584248444,0.1465036667,0.8615845111,0.8462566444,0.8541210667,0.8771922667,0.8789544444,0.02555610042,0.0284573342
1511,1513,1548,8,0.875274,27,0.1522691852,0.135086963,0.1236742593,0.155368037,0.1455816667,0.8643285556,0.8532560741,0.850647037,0.8779520741,0.8800378148,0.02363006425,0.02322639649
1512,1514,1527,6,0.8489445,18,0.1602245,0.1277671667,0.1326248889,0.1581643889,0.1399649444,0.8589768889,0.8542684444,0.8505138889,0.8636754444,0.8859828333,0.01701587558,0.0238524257
1513,1515,1516,2,0.128304,7,0.1402578571,0.1161221429,0.1385384286,0.1626144286,0.144549,0.8735868571,0.8287484286,0.8526424286,0.8649051429,0.8781922857,0,0.01496422667
1514,-1,-1,-1,,1,0.15576,0.098833,0.124738,0.136956,0.137664,0.915266,0.803347,0.831898,0.854981,0.917044,,
1514,1517,1518,6,0.818338,6,0.1376741667,0.1190036667,0.1408385,0.1668908333,0.1456965,0.8666403333,0.832982,0.8560998333,0.8665591667,0.871717,0,0.01347695879
1516,-1,-1,-1,,1,0.10888,0.123367,0.144231,0.16111,0.143458,0.858654,0.8153,0.877306,0.867324,0.915349,,
1516,1519,1520,2,0.132482,5,0.143433,0.118131,0.14016,0.168047,0.1461442,0.8682376,0.8365184,0.8518586,0.8664062,0.8629906,0,0.01162162856
1518,-1,-1,-1,,1,0.151499,0.103359,0.13187,0.153943,0.136855,0.881319,0.844648,0.896167,0.872496,0.85472,,
1518,1521,1522,2,0.134313,4,0.1414165,0.121824,0.1422325,0.171573,0.1484665,0.86496725,0.834486,0.8407815,0.86488375,0.86505825,0,0.009650568523
1520,-1,-1,-1,,1,0.168221,0.117722,0.133094,0.171015,0.152666,0.890581,0.827721,0.858484,0.862731,0.875046,,
1520,1523,1524,4,0.139066,3,0.1324816667,0.1231913333,0.1452786667,0.171759,0.1470666667,0.8564293333,0.836741,0.8348806667,0.8656013333,0.861729,0,0.007130250828
1522,-1,-1,-1,,1,0.128836,0.127401,0.135532,0.186917,0.129976,0.874533,0.848547,0.837094,0.859862,0.856075,,
1522,1525,1526,0,0.1343045,2,0.1343045,0.1210865,0.150152,0.16418,0.155612,0.8473775,0.830838,0.833774,0.868471,0.864556,0,0
1524,-1,-1,-1,,1,0.123294,0.120837,0.148255,0.161211,0.163068,0.83667,0.8403,0.825547,0.867593,0.871373,,
1524,-1,-1,-1,,1,0.145315,0.121336,0.152049,0.167149,0.148156,0.858085,0.821376,0.842001,0.869349,0.857739,,
1513,1528,1539,4,0.1396855,11,0.1729305455,0.1351776364,0.1288617273,0.1553325455,0.1370478182,0.8496796364,0.8705084545,0.8491593636,0.8628929091,0.8909404545,0.02428457931,0.01611121198
1527,1529,1532,9,0.8875935,6,0.1768118333,0.1277506667,0.118249,0.1514145,0.1132653333,0.8443396667,0.8722626667,0.8645505,0.8642056667,0.8975186667,0.01057595763,0.02239101235
1528,1530,1531,0,0.223747,2,0.223747,0.129869,0.125696,0.153498,0.117842,0.8465975,0.867409,0.8849685,0.8648135,0.8571415,0,0
1529,-1,-1,-1,,1,0.215113,0.142589,0.131683,0.164517,0.111935,0.864729,0.852994,0.893252,0.869109,0.86529,,
1529,-1,-1,-1,,1,0.232381,0.117149,0.119709,0.142479,0.123749,0.828466,0.881824,0.876685,0.860518,0.848993,,
1528,1533,1538,2,0.125283,4,0.15334425,0.1266915,0.1145255,0.15037275,0.110977,0.84321075,0.8746895,0.8543415,0.86390175,0.91770725,0.01936079071,0
1532,1534,1535,0,0.148594,3,0.1546263333,0.110319,0.1073273333,0.1510186667,0.1286753333,0.8469876667,0.8734873333,0.8624716667,0.8606863333,0.9203106667,0,0.01553084329
1533,-1,-1,-1,,1,0.13446,0.097578,0.103571,0.192431,0.130978,0.81642,0.864054,0.88458,0.874757,0.936656,,
1533,1536,1537,0,0.1647095,2,0.1647095,0.1166895,0.1092055,0.1303125,0.127524,0.8622715,0.878204,0.8514175,0.853651,0.912138,0,0
1535,-1,-1,-1,,1,0.162728,0.080432,0.114446,0.104035,0.130698,0.862838,0.887275,0.868231,0.854034,0.912361,,
1535,-1,-1,-1,,1,0.166691,0.152947,0.103965,0.15659,0.12435,0.861705,0.869133,0.834604,0.853268,0.911915,,
1532,-1,-1,-1,,1,0.149498,0.175809,0.13612,0.148435,0.057882,0.83188,0.878296,0.829951,0.873548,0.909897,,
1527,1540,1547,4,0.1803055,5,0.168273,0.14409,0.141597,0.1600342,0.1655868,0.8560876,0.8684034,0.83069,0.8613176,0.8830466,0.01481231936,0
1539,1541,1546,4,0.1750695,4,0.172105,0.1510105,0.14126875,0.15400175,0.16176525,0.86322375,0.87316875,0.8274935,0.85852775,0.88085475,0.01306046191,0
1540,1542,1543,8,0.853771,3,0.1769756667,0.1509076667,0.147846,0.1419573333,0.1557743333,0.8655796667,0.874592,0.8290266667,0.8600123333,0.88755,0,0.01018288548
1541,-1,-1,-1,,1,0.154687,0.14688,0.148248,0.146669,0.148529,0.878649,0.902794,0.848377,0.850042,0.888598,,
1541,1544,1545,0,0.18812,2,0.18812,0.1529215,0.147645,0.1396015,0.159397,0.859045,0.860491,0.8193515,0.8649975,0.887026,0,0
1543,-1,-1,-1,,1,0.182783,0.137805,0.151008,0.126448,0.170401,0.865521,0.854041,0.836424,0.872495,0.880447,,
1543,-1,-1,-1,,1,0.193457,0.168038,0.144282,0.152755,0.148393,0.852569,0.866941,0.802279,0.8575,0.893605,,
1540,-1,-1,-1,,1,0.157493,0.151319,0.121537,0.190135,0.179738,0.856156,0.868899,0.822894,0.854074,0.860769,,
1539,-1,-1,-1,,1,0.152945,0.116408,0.14291,0.184164,0.180873,0.827543,0.849342,0.843476,0.872477,0.891814,,
1512,1549,1564,8,0.937382,9,0.1363585556,0.1497265556,0.105773,0.1497753333,0.1568151111,0.8750318889,0.8512313333,0.8509133333,0.9065053333,0.8681477778,0.02216504176,0
1548,1550,1563,0,0.1769975,8,0.135764875,0.149180625,0.11380975,0.144352875,0.15547625,0.87592275,0.850455625,0.854229375,0.9020895,0.868506375,0.02052060039,0
1549,1551,1552,8,0.884589,7,0.1266141429,0.1515532857,0.1188591429,0.1422417143,0.1570017143,0.8814511429,0.849599,0.8576688571,0.90482,0.8703075714,0,0.0187012712
1550,-1,-1,-1,,1,0.128606,0.17787,0.09306,0.156376,0.195021,0.872346,0.822663,0.876046,0.875791,0.918088,,
1550,1553,1554,8,0.893595,6,0.1262821667,0.1471671667,0.123159,0.139886,0.1506651667,0.8829686667,0.8540883333,0.854606,0.9096581667,0.8623441667,0,0.01770858755
1552,-1,-1,-1,,1,0.119113,0.156809,0.110005,0.149033,0.154502,0.939979,0.856164,0.837005,0.893387,0.849091,,
1552,1555,1556,8,0.8973075,5,0.127716,0.1452388,0.1257898,0.1380566,0.1498978,0.8715666,0.8536732,0.8581262,0.9129124,0.8649948,0,0.01680139669
1554,-1,-1,-1,,1,0.099606,0.136225,0.132413,0.143633,0.124588,0.884298,0.87481,0.827336,0.893803,0.866241,,
1554,1557,1558,0,0.116757,4,0.1347435,0.14749225,0.124134,0.1366625,0.15622525,0.86838375,0.848389,0.86582375,0.91768975,0.86468325,0,0.01533476097
1556,-1,-1,-1,,1,0.092796,0.157413,0.127137,0.133996,0.159519,0.860902,0.864974,0.893713,0.921016,0.851541,,
1556,1559,1560,2,0.1101145,3,0.148726,0.1441853333,0.123133,0.1375513333,0.1551273333,0.8708776667,0.8428606667,0.8565273333,0.916581,0.869064,0,0.0113883587
1558,-1,-1,-1,,1,0.154175,0.143649,0.09663,0.155064,0.138968,0.884086,0.87466,0.870725,0.900812,0.875207,,
1558,1561,1562,0,0.1460015,2,0.1460015,0.1444535,0.1363845,0.128795,0.163207,0.8642735,0.826961,0.8494285,0.9244655,0.8659925,0,0
1560,-1,-1,-1,,1,0.140718,0.137229,0.14917,0.141811,0.143178,0.878605,0.821457,0.836776,0.932932,0.862076,,
1560,-1,-1,-1,,1,0.151285,0.151678,0.123599,0.115779,0.183236,0.849942,0.832465,0.862081,0.915999,0.869909,,
1549,-1,-1,-1,,1,0.19982,0.132572,0.078464,0.159131,0.144798,0.837224,0.856452,0.830153,0.882976,0.855898,,
1548,-1,-1,-1,,1,0.141108,0.154094,0.041479,0.193155,0.167526,0.867905,0.857437,0.824385,0.941832,0.865279,,
1511,1566,1597,7,0.9298495,18,0.1508606667,0.1489209444,0.1771693889,0.1630100556,0.1478866667,0.8574684444,0.8357575,0.8593321111,0.8760525556,0.8773293889,0.02642323916,0.01509262258
1565,1567,1582,7,0.84783,16,0.146918375,0.1550371875,0.1785026875,0.164889875,0.147765875,0.8535839375,0.8328951875,0.8485173125,0.8740408125,0.87884875,0.02414162,0.02053831971
1566,1568,1571,4,0.108694,8,0.163366,0.16630225,0.177984375,0.15019175,0.134791375,0.880927625,0.82443,0.830076375,0.871775,0.875374875,0.0168334887,0.01860185754
1567,1569,1570,0,0.2017435,2,0.2017435,0.1541275,0.177976,0.1580825,0.06963,0.849077,0.8206445,0.8428035,0.8733145,0.8966155,0,0
1568,-1,-1,-1,,1,0.189738,0.147832,0.201432,0.172651,0.103965,0.82883,0.806524,0.844974,0.873429,0.906338,,
1568,-1,-1,-1,,1,0.213749,0.160423,0.15452,0.143514,0.035295,0.869324,0.834765,0.840633,0.8732,0.886893,,
1567,1572,1573,5,0.877259,6,0.1505735,0.1703605,0.1779871667,0.1475615,0.1565118333,0.8915445,0.8256918333,0.825834,0.8712618333,0.8682946667,0,0.01756579266
1571,-1,-1,-1,,1,0.18259,0.18421,0.168913,0.167054,0.178516,0.867295,0.85182,0.827754,0.901478,0.858592,,
1571,1574,1581,2,0.19977,5,0.1441702,0.1675906,0.179802,0.143663,0.152111,0.8963944,0.8204662,0.82545,0.8652186,0.8702352,0.01559271637,0
1573,1575,1578,2,0.1697635,4,0.142108,0.157477,0.16982975,0.1415795,0.1489975,0.89674625,0.817876,0.82041825,0.86083775,0.866525,0.009741046261,0.008165831587
1574,1576,1577,0,0.129919,2,0.129919,0.1700455,0.163913,0.15538,0.1302645,0.8975825,0.8233365,0.7981545,0.8701125,0.855196,0,0
1575,-1,-1,-1,,1,0.110589,0.172839,0.159943,0.150569,0.147106,0.90259,0.811366,0.794364,0.862785,0.858104,,
1575,-1,-1,-1,,1,0.149249,0.167252,0.167883,0.160191,0.113423,0.892575,0.835307,0.801945,0.87744,0.852288,,
1574,1579,1580,0,0.154297,2,0.154297,0.1449085,0.1757465,0.127779,0.1677305,0.89591,0.8124155,0.842682,0.851563,0.877854,0,0
1578,-1,-1,-1,,1,0.149139,0.136331,0.179849,0.141083,0.175419,0.887223,0.798288,0.839838,0.852,0.883364,,
1578,-1,-1,-1,,1,0.159455,0.153486,0.171644,0.114475,0.160042,0.904597,0.826543,0.845526,0.851126,0.872344,,
1573,-1,-1,-1,,1,0.152419,0.208045,0.219691,0.151997,0.164565,0.894987,0.830827,0.845577,0.882742,0.885076,,
1566,1583,1584,0,0.087481,8,0.13047075,0.143772125,0.179021,0.179588,0.160740375,0.82624025,0.841360375,0.86695825,0.876306625,0.882322625,0,0.01879106213
1582,-1,-1,-1,,1,0.072721,0.185981,0.191991,0.196632,0.193187,0.850045,0.843811,0.865585,0.850017,0.884799,,
1582,1585,1596,0,0.171364,7,0.1387207143,0.1377422857,0.1771681429,0.1771531429,0.1561051429,0.8228395714,0.8410102857,0.8671544286,0.8800622857,0.8819688571,0.01750490207,0
1584,1586,1587,4,0.124508,6,0.1322621667,0.1387555,0.1754578333,0.1789566667,0.151564,0.8215206667,0.844987,0.8685653333,0.8738931667,0.8771088333,0,0.0158848574
1585,-1,-1,-1,,1,0.129687,0.139098,0.176714,0.168223,0.113895,0.809818,0.832085,0.915321,0.890383,0.899547,,
1585,1588,1595,1,0.16232,5,0.1327772,0.138687,0.1752066,0.1811034,0.1590978,0.8238612,0.8475674,0.8592142,0.8705952,0.8726212,0.01401647761,0
1587,1589,1590,6,0.843342,4,0.1346645,0.128338,0.17758675,0.1855615,0.161104,0.83004425,0.84643325,0.861497,0.8660975,0.87834075,0,0.01122725516
1588,-1,-1,-1,,1,0.165256,0.144557,0.191177,0.158966,0.135121,0.821142,0.842227,0.860585,0.876813,0.887233,,
1588,1591,1592,5,0.8286975,3,0.1244673333,0.1229316667,0.1730566667,0.1944266667,0.169765,0.8330116667,0.8478353333,0.861801,0.8625256667,0.8753766667,0,0.006795281126
1590,-1,-1,-1,,1,0.102241,0.130881,0.1753,0.164734,0.184857,0.824493,0.847032,0.854311,0.870408,0.868877,,
1590,1593,1594,0,0.1355805,2,0.1355805,0.118957,0.171935,0.209273,0.162219,0.837271,0.848237,0.865546,0.8585845,0.8786265,0,0
1592,-1,-1,-1,,1,0.130208,0.116272,0.164298,0.196023,0.15879,0.84164,0.844457,0.861287,0.859704,0.889908,,
1592,-1,-1,-1,,1,0.140953,0.121642,0.179572,0.222523,0.165648,0.832902,0.852017,0.869805,0.857465,0.867345,,
1587,-1,-1,-1,,1,0.125228,0.180083,0.165686,0.163271,0.151073,0.799129,0.852104,0.850083,0.888586,0.849743,,
1584,-1,-1,-1,,1,0.177472,0.131663,0.18743,0.166332,0.183352,0.830753,0.81715,0.858689,0.917077,0.911129,,
1565,1598,1599,0,0.182399,2,0.182399,0.099991,0.166503,0.1479715,0.148853,0.8885445,0.858656,0.9458505,0.8921465,0.8651745,0,0
1597,-1,-1,-1,,1,0.1586,0.100095,0.152944,0.157023,0.121009,0.869155,0.846249,0.944378,0.881127,0.861061,,
1597,-1,-1,-1,,1,0.206198,0.099887,0.180062,0.13892,0.176697,0.907934,0.871063,0.947323,0.903166,0.869288,,
1200,1601,1640,6,0.7520975,200,0.787250095,0.780662415,0.787832685,0.791851445,0.79799707,0.8029487,0.77743637,0.788631435,0.78235493,0.78774183,0.23141644,0.02977754674
1600,1602,1625,6,0.7340945,20,0.66095475,0.61284445,0.63834475,0.69849625,0.774533,0.7906365,0.5249299,0.6724216,0.60904915,0.6944349,0.2584162194,0.0272301821
1601,1603,1610,9,0.5232895,12,0.573368,0.4855831667,0.5416529167,0.6304751667,0.7527755,0.7923455833,0.3786834167,0.59017525,0.4793535833,0.6263325,0.1988169425,0.2159442558
1602,1604,1605,5,0.614758,4,0.32766325,0.53657075,0.6436125,0.1933875,0.7655845,0.681903,0.24500975,0.62782725,0.3967095,0.242394,0,0.1649511288
1603,-1,-1,-1,,1,0.18089,0.222214,0.756731,0.379234,0.791728,0.576395,0.462925,0.3843,0.92749,0.31731,,
1603,1606,1607,1,0.5147065,3,0.3765876667,0.6413563333,0.6059063333,0.1314386667,0.75687,0.7170723333,0.1723713333,0.709003,0.2197826667,0.217422,0,0.1352587138
1605,-1,-1,-1,,1,0.357725,0.280384,0.412269,0.003019,0.748064,0.718927,0.009995,0.990073,0.164285,0.133315,,
1605,1608,1609,0,0.386019,2,0.386019,0.8218425,0.702725,0.1956485,0.761273,0.716145,0.2535595,0.568468,0.2475315,0.2594755,0,0
1607,-1,-1,-1,,1,0.353358,0.894656,0.482667,0.17705,0.672504,0.779169,0.495655,0.46701,0.044278,0.183704,,
1607,-1,-1,-1,,1,0.41868,0.749029,0.922783,0.214247,0.850042,0.653121,0.011464,0.669926,0.450785,0.335247,,
1602,1611,1622,8,0.767844,8,0.696220375,0.460089375,0.490673125,0.849019,0.746371,0.847566875,0.44552025,0.57134925,0.520675625,0.81830175,0.2046559534,0.02267106043
1610,1612,1613,0,0.353375,6,0.6626015,0.3433226667,0.3900773333,0.8612218333,0.7233813333,0.8663266667,0.352373,0.500848,0.4170478333,0.8197683333,0,0.1812165779
1611,-1,-1,-1,,1,0.191539,0.199375,0.90259,0.82214,0.701967,0.957043,0.017326,0.202264,0.449034,0.90896,,
1611,1614,1617,2,0.197707,5,0.756814,0.3721122,0.2875748,0.8690382,0.7276642,0.8481834,0.4193824,0.5605648,0.4106506,0.80193,0.09449786287,0.1572141186
1613,1615,1616,0,0.6256735,2,0.6256735,0.1910585,0.116634,0.765351,0.758603,0.838347,0.596851,0.275452,0.522034,0.8212025,0,0
1614,-1,-1,-1,,1,0.515211,0.146016,0.085667,0.801312,0.652215,0.779048,0.46209,0.345828,0.335386,0.826676,,
1614,-1,-1,-1,,1,0.736136,0.236101,0.147601,0.72939,0.864991,0.897646,0.731612,0.205076,0.708682,0.815729,,
1613,1618,1621,2,0.4783965,3,0.844241,0.4928146667,0.4015353333,0.938163,0.7070383333,0.854741,0.30107,0.75064,0.336395,0.7890816667,0.1269544683,0
1617,1619,1620,0,0.951718,2,0.951718,0.5239365,0.299364,0.9081105,0.613335,0.8141945,0.1681845,0.6776905,0.441651,0.8279565,0,0
1618,-1,-1,-1,,1,0.940078,0.885836,0.247813,0.987605,0.670605,0.850431,0.199785,0.792792,0.454679,0.782337,,
1618,-1,-1,-1,,1,0.963358,0.162037,0.350915,0.828616,0.556065,0.777958,0.136584,0.562589,0.428623,0.873576,,
1617,-1,-1,-1,,1,0.629287,0.430571,0.605878,0.998268,0.894445,0.935834,0.566841,0.896539,0.125883,0.711332,,
1610,1623,1624,0,0.797077,2,0.797077,0.8103895,0.7924605,0.8124105,0.81534,0.7912875,0.724962,0.782853,0.831559,0.813902,0,0
1622,-1,-1,-1,,1,0.796049,0.793103,0.82204,0.800079,0.838242,0.821565,0.728901,0.811186,0.836112,0.774753,,
1622,-1,-1,-1,,1,0.798105,0.827676,0.762881,0.824742,0.792438,0.76101,0.721023,0.75452,0.827006,0.853051,,
1601,1626,1635,7,0.8050125,8,0.792334875,0.803736375,0.7833825,0.800527875,0.80716925,0.788072875,0.744299625,0.795791125,0.8035925,0.7965885,0.02386318679,0.01722123518
1625,1627,1628,0,0.743014,5,0.7850688,0.822482,0.7737624,0.8016484,0.7850928,0.7853866,0.7442282,0.7811962,0.8243828,0.7937018,0,0.02163158124
1626,-1,-1,-1,,1,0.72455,0.808439,0.750806,0.798688,0.766328,0.761962,0.746182,0.80407,0.867937,0.784529,,
1626,1629,1630,2,0.7604135,4,0.8001985,0.82599275,0.7795015,0.8023885,0.789784,0.79124275,0.74373975,0.77547775,0.81349425,0.795995,0,0.01868669181
1628,-1,-1,-1,,1,0.761478,0.811303,0.734321,0.817794,0.799511,0.820777,0.739425,0.747584,0.818633,0.815927,,
1628,1631,1634,2,0.7985895,3,0.8131053333,0.8308893333,0.7945616667,0.7972533333,0.7865416667,0.781398,0.745178,0.7847756667,0.8117813333,0.789351,0.01148407751,0
1630,1632,1633,0,0.820912,2,0.820912,0.837974,0.790079,0.7884595,0.797314,0.782657,0.7431665,0.793075,0.833597,0.810119,0,0
1631,-1,-1,-1,,1,0.808711,0.831627,0.786506,0.782054,0.828415,0.780973,0.749756,0.78621,0.829739,0.809525,,
1631,-1,-1,-1,,1,0.833113,0.844321,0.793652,0.794865,0.766213,0.784341,0.736577,0.79994,0.837455,0.810713,,
1630,-1,-1,-1,,1,0.797492,0.81672,0.803527,0.814841,0.764997,0.77888,0.749201,0.768177,0.76815,0.747815,,
1625,1636,1639,6,0.7465515,3,0.804445,0.7724936667,0.799416,0.7986603333,0.8439633333,0.79255,0.7444186667,0.820116,0.768942,0.8013996667,0.008875296399,0
1635,1637,1638,0,0.818807,2,0.818807,0.7758015,0.812856,0.808455,0.844789,0.7884405,0.740855,0.8064955,0.788295,0.78973,0,0
1636,-1,-1,-1,,1,0.81243,0.78248,0.80234,0.815814,0.836677,0.79492,0.740153,0.805955,0.795583,0.809121,,
1636,-1,-1,-1,,1,0.825184,0.769123,0.823372,0.801096,0.852901,0.781961,0.741557,0.807036,0.781007,0.770339,,
1635,-1,-1,-1,,1,0.775721,0.765878,0.772536,0.779071,0.842312,0.800769,0.751546,0.847357,0.730236,0.824739,,
1600,1641,1820,8,0.803865,180,0.8012829111,0.7993088556,0.8044424556,0.8022242444,0.8006041889,0.8043167222,0.8054926444,0.8015436389,0.8016111278,0.7981092667,0.02725011024,0.02971946482
1640,1642,1731,2,0.799745,90,0.8008328222,0.7988565889,0.7990368444,0.8038160444,0.7986374556,0.8042864667,0.8045198,0.8004641333,0.7753542667,0.8013314333,0.02576869082,0.02612414488
1641,1643,1678,4,0.7956985,45,0.8052490889,0.7944654444,0.7747809111,0.8063309111,0.7989424444,0.8073107333,0.8066337111,0.8031172667,0.7780282667,0.8069746222,0.02303402769,0.02479824512
1642,1644,1663,0,0.820413,18,0.8144294444,0.8012435,0.7744662778,0.8065075556,0.7682431111,0.8052794444,0.8096732222,0.7953563889,0.7682657778,0.8061357222,0.02037303968,0.02087737373
1643,1645,1660,9,0.8386635,10,0.790759,0.811351,0.7735962,0.8098618,0.7760497,0.805124,0.8027885,0.7954982,0.7601992,0.804666,0.01870414053,0.006506557444
1644,1646,1647,7,0.782535,8,0.788115875,0.812946625,0.769083125,0.809443,0.7769435,0.797564125,0.797225375,0.799895,0.755510375,0.792155875,0,0.01726630935
1645,-1,-1,-1,,1,0.815829,0.850914,0.719003,0.794961,0.777979,0.788269,0.805495,0.777749,0.742076,0.770364,,
1645,1648,1649,9,0.775223,7,0.7841568571,0.8075227143,0.7762374286,0.8115118571,0.7767955714,0.798892,0.796044,0.8030587143,0.7574295714,0.795269,0,0.01548793015
1647,-1,-1,-1,,1,0.772425,0.80923,0.75097,0.791252,0.749833,0.766331,0.814339,0.828544,0.723649,0.774078,,
1647,1650,1651,6,0.7792725,6,0.7861121667,0.8072381667,0.7804486667,0.8148885,0.7812893333,0.8043188333,0.7929948333,0.7988111667,0.7630596667,0.7988008333,0,0.01411456851
1649,-1,-1,-1,,1,0.786295,0.777721,0.781285,0.777984,0.782121,0.790637,0.770921,0.818043,0.77246,0.780756,,
1649,1652,1653,0,0.7695615,5,0.7860756,0.8131416,0.7802814,0.8222694,0.781123,0.8070552,0.7974096,0.7949648,0.7611796,0.8024098,0,0.01302035909
1651,-1,-1,-1,,1,0.754199,0.812987,0.769049,0.832906,0.78177,0.799034,0.790594,0.79333,0.73887,0.828426,,
1651,1654,1655,3,0.8081195,4,0.79404475,0.81318025,0.7830895,0.81961025,0.78096125,0.8090605,0.7991135,0.7953735,0.766757,0.79590575,0,0.01084136578
1653,-1,-1,-1,,1,0.796817,0.799459,0.77786,0.791438,0.78817,0.791812,0.807446,0.791715,0.77913,0.824871,,
1653,1656,1657,3,0.8270245,3,0.7931206667,0.817754,0.7848326667,0.829001,0.7785583333,0.81481,0.796336,0.796593,0.7626326667,0.7862506667,0,0.009189855369
1655,-1,-1,-1,,1,0.785637,0.822942,0.782863,0.824801,0.792163,0.835876,0.801848,0.813759,0.769447,0.797199,,
1655,1658,1659,0,0.7968625,2,0.7968625,0.81516,0.7858175,0.831101,0.771756,0.804277,0.79358,0.78801,0.7592255,0.7807765,0,0
1657,-1,-1,-1,,1,0.784924,0.830973,0.79254,0.829248,0.768307,0.803885,0.787624,0.788699,0.740898,0.785185,,
1657,-1,-1,-1,,1,0.808801,0.799347,0.779095,0.832954,0.775205,0.804669,0.799536,0.787321,0.777553,0.776368,,
1644,1661,1662,0,0.8013315,2,0.8013315,0.8049685,0.7916485,0.811537,0.7724745,0.8353635,0.825041,0.777911,0.7789545,0.8547065,0,0
1660,-1,-1,-1,,1,0.798407,0.813464,0.792724,0.812861,0.761477,0.82428,0.826034,0.77188,0.773968,0.860512,,
1660,-1,-1,-1,,1,0.804256,0.796473,0.790573,0.810213,0.783472,0.846447,0.824048,0.783942,0.783941,0.848901,,
1643,1664,1669,9,0.7924455,8,0.8440175,0.788609125,0.775553875,0.80231475,0.758484875,0.80547375,0.818279125,0.795179125,0.778349,0.807972875,0.01150855087,0.02025460818
1663,1665,1668,3,0.798645,3,0.846219,0.804443,0.7895176667,0.7899866667,0.74498,0.7791993333,0.8221236667,0.7911413333,0.785802,0.7834513333,0.007423835577,0
1664,1666,1667,0,0.846181,2,0.846181,0.800725,0.791295,0.782785,0.7549475,0.794976,0.822601,0.793145,0.7789295,0.7802975,0,0
1665,-1,-1,-1,,1,0.840909,0.793033,0.797415,0.7929,0.749622,0.784063,0.819099,0.803289,0.786678,0.781619,,
1665,-1,-1,-1,,1,0.851453,0.808417,0.785175,0.77267,0.760273,0.805889,0.826103,0.783001,0.771181,0.778976,,
1664,-1,-1,-1,,1,0.846295,0.811879,0.785963,0.80439,0.725045,0.747646,0.821169,0.787134,0.799547,0.789759,,
1663,1670,1671,0,0.8273025,5,0.8426966,0.7791088,0.7671756,0.8097116,0.7665878,0.8212384,0.8159724,0.7976018,0.7738772,0.8226858,0,0.01834245313
1669,-1,-1,-1,,1,0.824997,0.76882,0.76928,0.816071,0.741076,0.807443,0.858657,0.846844,0.783452,0.822385,,
1669,1672,1673,3,0.7900745,4,0.8471215,0.781681,0.7666495,0.80812175,0.77296575,0.82468725,0.80530125,0.78529125,0.7714835,0.822761,0,0.01561137944
1671,-1,-1,-1,,1,0.865418,0.776074,0.796599,0.781797,0.767439,0.803289,0.810984,0.786132,0.757559,0.866787,,
1671,1674,1677,7,0.79571,3,0.8410226667,0.78355,0.7566663333,0.8168966667,0.774808,0.83182,0.803407,0.785011,0.776125,0.8080856667,0.01203452618,0
1673,1675,1676,0,0.84432,2,0.84432,0.7946565,0.7627545,0.8172755,0.791758,0.825992,0.8126675,0.7731785,0.7774885,0.804151,0,0
1674,-1,-1,-1,,1,0.829608,0.782818,0.774094,0.836199,0.788517,0.827878,0.832325,0.763613,0.783119,0.81317,,
1674,-1,-1,-1,,1,0.859032,0.806495,0.751415,0.798352,0.794999,0.824106,0.79301,0.782744,0.771858,0.795132,,
1673,-1,-1,-1,,1,0.834428,0.761337,0.74449,0.816139,0.740908,0.843476,0.784886,0.808676,0.773398,0.815955,,
1642,1679,1704,0,0.7961545,27,0.7991288519,0.7899467407,0.7749906667,0.8062131481,0.8194086667,0.8086649259,0.8046073704,0.8082911852,0.7845365926,0.8075338889,0.02246048227,0.0233506056
1678,1680,1681,2,0.7401145,13,0.7739198462,0.7948088462,0.7732195385,0.8016296923,0.8144017692,0.8225168462,0.8113587692,0.8095963846,0.784126,0.8037390769,0,0.02131856981
1679,-1,-1,-1,,1,0.761054,0.868097,0.733571,0.786305,0.828641,0.839169,0.84885,0.821121,0.755635,0.808267,,
1679,1682,1695,6,0.8123715,12,0.774992,0.7887015,0.7765235833,0.80290675,0.8132151667,0.8211291667,0.8082345,0.808636,0.78650025,0.80336175,0.01896170967,0.01818887163
1681,1683,1694,7,0.8363335,7,0.7759478571,0.804619,0.7713097143,0.7995028571,0.8185542857,0.8237342857,0.7902267143,0.8039285714,0.7889177143,0.8124682857,0.01766200939,0
1682,1684,1685,2,0.7580865,6,0.773555,0.801869,0.7721746667,0.8076151667,0.8182188333,0.8233325,0.7885891667,0.7969948333,0.7882956667,0.8077416667,0,0.01625847106
1683,-1,-1,-1,,1,0.768563,0.76478,0.746658,0.81995,0.803704,0.851234,0.803182,0.818393,0.787142,0.83454,,
1683,1686,1693,0,0.791789,5,0.7745534,0.8092868,0.777278,0.8051482,0.8211218,0.8177522,0.7856706,0.7927152,0.7885264,0.802382,0.01453595102,0
1685,1687,1692,8,0.7926545,4,0.7694425,0.81440775,0.77750475,0.81310925,0.81665525,0.81037225,0.791896,0.791662,0.7878715,0.80517025,0.01320578481,0
1686,1688,1689,0,0.756609,3,0.7672663333,0.8191383333,0.7756553333,0.8201123333,0.8141976667,0.8135533333,0.7886336667,0.7798373333,0.785908,0.809445,0,0.01068145337
1687,-1,-1,-1,,1,0.741987,0.817428,0.782671,0.826619,0.805052,0.815762,0.803582,0.799542,0.790711,0.832023,,
1687,1690,1691,0,0.779906,2,0.779906,0.8199935,0.7721475,0.816859,0.8187705,0.812449,0.7811595,0.769985,0.7835065,0.798156,0,0
1689,-1,-1,-1,,1,0.771231,0.824587,0.77478,0.797401,0.820207,0.799896,0.799962,0.760974,0.775466,0.798048,,
1689,-1,-1,-1,,1,0.788581,0.8154,0.769515,0.836317,0.817334,0.825002,0.762357,0.778996,0.791547,0.798264,,
1686,-1,-1,-1,,1,0.775971,0.800216,0.783053,0.7921,0.824028,0.800829,0.801683,0.827136,0.793762,0.792346,,
1685,-1,-1,-1,,1,0.794997,0.788803,0.776371,0.773304,0.838988,0.847272,0.760769,0.796928,0.791146,0.791229,,
1682,-1,-1,-1,,1,0.790305,0.821119,0.76612,0.750829,0.820567,0.826145,0.800052,0.845531,0.79265,0.840828,,
1681,1696,1697,0,0.763448,5,0.7736538,0.766417,0.783823,0.8076722,0.8057404,0.817482,0.8334454,0.8152264,0.7831158,0.7906126,0,0.01554461056
1695,-1,-1,-1,,1,0.756587,0.768652,0.783956,0.850295,0.811676,0.761149,0.821161,0.8176,0.779441,0.787545,,
1695,1698,1703,7,0.8314105,4,0.7779205,0.76585825,0.78378975,0.7970165,0.8042565,0.83156525,0.8365165,0.814633,0.7840345,0.7913795,0.01152398792,0
1697,1699,1702,3,0.8151835,3,0.7773356667,0.7761806667,0.7866363333,0.8028426667,0.8056366667,0.8332943333,0.8327473333,0.801623,0.7796946667,0.7805486667,0.009510947494,0
1698,1700,1701,0,0.7776125,2,0.7776125,0.778344,0.7893185,0.789608,0.808722,0.8252895,0.8297385,0.8078,0.7868245,0.782482,0,0
1699,-1,-1,-1,,1,0.770309,0.764172,0.779121,0.801055,0.821046,0.811171,0.826553,0.809158,0.791603,0.787898,,
1699,-1,-1,-1,,1,0.784916,0.792516,0.799516,0.778161,0.796398,0.839408,0.832924,0.806442,0.782046,0.777066,,
1698,-1,-1,-1,,1,0.776782,0.771854,0.781272,0.829312,0.799466,0.849304,0.838765,0.789269,0.765435,0.776682,,
1697,-1,-1,-1,,1,0.779675,0.734891,0.77525,0.779538,0.800116,0.826378,0.847824,0.853663,0.797054,0.823872,,
1678,1705,1718,9,0.808037,14,0.8225372143,0.7854319286,0.7766352857,0.8104692143,0.8240579286,0.7958024286,0.7983382143,0.8070792143,0.7849178571,0.8110576429,0.02233973623,0.01914847945
1704,1706,1717,2,0.784041,7,0.8281905714,0.7779831429,0.7750192857,0.8127652857,0.8314294286,0.8012888571,0.791674,0.806663,0.786856,0.7811284286,0.02059891896,0
1705,1707,1708,6,0.7630035,6,0.8239498333,0.7697678333,0.7734431667,0.8207068333,0.8327283333,0.8052128333,0.787417,0.8050961667,0.78713,0.7871983333,0,0.01825727985
1706,-1,-1,-1,,1,0.802942,0.784889,0.779353,0.837461,0.813686,0.833109,0.760286,0.859795,0.74886,0.790033,,
1706,1709,1716,5,0.823497,5,0.8281514,0.7667436,0.7722612,0.817356,0.8365368,0.7996336,0.7928432,0.7941564,0.794784,0.7866314,0.01631120765,0
1708,1710,1715,3,0.831295,4,0.8275205,0.7675785,0.7795035,0.81150925,0.8392735,0.78970825,0.78389925,0.796597,0.79340075,0.78220275,0.01297710462,0
1709,1711,1714,2,0.7822465,3,0.826419,0.7628486667,0.7801053333,0.799399,0.8375513333,0.802513,0.786469,0.805608,0.7952333333,0.776108,0.009400379085,0
1710,1712,1713,0,0.814389,2,0.814389,0.7629025,0.778355,0.798865,0.830101,0.800637,0.7794035,0.793547,0.790926,0.764864,0,0
1711,-1,-1,-1,,1,0.807409,0.759014,0.780887,0.81475,0.833888,0.793615,0.793086,0.805335,0.799859,0.7553,,
1711,-1,-1,-1,,1,0.821369,0.766791,0.775823,0.78298,0.826314,0.807659,0.765721,0.781759,0.781993,0.774428,,
1710,-1,-1,-1,,1,0.850479,0.762741,0.783606,0.800467,0.852452,0.806265,0.8006,0.82973,0.803848,0.798596,,
1709,-1,-1,-1,,1,0.830825,0.781768,0.777698,0.84784,0.84444,0.751294,0.77619,0.769564,0.787903,0.800487,,
1708,-1,-1,-1,,1,0.830675,0.763404,0.743292,0.840743,0.82559,0.839335,0.828619,0.784394,0.800317,0.804346,,
1705,-1,-1,-1,,1,0.853635,0.827275,0.784476,0.765116,0.823636,0.777745,0.817216,0.816064,0.785212,0.744709,,
1704,1719,1724,1,0.78371,7,0.8168838571,0.7928807143,0.7782512857,0.8081731429,0.8166864286,0.790316,0.8050024286,0.8074954286,0.7829797143,0.8409868571,0.01051086789,0.0188374409
1718,1720,1721,2,0.7812945,3,0.821993,0.767112,0.786482,0.7980443333,0.8132433333,0.810424,0.8106716667,0.8041596667,0.7805073333,0.8258903333,0,0.006080458628
1719,-1,-1,-1,,1,0.808567,0.782991,0.779684,0.775661,0.817304,0.828396,0.813087,0.796485,0.797708,0.831965,,
1719,1722,1723,0,0.828706,2,0.828706,0.7591725,0.789881,0.809236,0.811213,0.801438,0.809464,0.807997,0.771907,0.822853,0,0
1721,-1,-1,-1,,1,0.823027,0.755442,0.796857,0.817659,0.819285,0.800301,0.807087,0.798914,0.775825,0.828683,,
1721,-1,-1,-1,,1,0.834385,0.762903,0.782905,0.800813,0.803141,0.802575,0.811841,0.81708,0.767989,0.817023,,
1718,1725,1730,6,0.819375,4,0.813052,0.81220725,0.77207825,0.81576975,0.81926875,0.775235,0.8007505,0.80999725,0.784834,0.85230925,0.01715578071,0
1724,1726,1727,2,0.766489,3,0.8182986667,0.8132913333,0.7775506667,0.8073256667,0.8110373333,0.779874,0.7881083333,0.8057376667,0.7795153333,0.8569506667,0,0.01292182222
1725,-1,-1,-1,,1,0.814172,0.843151,0.761123,0.804608,0.805277,0.791353,0.800073,0.816692,0.7785,0.811728,,
1725,1728,1729,0,0.820362,2,0.820362,0.7983615,0.7857645,0.8086845,0.8139175,0.7741345,0.782126,0.8002605,0.780023,0.879562,0,0
1727,-1,-1,-1,,1,0.803571,0.784429,0.799674,0.824459,0.818732,0.797705,0.778207,0.796558,0.769018,0.874824,,
1727,-1,-1,-1,,1,0.837153,0.812294,0.771855,0.79291,0.809103,0.750564,0.786045,0.803963,0.791028,0.8843,,
1724,-1,-1,-1,,1,0.797312,0.808955,0.755661,0.841102,0.843963,0.761318,0.838677,0.822776,0.80079,0.838385,,
1641,1732,1803,5,0.820756,45,0.7964165556,0.8032477333,0.8232927778,0.8013011778,0.7983324667,0.8012622,0.8024058889,0.797811,0.7726802667,0.7956882444,0.02477158614,0.02191283054
1731,1733,1760,9,0.7909275,36,0.7923691111,0.8028599722,0.8220521111,0.8046543333,0.7980824722,0.7882245833,0.8035394167,0.7922890556,0.7722847222,0.7984338056,0.02287249169,0.02342159798
1732,1734,1735,6,0.771343,14,0.7881665,0.8010825,0.8198630714,0.8080490714,0.8069220714,0.7872750714,0.8137589286,0.7854935,0.7797002857,0.7691774286,0,0.02119836111
1733,-1,-1,-1,,1,0.789891,0.773132,0.817632,0.903992,0.804964,0.809612,0.760532,0.77502,0.77712,0.787002,,
1733,1736,1745,4,0.800948,13,0.7880338462,0.8032325385,0.8200346923,0.8006688462,0.8070726923,0.7855568462,0.8178533077,0.7862991538,0.7798987692,0.7678063077,0.01882671069,0.01815952292
1735,1737,1738,1,0.7891215,5,0.7993838,0.813647,0.8315606,0.8055026,0.788961,0.7934682,0.8358898,0.7630434,0.7842556,0.7774258,0,0.01547466865
1736,-1,-1,-1,,1,0.80016,0.774379,0.856526,0.859916,0.8008,0.776184,0.834227,0.734413,0.792188,0.769429,,
1736,1739,1744,0,0.8120945,4,0.79918975,0.823464,0.82531925,0.79189925,0.78600125,0.79778925,0.8363055,0.770201,0.7822725,0.779425,0.01307908187,0
1738,1740,1741,0,0.786285,3,0.7940606667,0.812241,0.8256176667,0.791719,0.783825,0.7945316667,0.833847,0.7692396667,0.795654,0.7835233333,0,0.008991909668
1739,-1,-1,-1,,1,0.77457,0.820199,0.837577,0.800265,0.795929,0.763993,0.822023,0.78625,0.796315,0.770287,,
1739,1742,1743,0,0.803806,2,0.803806,0.808262,0.819638,0.787446,0.777773,0.809801,0.839759,0.7607345,0.7953235,0.7901415,0,0
1741,-1,-1,-1,,1,0.798,0.81266,0.831484,0.78534,0.780735,0.810083,0.831785,0.739147,0.786824,0.789968,,
1741,-1,-1,-1,,1,0.809612,0.803864,0.807792,0.789552,0.774811,0.809519,0.847733,0.782322,0.803823,0.790315,,
1738,-1,-1,-1,,1,0.814577,0.857133,0.824424,0.79244,0.79253,0.807562,0.843681,0.773085,0.742128,0.76713,,
1735,1746,1747,3,0.7688425,8,0.780940125,0.7967235,0.812831,0.79764775,0.8183925,0.78061225,0.8065805,0.800834,0.77717575,0.761794125,0,0.0168162754
1745,-1,-1,-1,,1,0.807078,0.769804,0.826009,0.750153,0.804535,0.771211,0.782154,0.782062,0.760883,0.741036,,
1745,1748,1749,7,0.787596,7,0.7772061429,0.8005691429,0.8109484286,0.8044327143,0.8203721429,0.7819552857,0.81007,0.8035157143,0.7795032857,0.7647595714,0,0.01537179561
1747,-1,-1,-1,,1,0.736126,0.837799,0.822821,0.806243,0.83274,0.814079,0.803995,0.785497,0.777813,0.757842,,
1747,1750,1751,4,0.8060485,6,0.7840528333,0.7943641667,0.8089696667,0.804131,0.8183108333,0.7766013333,0.8110825,0.8065188333,0.779785,0.7659125,0,0.01329871523
1749,-1,-1,-1,,1,0.776622,0.843749,0.812509,0.799235,0.801096,0.760153,0.836055,0.823533,0.788421,0.746927,,
1749,1752,1753,0,0.764497,5,0.785539,0.7844872,0.8082618,0.8051102,0.8217538,0.779891,0.806088,0.803116,0.7780578,0.7697096,0,0.01197275296
1751,-1,-1,-1,,1,0.759045,0.776967,0.805774,0.824015,0.840679,0.751719,0.810057,0.795426,0.787136,0.777189,,
1751,1754,1755,0,0.77898,4,0.7921625,0.78636725,0.80888375,0.800384,0.8170225,0.786934,0.80509575,0.8050385,0.77578825,0.76783975,0,0.01038916379
1753,-1,-1,-1,,1,0.769949,0.805278,0.811916,0.789891,0.827868,0.800342,0.81504,0.813252,0.758886,0.780172,,
1753,1756,1757,2,0.8043615,3,0.799567,0.7800636667,0.807873,0.8038816667,0.8134073333,0.7824646667,0.801781,0.8023006667,0.7814223333,0.763729,0,0.007993865939
1755,-1,-1,-1,,1,0.806732,0.778333,0.803066,0.818684,0.811001,0.784324,0.80114,0.81077,0.754411,0.77784,,
1755,1758,1759,0,0.7959845,2,0.7959845,0.780929,0.8102765,0.7964805,0.8146105,0.781535,0.8021015,0.798066,0.794928,0.7566735,0,0
1757,-1,-1,-1,,1,0.788011,0.774729,0.814896,0.787532,0.811332,0.774681,0.816147,0.806437,0.789218,0.747847,,
1757,-1,-1,-1,,1,0.803958,0.787129,0.805657,0.805429,0.817889,0.788389,0.788056,0.789695,0.800638,0.7655,,
1732,1761,1776,4,0.7882245,22,0.7950435,0.8039910909,0.8234451364,0.8024940455,0.7924572727,0.7888288182,0.7970360909,0.7966135,0.7675657273,0.8170515,0.0207280386,0.0215669172
1760,1762,1775,7,0.8426045,8,0.80309325,0.817515375,0.817244125,0.81664275,0.765965,0.78442875,0.78921525,0.814545625,0.769174625,0.807402,0.01847541634,0
1761,1763,1774,9,0.822638,7,0.8034731429,0.811341,0.8170098571,0.811478,0.763616,0.7899188571,0.783817,0.8076862857,0.7711972857,0.8049174286,0.01717928859,0
1762,1764,1773,2,0.8308405,6,0.799749,0.8143181667,0.8162255,0.8130185,0.763217,0.798609,0.7823156667,0.8091948333,0.7668251667,0.8002008333,0.01568082051,0
1763,1765,1772,1,0.834138,5,0.804258,0.8050564,0.8124538,0.8101122,0.7669424,0.8041316,0.7813416,0.8113528,0.7656044,0.800631,0.01379378881,0
1764,1766,1767,1,0.777769,4,0.8122055,0.79522325,0.814145,0.8140105,0.7683915,0.80067275,0.7868475,0.80977975,0.7686445,0.80020975,0,0.0122258747
1765,-1,-1,-1,,1,0.808329,0.762184,0.819142,0.794541,0.78794,0.813533,0.793582,0.818586,0.759227,0.79154,,
1765,1768,1771,0,0.817886,3,0.8134976667,0.8062363333,0.8124793333,0.8205003333,0.7618753333,0.796386,0.7846026667,0.8068443333,0.7717836667,0.8030996667,0.008634997827,0
1767,1769,1770,0,0.8088595,2,0.8088595,0.8126775,0.8132065,0.815834,0.775189,0.7957715,0.771916,0.7989425,0.7706575,0.8064495,0,0
1768,-1,-1,-1,,1,0.804721,0.801468,0.799816,0.822877,0.772566,0.790556,0.754557,0.798772,0.768006,0.812059,,
1768,-1,-1,-1,,1,0.812998,0.823887,0.826597,0.808791,0.777812,0.800987,0.789275,0.799113,0.773309,0.80084,,
1767,-1,-1,-1,,1,0.822774,0.793354,0.811025,0.829833,0.735248,0.797615,0.809976,0.822648,0.774036,0.7964,,
1764,-1,-1,-1,,1,0.772468,0.844389,0.805689,0.794519,0.761146,0.817967,0.759318,0.817645,0.753444,0.802316,,
1763,-1,-1,-1,,1,0.777204,0.860627,0.835084,0.82755,0.74459,0.770996,0.787186,0.798405,0.772929,0.79805,,
1762,-1,-1,-1,,1,0.825818,0.793478,0.821716,0.802235,0.76601,0.737778,0.792825,0.798635,0.79743,0.833217,,
1761,-1,-1,-1,,1,0.800434,0.860736,0.818884,0.852796,0.782408,0.745998,0.827003,0.862561,0.755016,0.824794,,
1760,1777,1794,9,0.8313195,14,0.7904436429,0.7962629286,0.8269885714,0.7944090714,0.8075957143,0.7913431429,0.8015051429,0.7863665714,0.7666463571,0.8225655,0.02065424913,0.01662399695
1776,1778,1787,3,0.8012505,9,0.798693,0.7916326667,0.8239166667,0.7938505556,0.8076406667,0.802343,0.813005,0.7891323333,0.7674967778,0.8102644444,0.01767855062,0.01699200222
1777,1779,1780,1,0.7795045,5,0.8090778,0.8041438,0.818497,0.7740928,0.800163,0.803082,0.8261116,0.7964908,0.7708918,0.80589,0,0.01473952676
1778,-1,-1,-1,,1,0.781901,0.763115,0.834651,0.768539,0.804106,0.791836,0.86787,0.817426,0.790387,0.817347,,
1778,1781,1786,1,0.8245445,4,0.815872,0.814401,0.8144585,0.77548125,0.79917725,0.8058935,0.815672,0.791257,0.766018,0.80302575,0.01251028644,0
1780,1782,1783,0,0.8120255,3,0.823172,0.8078476667,0.8100756667,0.782739,0.7940523333,0.804091,0.8058023333,0.7965636667,0.76495,0.8059523333,0,0.0090135874
1781,-1,-1,-1,,1,0.808781,0.812621,0.809856,0.759266,0.788509,0.819242,0.807875,0.798433,0.733593,0.802127,,
1781,1784,1785,0,0.8303675,2,0.8303675,0.805461,0.8101855,0.7944755,0.796824,0.7965155,0.804766,0.795629,0.7806285,0.807865,0,0
1783,-1,-1,-1,,1,0.81527,0.795894,0.818859,0.789965,0.794503,0.799719,0.815022,0.785149,0.791568,0.801004,,
1783,-1,-1,-1,,1,0.845465,0.815028,0.801512,0.798986,0.799145,0.793312,0.79451,0.806109,0.769689,0.814726,,
1780,-1,-1,-1,,1,0.793972,0.834061,0.827607,0.753708,0.814552,0.811301,0.845281,0.775337,0.769222,0.794246,,
1777,1788,1793,4,0.8272685,4,0.785712,0.77599375,0.83069125,0.81854775,0.81698775,0.80141925,0.79662175,0.77993425,0.763253,0.8157325,0.01475818053,0
1787,1789,1790,1,0.770369,3,0.772722,0.7733733333,0.82621,0.8067983333,0.811204,0.803832,0.7914696667,0.7783703333,0.7638176667,0.811783,0,0.01102694362
1788,-1,-1,-1,,1,0.813549,0.770013,0.81244,0.812175,0.811253,0.806106,0.776866,0.757943,0.768916,0.825067,,
1788,1791,1792,0,0.7523085,2,0.7523085,0.7750535,0.833095,0.80411,0.8111795,0.802695,0.7987715,0.788584,0.7612685,0.805141,0,0
1790,-1,-1,-1,,1,0.739271,0.770725,0.854972,0.803515,0.802161,0.814288,0.79224,0.77249,0.766364,0.807353,,
1790,-1,-1,-1,,1,0.765346,0.779382,0.811218,0.804705,0.820198,0.791102,0.805303,0.804678,0.756173,0.802929,,
1787,-1,-1,-1,,1,0.824682,0.783855,0.844135,0.853796,0.834339,0.794181,0.812078,0.784626,0.761559,0.827581,,
1776,1795,1796,5,0.7541345,5,0.7755948,0.8045974,0.832518,0.7954144,0.8075148,0.7715434,0.7808054,0.7813882,0.7651156,0.8447074,0,0.01410720925
1794,-1,-1,-1,,1,0.789013,0.813756,0.804909,0.809331,0.798364,0.754134,0.829898,0.755753,0.765649,0.841294,,
1794,1797,1802,9,0.8524405,4,0.77224025,0.80230775,0.83942025,0.79193525,0.8098025,0.77589575,0.76853225,0.787797,0.76498225,0.84556075,0.01252500066,0
1796,1798,1801,7,0.7933995,3,0.7705816667,0.8090043333,0.8455086667,0.7937136667,0.8113953333,0.7704833333,0.7621216667,0.7866716667,0.7746806667,0.8416736667,0.009727682499,0
1797,1799,1800,0,0.7601125,2,0.7601125,0.8099995,0.8440455,0.802207,0.799262,0.7725135,0.766685,0.776556,0.773884,0.838681,0,0
1798,-1,-1,-1,,1,0.755242,0.796258,0.832883,0.796078,0.79682,0.754135,0.762797,0.779896,0.760157,0.835058,,
1798,-1,-1,-1,,1,0.764983,0.823741,0.855208,0.808336,0.801704,0.790892,0.770573,0.773216,0.787611,0.842304,,
1797,-1,-1,-1,,1,0.79152,0.807014,0.848435,0.776727,0.835662,0.766423,0.752995,0.806903,0.776274,0.847659,,
1796,-1,-1,-1,,1,0.777216,0.782218,0.821155,0.7866,0.805024,0.792133,0.787764,0.791173,0.735887,0.857222,,
1731,1804,1819,4,0.841607,9,0.8126063333,0.8047987778,0.8282554444,0.7878885556,0.7993324444,0.8534126667,0.7978717778,0.8198987778,0.7742624444,0.784706,0.02009986511,0
1803,1805,1810,0,0.812207,8,0.811533625,0.810254375,0.831658625,0.78503575,0.793015,0.847220125,0.800396625,0.823793,0.77348175,0.785235,0.01565781637,0.01679464935
1804,1806,1809,1,0.8379485,3,0.7954336667,0.830369,0.846164,0.8026913333,0.8200763333,0.8425213333,0.8032423333,0.810049,0.77491,0.7963536667,0.01208064205,0
1805,1807,1808,0,0.7998455,2,0.7998455,0.8207405,0.844221,0.821118,0.8154425,0.843355,0.8057215,0.819531,0.7647955,0.7883945,0,0
1806,-1,-1,-1,,1,0.787782,0.81521,0.846565,0.817689,0.797543,0.847408,0.779968,0.808892,0.777145,0.787854,,
1806,-1,-1,-1,,1,0.811909,0.826271,0.841877,0.824547,0.833342,0.839302,0.831475,0.83017,0.752446,0.788935,,
1805,-1,-1,-1,,1,0.78661,0.849626,0.85005,0.765838,0.829344,0.840854,0.798284,0.791085,0.795139,0.812272,,
1804,1811,1812,7,0.8082495,5,0.8211936,0.7981856,0.8229554,0.7744424,0.7767782,0.8500394,0.7986892,0.8320394,0.7726248,0.7785638,0,0.01523452564
1810,-1,-1,-1,,1,0.826156,0.757283,0.809891,0.791796,0.800254,0.84498,0.804573,0.802367,0.770575,0.764778,,
1810,1813,1814,2,0.8093135,4,0.819953,0.80841125,0.8262215,0.770104,0.77090925,0.85130425,0.79721825,0.8394575,0.77313725,0.78201025,0,0.0133377356
1812,-1,-1,-1,,1,0.821728,0.81475,0.808875,0.788549,0.765747,0.857231,0.775634,0.839911,0.800034,0.750005,,
1812,1815,1816,7,0.8329865,3,0.8193613333,0.8062983333,0.8320036667,0.7639556667,0.77263,0.8493286667,0.804413,0.8393063333,0.7641716667,0.7926786667,0,0.00909452073
1814,-1,-1,-1,,1,0.818225,0.827246,0.809752,0.773684,0.766073,0.82227,0.806489,0.814132,0.767624,0.792971,,
1814,1817,1818,0,0.8199295,2,0.8199295,0.7958245,0.8431295,0.7590915,0.7759085,0.862858,0.803375,0.8518935,0.7624455,0.7925325,0,0
1816,-1,-1,-1,,1,0.812505,0.807498,0.835795,0.745481,0.790789,0.855344,0.804716,0.851946,0.752178,0.789133,,
1816,-1,-1,-1,,1,0.827354,0.784151,0.850464,0.772702,0.761028,0.870372,0.802034,0.851841,0.772713,0.795932,,
1803,-1,-1,-1,,1,0.821188,0.761154,0.80103,0.810711,0.849872,0.902953,0.777673,0.788745,0.780508,0.780474,,
1640,1821,1892,0,0.790555,90,0.801733,0.7997611222,0.8098480667,0.8006324444,0.8025709222,0.8043469778,0.8064654889,0.8026231444,0.8278679889,0.7948871,0.02857088187,0.0279157124
1820,1822,1863,7,0.8055115,36,0.7698137222,0.7968592222,0.8061915278,0.8113778889,0.8099800556,0.8139001667,0.8104750833,0.7994436389,0.8299104167,0.7970623333,0.02712698477,0.02593253595
1821,1823,1846,4,0.8152055,21,0.7684925238,0.8035219524,0.7985638095,0.8033617619,0.807119619,0.8088826667,0.8105624762,0.7760270476,0.8329411905,0.7951651905,0.02289538805,0.02717991448
1822,1824,1825,9,0.765917,12,0.7722718333,0.8002189167,0.8023754167,0.8138424167,0.7869143333,0.79471375,0.8082158333,0.7793895833,0.8288993333,0.805471,0,0.02169162364
1823,-1,-1,-1,,1,0.76522,0.793006,0.85427,0.838337,0.766811,0.822481,0.848133,0.794485,0.871477,0.760604,,
1823,1826,1843,3,0.8220675,11,0.7729129091,0.8008746364,0.7976577273,0.8116156364,0.7887419091,0.7921894545,0.804587,0.7780172727,0.8250286364,0.8095498182,0.020663812,0.01113402538
1825,1827,1838,9,0.830834,9,0.7706815556,0.7944651111,0.8039644444,0.8059655556,0.7890032222,0.7975821111,0.8054996667,0.7803154444,0.8296884444,0.8162161111,0.01917487065,0.01438846426
1826,1828,1837,1,0.8090265,6,0.768053,0.7881175,0.8111496667,0.8088851667,0.7846173333,0.8017523333,0.8034641667,0.7778038333,0.826849,0.7961701667,0.01756787801,0
1827,1829,1836,0,0.785115,5,0.767673,0.7829446,0.8146658,0.8086858,0.7915812,0.8034034,0.7999004,0.7836134,0.8177138,0.7954378,0.01593869938,0
1828,1830,1831,9,0.7817685,4,0.76244175,0.77824125,0.80479,0.810065,0.79785875,0.80795225,0.79303725,0.78429325,0.81510175,0.79514975,0,0.01433474252
1829,-1,-1,-1,,1,0.758098,0.753223,0.814808,0.821902,0.809783,0.771587,0.792756,0.775616,0.815774,0.77123,,
1829,1832,1835,2,0.8090955,3,0.7638896667,0.7865806667,0.8014506667,0.8061193333,0.793884,0.820074,0.793131,0.7871856667,0.8148776667,0.803123,0.01200499315,0
1831,1833,1834,0,0.7610725,2,0.7610725,0.7799005,0.791118,0.813789,0.786194,0.8169705,0.7819685,0.796457,0.8193835,0.808531,0,0
1832,-1,-1,-1,,1,0.740513,0.804071,0.796075,0.813895,0.785585,0.79954,0.784204,0.800722,0.815453,0.816709,,
1832,-1,-1,-1,,1,0.781632,0.75573,0.786161,0.813683,0.786803,0.834401,0.779733,0.792192,0.823314,0.800353,,
1831,-1,-1,-1,,1,0.769524,0.799941,0.822116,0.79078,0.809264,0.826281,0.815456,0.768643,0.805866,0.792307,,
1828,-1,-1,-1,,1,0.788598,0.801758,0.854169,0.803169,0.766471,0.785208,0.827353,0.780894,0.828162,0.79659,,
1827,-1,-1,-1,,1,0.769953,0.813982,0.793569,0.809882,0.749798,0.793497,0.821283,0.748756,0.872525,0.799832,,
1826,1839,1840,3,0.7965975,3,0.7759386667,0.8071603333,0.789594,0.8001263333,0.797775,0.7892416667,0.8095706667,0.7853386667,0.8353673333,0.856308,0,0.009141697394
1838,-1,-1,-1,,1,0.775825,0.786355,0.782733,0.792068,0.81377,0.820572,0.837136,0.782636,0.85715,0.854781,,
1838,1841,1842,0,0.7759955,2,0.7759955,0.817563,0.7930245,0.8041555,0.7897775,0.7735765,0.795788,0.78669,0.824476,0.8570715,0,0
1840,-1,-1,-1,,1,0.773218,0.826206,0.782576,0.801127,0.789838,0.774479,0.784561,0.80165,0.836205,0.869184,,
1840,-1,-1,-1,,1,0.778773,0.80892,0.803473,0.807184,0.789717,0.772674,0.807015,0.77173,0.812747,0.844959,,
1825,1844,1845,0,0.782954,2,0.782954,0.8297175,0.7692775,0.837041,0.787566,0.7679225,0.80048,0.7676755,0.8040595,0.7795515,0,0
1843,-1,-1,-1,,1,0.776217,0.832546,0.739245,0.822233,0.789267,0.770265,0.799852,0.760493,0.803882,0.781709,,
1843,-1,-1,-1,,1,0.789691,0.826889,0.79931,0.851849,0.785865,0.76558,0.801108,0.774858,0.804237,0.777394,,
1822,1847,1848,8,0.817444,9,0.7634534444,0.807926,0.7934816667,0.7893875556,0.83406,0.8277745556,0.8136913333,0.7715436667,0.8383303333,0.7814241111,0,0.0248445702
1846,-1,-1,-1,,1,0.772797,0.81229,0.745849,0.851436,0.820426,0.812038,0.874691,0.767523,0.806082,0.72002,,
1846,1849,1850,2,0.762535,8,0.7622855,0.8073805,0.79943575,0.7816315,0.83576425,0.829741625,0.806066375,0.77204625,0.842361375,0.789099625,0,0.02370248287
1848,-1,-1,-1,,1,0.768796,0.770098,0.745327,0.73459,0.824351,0.843338,0.83025,0.754446,0.842309,0.820946,,
1848,1851,1862,5,0.8589725,7,0.7613554286,0.8127065714,0.8071655714,0.7883517143,0.8373947143,0.8277992857,0.8026115714,0.7745605714,0.8423688571,0.7845501429,0.02219513205,0
1850,1852,1853,5,0.7851995,6,0.7606188333,0.8188465,0.811736,0.7816185,0.8408536667,0.8225426667,0.8065445,0.7755391667,0.8418886667,0.776072,0,0.02016127232
1851,-1,-1,-1,,1,0.715077,0.796815,0.808261,0.75608,0.843572,0.765357,0.818217,0.787412,0.843547,0.806294,,
1851,1854,1861,7,0.797983,5,0.7697272,0.8232528,0.812431,0.7867262,0.84031,0.8339798,0.80421,0.7731646,0.841557,0.7700276,0.01770552451,0
1853,1855,1856,7,0.75322,4,0.7678995,0.81980575,0.812624,0.78137775,0.844218,0.82782325,0.79246125,0.76511975,0.84474475,0.7611245,0,0.01502811155
1854,-1,-1,-1,,1,0.746281,0.822814,0.834114,0.758392,0.865882,0.846963,0.83076,0.752472,0.836814,0.779323,,
1854,1857,1860,2,0.807722,3,0.7751056667,0.818803,0.8054606667,0.7890396667,0.8369966667,0.8214433333,0.779695,0.7693356667,0.8473883333,0.7550583333,0.01081023968,0
1856,1858,1859,0,0.771055,2,0.771055,0.8320315,0.803318,0.80128,0.8415565,0.8105175,0.791762,0.772295,0.8490425,0.7648865,0,0
1857,-1,-1,-1,,1,0.755041,0.819611,0.805698,0.809045,0.850527,0.805042,0.79173,0.790622,0.833374,0.764565,,
1857,-1,-1,-1,,1,0.787069,0.844452,0.800938,0.793515,0.832586,0.815993,0.791794,0.753968,0.864711,0.765208,,
1856,-1,-1,-1,,1,0.783207,0.792346,0.809746,0.764559,0.827877,0.843295,0.755561,0.763417,0.84408,0.735402,,
1853,-1,-1,-1,,1,0.777038,0.837041,0.811659,0.80812,0.824678,0.858606,0.851205,0.805344,0.828806,0.80564,,
1850,-1,-1,-1,,1,0.765775,0.775867,0.779743,0.828751,0.816641,0.859339,0.779014,0.768689,0.84525,0.835419,,
1821,1864,1865,4,0.764288,15,0.7716634,0.7875314,0.8168703333,0.8226004667,0.8139846667,0.8209246667,0.8103527333,0.8322268667,0.8256673333,0.7997183333,0,0.0245671517
1863,-1,-1,-1,,1,0.775188,0.801719,0.863849,0.836422,0.763873,0.794131,0.852633,0.831829,0.879301,0.868864,,
1863,1866,1881,4,0.82941,14,0.7714116429,0.786518,0.8135147143,0.8216132143,0.8175640714,0.8228385,0.8073327143,0.8322552857,0.8218363571,0.7947793571,0.02047549341,0.02272266113
1865,1867,1874,2,0.7965285,8,0.766317875,0.787836625,0.794154125,0.8227835,0.793765,0.827912875,0.8005325,0.828857375,0.820822,0.7987,0.01502852065,0.01837232768
1866,1868,1869,2,0.7532295,4,0.772311,0.78548025,0.76722225,0.80871025,0.80636825,0.8332935,0.7867845,0.825433,0.8165485,0.800655,0,0.01279349182
1867,-1,-1,-1,,1,0.782257,0.823193,0.743545,0.810676,0.81051,0.841718,0.784314,0.807119,0.819181,0.824547,,
1867,1870,1871,9,0.7857485,3,0.7689956667,0.7729093333,0.7751146667,0.808055,0.8049876667,0.8304853333,0.787608,0.8315376667,0.815671,0.792691,0,0.009798421179
1869,-1,-1,-1,,1,0.759885,0.771673,0.774506,0.804745,0.825241,0.863423,0.800742,0.838784,0.815111,0.779384,,
1869,1872,1873,0,0.773551,2,0.773551,0.7735275,0.775419,0.80971,0.794861,0.8140165,0.781041,0.8279145,0.815951,0.7993445,0,0
1871,-1,-1,-1,,1,0.762306,0.770169,0.762914,0.818433,0.795924,0.820924,0.767637,0.841318,0.804574,0.806576,,
1871,-1,-1,-1,,1,0.784796,0.776886,0.787924,0.800987,0.793798,0.807109,0.794445,0.814511,0.827328,0.792113,,
1866,1875,1876,7,0.8106515,4,0.76032475,0.790193,0.821086,0.83685675,0.78116175,0.82253225,0.8142805,0.83228175,0.8250955,0.796745,0,0.01423214198
1874,-1,-1,-1,,1,0.74854,0.777053,0.819438,0.855211,0.823332,0.785499,0.804814,0.805679,0.833032,0.826871,,
1874,1877,1880,0,0.7723075,3,0.764253,0.794573,0.8216353333,0.8307386667,0.767105,0.8348766667,0.817436,0.8411493333,0.82245,0.786703,0.01138681008,0
1876,1878,1879,0,0.757335,2,0.757335,0.7940935,0.81064,0.841406,0.768306,0.8255395,0.819424,0.853912,0.8255355,0.792431,0,0
1877,-1,-1,-1,,1,0.748144,0.802699,0.805133,0.842182,0.767105,0.827238,0.786438,0.850805,0.827626,0.791589,,
1877,-1,-1,-1,,1,0.766526,0.785488,0.816147,0.84063,0.769507,0.823841,0.85241,0.857019,0.823445,0.793273,,
1876,-1,-1,-1,,1,0.778089,0.795532,0.843626,0.809404,0.764703,0.853551,0.81346,0.815624,0.816279,0.775247,,
1865,1882,1883,2,0.809951,6,0.7782033333,0.7847598333,0.8393288333,0.8200528333,0.8492961667,0.8160726667,0.8163996667,0.8367858333,0.8231888333,0.7895518333,0,0.0210852664
1881,-1,-1,-1,,1,0.760794,0.75419,0.785715,0.802242,0.863437,0.793293,0.8527,0.832465,0.818015,0.817483,,
1881,1884,1891,0,0.790311,5,0.7816852,0.7908738,0.8500516,0.823615,0.846468,0.8206286,0.8091396,0.83765,0.8242236,0.7839656,0.01918399716,0
1883,1885,1886,5,0.7883395,4,0.77952,0.78435875,0.848973,0.82174925,0.84557475,0.81669575,0.79542925,0.845577,0.826923,0.77694575,0,0.01630216097
1884,-1,-1,-1,,1,0.786944,0.801191,0.85164,0.808058,0.858545,0.763505,0.803734,0.818876,0.815036,0.752299,,
1884,1887,1888,4,0.8338565,3,0.7770453333,0.778748,0.848084,0.826313,0.8412513333,0.834426,0.792661,0.8544773333,0.8308853333,0.7851613333,0,0.0127362012
1886,-1,-1,-1,,1,0.784372,0.776177,0.862854,0.86741,0.833579,0.850133,0.817442,0.839794,0.834706,0.779235,,
1886,1889,1890,0,0.773382,2,0.773382,0.7800335,0.840699,0.8057645,0.8450875,0.8265725,0.7802705,0.861819,0.828975,0.7881245,0,0
1888,-1,-1,-1,,1,0.756488,0.779662,0.834187,0.810441,0.856041,0.813174,0.796893,0.885421,0.840058,0.784051,,
1888,-1,-1,-1,,1,0.790276,0.780405,0.847211,0.801088,0.834134,0.839971,0.763648,0.838217,0.817892,0.792198,,
1883,-1,-1,-1,,1,0.790346,0.816934,0.854366,0.831078,0.850041,0.83636,0.863981,0.805942,0.813426,0.812045,,
1820,1893,1956,5,0.8036735,54,0.8230125185,0.8016957222,0.8122857593,0.7934688148,0.7976315,0.7979781852,0.8037924259,0.8047428148,0.8265063704,0.7934369444,0.02610495597,0.02680164253
1892,1894,1917,7,0.799264,32,0.8242405312,0.8004370937,0.8123585938,0.7965191563,0.7932194063,0.777739875,0.8004399375,0.8070494063,0.8290978125,0.8036608125,0.02448497504,0.02363449912
1893,1895,1912,1,0.820532,12,0.8338583333,0.7994161667,0.8280885833,0.8001370833,0.7900865833,0.7622214167,0.80457475,0.77405475,0.82850575,0.8126835833,0.02177678153,0.01933019274
1894,1896,1911,0,0.863952,9,0.8298778889,0.7818407778,0.8270971111,0.7923373333,0.7989695556,0.7587513333,0.8005168889,0.7723736667,0.8271472222,0.8110146667,0.02034869675,0
1895,1897,1910,0,0.859855,8,0.825292875,0.78134425,0.8239,0.794709625,0.798114875,0.760454375,0.79383775,0.770559375,0.826944625,0.80438025,0.01879466037,0
1896,1898,1909,5,0.776665,7,0.8201424286,0.7819321429,0.8275245714,0.792626,0.7920108571,0.7545244286,0.7935784286,0.7683375714,0.8273525714,0.7990855714,0.01716476688,0
1897,1899,1908,2,0.8654355,6,0.8218783333,0.7868208333,0.8278021667,0.7906466667,0.791041,0.7499478333,0.7975608333,0.7776293333,0.8300923333,0.7967753333,0.01591032215,0
1898,1900,1907,2,0.8485805,5,0.8256728,0.7871596,0.820202,0.7852484,0.7948242,0.7462484,0.7954358,0.7735048,0.8265888,0.798811,0.01475877692,0
1899,1901,1902,1,0.7629835,4,0.82285775,0.7824855,0.8089855,0.7871815,0.794058,0.749494,0.79647575,0.778506,0.82623275,0.798074,0,0.01331869584
1900,-1,-1,-1,,1,0.801679,0.761154,0.832093,0.801314,0.807862,0.771346,0.787595,0.771235,0.817656,0.803802,,
1900,1903,1904,8,0.8259175,3,0.8299173333,0.789596,0.801283,0.7824706667,0.7894566667,0.74221,0.799436,0.7809296667,0.8290916667,0.7961646667,0,0.009661088324
1902,-1,-1,-1,,1,0.858364,0.764813,0.799737,0.781681,0.794832,0.759651,0.808384,0.789998,0.818855,0.812798,,
1902,1905,1906,0,0.815694,2,0.815694,0.8019875,0.802056,0.7828655,0.786769,0.7334895,0.794962,0.7763955,0.83421,0.787848,0,0
1904,-1,-1,-1,,1,0.802038,0.796329,0.809173,0.776728,0.779906,0.72767,0.797255,0.799116,0.83544,0.7926,,
1904,-1,-1,-1,,1,0.82935,0.807646,0.794939,0.789003,0.793632,0.739309,0.792669,0.753675,0.83298,0.783096,,
1899,-1,-1,-1,,1,0.836933,0.805856,0.865068,0.777516,0.797889,0.733266,0.791276,0.7535,0.828013,0.801759,,
1898,-1,-1,-1,,1,0.802906,0.785127,0.865803,0.817638,0.772125,0.768445,0.808186,0.798252,0.84761,0.786597,,
1897,-1,-1,-1,,1,0.809727,0.7526,0.825859,0.804502,0.79783,0.781984,0.769684,0.712587,0.810914,0.812947,,
1896,-1,-1,-1,,1,0.861346,0.777229,0.798528,0.809295,0.840843,0.801964,0.795653,0.786112,0.824089,0.841443,,
1895,-1,-1,-1,,1,0.866558,0.785813,0.852674,0.773359,0.805807,0.745127,0.85395,0.786888,0.828768,0.86409,,
1894,1913,1916,3,0.8298025,3,0.8457996667,0.8521423333,0.831063,0.8235363333,0.7634376667,0.7726316667,0.8167483333,0.779098,0.8325813333,0.8176903333,0.009830066115,0
1912,1914,1915,0,0.8525725,2,0.8525725,0.8371595,0.8180035,0.8151585,0.747035,0.7614545,0.8190615,0.7761185,0.8383675,0.7933305,0,0
1913,-1,-1,-1,,1,0.838801,0.840901,0.831752,0.811004,0.755299,0.769544,0.80441,0.781479,0.850637,0.787974,,
1913,-1,-1,-1,,1,0.866344,0.833418,0.804255,0.819313,0.738771,0.753365,0.833713,0.770758,0.826098,0.798687,,
1912,-1,-1,-1,,1,0.832254,0.882108,0.857182,0.840292,0.796243,0.794986,0.812122,0.785057,0.821009,0.86641,,
1893,1918,1945,6,0.8129245,20,0.81846985,0.80104965,0.8029206,0.7943484,0.7950991,0.78705095,0.79795905,0.8268462,0.82945305,0.79824715,0.02166453491,0.02078040284
1917,1919,1934,3,0.8010005,14,0.8200564286,0.8017246429,0.7899892857,0.7946942857,0.7977136429,0.7887792857,0.7846194286,0.8191131429,0.8326105714,0.7965603571,0.01918743077,0.01907434535
1918,1920,1921,5,0.785578,8,0.815492125,0.798045625,0.788214125,0.770964,0.805681625,0.79471575,0.789239375,0.8230185,0.826973125,0.798821875,0,0.01843030507
1919,-1,-1,-1,,1,0.80213,0.777649,0.77657,0.737598,0.802062,0.784986,0.8112,0.823459,0.822189,0.748729,,
1919,1922,1933,1,0.8282045,7,0.817401,0.8009594286,0.7898775714,0.7757305714,0.8061987143,0.7961057143,0.7861021429,0.8229555714,0.8276565714,0.805978,0.01754859561,0
1921,1923,1932,1,0.821314,6,0.808512,0.7959996667,0.7868513333,0.775818,0.8067053333,0.7977616667,0.7828976667,0.822843,0.827412,0.8057051667,0.01640598172,0
1922,1924,1931,1,0.806983,5,0.808354,0.7900614,0.783606,0.7734632,0.8132546,0.7994314,0.7805362,0.8162252,0.8278704,0.8102532,0.01492831202,0
1923,1925,1928,1,0.7910295,4,0.81180775,0.7833425,0.7924745,0.77099975,0.80761525,0.800004,0.775903,0.8121825,0.8292845,0.81392075,0.009885829408,0.01021383233
1924,1926,1927,0,0.814515,2,0.814515,0.7704365,0.785267,0.7938375,0.813236,0.800846,0.786862,0.80943,0.844656,0.8052825,0,0
1925,-1,-1,-1,,1,0.800119,0.786591,0.791635,0.795637,0.813217,0.800139,0.784297,0.799412,0.862769,0.810739,,
1925,-1,-1,-1,,1,0.828911,0.754282,0.778899,0.792038,0.813255,0.801553,0.789427,0.819448,0.826543,0.799826,,
1924,1929,1930,0,0.8091005,2,0.8091005,0.7962485,0.799682,0.748162,0.8019945,0.799162,0.764944,0.814935,0.813913,0.822559,0,0
1928,-1,-1,-1,,1,0.801344,0.795468,0.784585,0.732207,0.816491,0.795024,0.759985,0.826526,0.820183,0.813931,,
1928,-1,-1,-1,,1,0.816857,0.797029,0.814779,0.764117,0.787498,0.8033,0.769903,0.803344,0.807643,0.831187,,
1923,-1,-1,-1,,1,0.794539,0.816937,0.748132,0.783317,0.835812,0.797141,0.799069,0.832396,0.822214,0.795583,,
1922,-1,-1,-1,,1,0.809302,0.825691,0.803078,0.787592,0.773959,0.789413,0.794705,0.855932,0.82512,0.782965,,
1921,-1,-1,-1,,1,0.870735,0.830718,0.808035,0.775206,0.803159,0.78617,0.805329,0.823631,0.829124,0.807615,,
1918,1935,1944,8,0.85829,6,0.8261421667,0.80663,0.7923561667,0.8263346667,0.7870896667,0.780864,0.7784595,0.813906,0.8401271667,0.793545,0.01762759002,0
1934,1936,1943,9,0.81435,5,0.8299372,0.8172952,0.7928022,0.828283,0.7841378,0.777742,0.7774546,0.8163016,0.8347118,0.7983508,0.01624940009,0
1935,1937,1942,2,0.8135835,4,0.83515825,0.816628,0.78676325,0.83376275,0.7938965,0.78144725,0.77357475,0.816255,0.834706,0.79282575,0.01490624889,0
1936,1938,1939,7,0.810637,3,0.838533,0.818586,0.7759966667,0.8361863333,0.7849653333,0.775599,0.78055,0.8165013333,0.829816,0.7938466667,0,0.01115499394
1937,-1,-1,-1,,1,0.859765,0.810576,0.808104,0.852471,0.783488,0.791628,0.795019,0.800996,0.837397,0.808249,,
1937,1940,1941,0,0.827917,2,0.827917,0.822591,0.759943,0.828044,0.785704,0.7675845,0.7733155,0.824254,0.8260255,0.7866455,0,0
1939,-1,-1,-1,,1,0.802437,0.806847,0.752504,0.833192,0.791086,0.781118,0.776794,0.820278,0.823217,0.782465,,
1939,-1,-1,-1,,1,0.853397,0.838335,0.767382,0.822896,0.780322,0.754051,0.769837,0.82823,0.828834,0.790826,,
1936,-1,-1,-1,,1,0.825034,0.810754,0.819063,0.826492,0.82069,0.798992,0.752649,0.815516,0.849376,0.789763,,
1935,-1,-1,-1,,1,0.809053,0.819964,0.816958,0.806364,0.745103,0.762921,0.792974,0.816488,0.834735,0.820451,,
1934,-1,-1,-1,,1,0.807167,0.753304,0.790126,0.816593,0.801849,0.796474,0.783484,0.801928,0.867204,0.769516,,
1917,1946,1955,3,0.81939,6,0.8147678333,0.7994746667,0.8330936667,0.7935413333,0.7889985,0.7830181667,0.8290848333,0.84489,0.8220855,0.802183,0.0182425045,0
1945,1947,1948,4,0.773691,5,0.8166692,0.799968,0.8212476,0.783687,0.792155,0.7824914,0.831972,0.8442354,0.8158676,0.8053514,0,0.01553133616
1946,-1,-1,-1,,1,0.80154,0.775396,0.779393,0.776666,0.765645,0.73748,0.840639,0.856235,0.81888,0.806646,,
1946,1949,1950,1,0.7887755,4,0.8204515,0.806111,0.83171125,0.78544225,0.7987825,0.79374425,0.82980525,0.8412355,0.8151145,0.80502775,0,0.01249717201
1948,-1,-1,-1,,1,0.830618,0.766473,0.869075,0.795924,0.812289,0.803554,0.822399,0.841229,0.817546,0.790788,,
1948,1951,1952,6,0.826382,3,0.8170626667,0.8193236667,0.8192566667,0.7819483333,0.7942803333,0.7904743333,0.832274,0.8412376667,0.814304,0.8097743333,0,0.009836995742
1950,-1,-1,-1,,1,0.845472,0.82714,0.832692,0.774362,0.795851,0.793781,0.821213,0.86358,0.823874,0.808994,,
1950,1953,1954,0,0.802858,2,0.802858,0.8154155,0.812539,0.7857415,0.793495,0.788821,0.8378045,0.8300665,0.809519,0.8101645,0,0
1952,-1,-1,-1,,1,0.792704,0.819753,0.800158,0.775516,0.781737,0.791741,0.844058,0.84748,0.813867,0.819102,,
1952,-1,-1,-1,,1,0.813012,0.811078,0.82492,0.795967,0.805253,0.785901,0.831551,0.812653,0.805171,0.801227,,
1945,-1,-1,-1,,1,0.805261,0.797008,0.892324,0.842813,0.773216,0.785652,0.814649,0.848163,0.853175,0.786341,,
1892,1957,1990,7,0.8225415,22,0.8212263182,0.8035264545,0.8121798182,0.7890319545,0.8040490909,0.8274157273,0.8086687727,0.8013877727,0.822737,0.7785658636,0.02624083183,0.01952966362
1956,1958,1973,9,0.7821465,17,0.8154637647,0.8015972353,0.8117115882,0.7913173529,0.8014094118,0.8310622941,0.8012562941,0.7890076471,0.8201678824,0.7824864706,0.0238222967,0.02349335348
1957,1959,1970,1,0.8121685,8,0.82238625,0.79441275,0.796560875,0.786536125,0.7971675,0.825561125,0.794808875,0.7788325,0.823752125,0.752541625,0.02140407812,0.0131927062
1958,1960,1969,2,0.8532205,6,0.8168781667,0.7847858333,0.8013023333,0.7729493333,0.7944018333,0.8171918333,0.8053575,0.7845661667,0.824287,0.7455366667,0.01967147377,0
1959,1961,1962,2,0.7622405,5,0.8183394,0.7799388,0.787905,0.7775262,0.7911224,0.818633,0.8027334,0.784165,0.827105,0.7413606,0,0.0184497153
1960,-1,-1,-1,,1,0.802872,0.796837,0.75227,0.76326,0.769952,0.8109,0.817263,0.794325,0.841035,0.781004,,
1960,1963,1968,3,0.800766,4,0.82220625,0.77571425,0.79681375,0.78109275,0.796415,0.82056625,0.799101,0.781625,0.8236225,0.73144975,0.0165104133,0
1962,1964,1967,1,0.783061,3,0.831156,0.770242,0.7947046667,0.771697,0.810447,0.8216616667,0.803199,0.7834586667,0.8256916667,0.736727,0.01293470087,0
1963,1965,1966,0,0.831329,2,0.831329,0.757965,0.8051815,0.7816565,0.8190085,0.828795,0.7868905,0.789271,0.828222,0.74063,0,0
1964,-1,-1,-1,,1,0.8284,0.771326,0.838152,0.771061,0.812348,0.824046,0.773987,0.794369,0.832556,0.737721,,
1964,-1,-1,-1,,1,0.834258,0.744604,0.772211,0.792252,0.825669,0.833544,0.799794,0.784173,0.823888,0.743539,,
1963,-1,-1,-1,,1,0.83081,0.794796,0.773751,0.751778,0.793324,0.807395,0.835816,0.771834,0.820631,0.728921,,
1962,-1,-1,-1,,1,0.795357,0.792131,0.803141,0.80928,0.754319,0.81728,0.786807,0.776124,0.817415,0.715618,,
1959,-1,-1,-1,,1,0.809572,0.809021,0.868289,0.750065,0.810799,0.809986,0.818478,0.786572,0.810197,0.766417,,
1958,1971,1972,0,0.8389105,2,0.8389105,0.8232935,0.7823365,0.8272965,0.8054645,0.850669,0.763163,0.7616315,0.8221475,0.7735565,0,0
1970,-1,-1,-1,,1,0.817311,0.831271,0.7649,0.825219,0.789328,0.856607,0.757548,0.779877,0.806602,0.774018,,
1970,-1,-1,-1,,1,0.86051,0.815316,0.799773,0.829374,0.821601,0.844731,0.768778,0.743386,0.837693,0.773095,,
1957,1974,1975,0,0.7924,9,0.8093104444,0.8079834444,0.8251788889,0.7955673333,0.80518,0.8359522222,0.8069873333,0.7980522222,0.8169818889,0.8091041111,0,0.02264215941
1973,-1,-1,-1,,1,0.790764,0.797225,0.860088,0.75354,0.821454,0.887054,0.828585,0.818166,0.809906,0.787734,,
1973,1976,1989,2,0.83512,8,0.81162875,0.80932825,0.82081525,0.80082075,0.80314575,0.8295645,0.804287625,0.795538,0.817866375,0.811775375,0.02165104023,0
1975,1977,1978,4,0.765755,7,0.8097361429,0.8023145714,0.8183995714,0.8016485714,0.7978665714,0.8242631429,0.809642,0.794401,0.8171384286,0.812589,0,0.0205701573
1976,-1,-1,-1,,1,0.805671,0.83473,0.817149,0.838588,0.745181,0.831112,0.838622,0.784147,0.808323,0.803301,,
1976,1979,1988,6,0.8347595,6,0.8104136667,0.796912,0.818608,0.795492,0.8066475,0.8231216667,0.804812,0.79611,0.8186076667,0.814137,0.01920961496,0
1978,1980,1987,4,0.8111805,5,0.8108704,0.7958076,0.8196612,0.7915692,0.7969842,0.8239012,0.7976182,0.8008366,0.821287,0.8203066,0.01738916128,0
1979,1981,1984,4,0.7881155,4,0.8121885,0.8042235,0.821411,0.77791025,0.7914815,0.82701575,0.79676575,0.79820175,0.8225355,0.8177855,0.01165483807,0.01047472124
1980,1982,1983,0,0.828681,2,0.828681,0.7745605,0.8302335,0.7748895,0.7863565,0.8411215,0.8147295,0.796209,0.820309,0.8172075,0,0
1981,-1,-1,-1,,1,0.826044,0.776222,0.827952,0.74443,0.786329,0.833942,0.800721,0.802545,0.810994,0.823607,,
1981,-1,-1,-1,,1,0.831318,0.772899,0.832515,0.805349,0.786384,0.848301,0.828738,0.789873,0.829624,0.810808,,
1980,1985,1986,0,0.795696,2,0.795696,0.8338865,0.8125885,0.780931,0.7966065,0.81291,0.778802,0.8001945,0.824762,0.8183635,0,0
1984,-1,-1,-1,,1,0.794036,0.823852,0.825697,0.766075,0.803366,0.808272,0.760373,0.792467,0.83307,0.810261,,
1984,-1,-1,-1,,1,0.797356,0.843921,0.79948,0.795787,0.789847,0.817548,0.797231,0.807922,0.816454,0.826466,,
1979,-1,-1,-1,,1,0.805598,0.762144,0.812662,0.846205,0.818995,0.811443,0.801028,0.811376,0.816293,0.830391,,
1978,-1,-1,-1,,1,0.80813,0.802434,0.813342,0.815106,0.854964,0.819224,0.840781,0.772477,0.805211,0.783289,,
1975,-1,-1,-1,,1,0.824877,0.858424,0.837725,0.795026,0.8401,0.866674,0.766807,0.803497,0.822962,0.80608,,
1956,1991,1992,7,0.827609,5,0.840819,0.8100858,0.8137718,0.7812616,0.813024,0.8150174,0.8338712,0.8434802,0.831472,0.7652358,0,0.01635315352
1990,-1,-1,-1,,1,0.822543,0.862494,0.811928,0.750445,0.812807,0.828491,0.862568,0.826917,0.805339,0.791743,,
1990,1993,1994,1,0.7768605,4,0.845388,0.79698375,0.81423275,0.78896575,0.81307825,0.811649,0.826697,0.847621,0.83800525,0.758609,0,0.01172020104
1992,-1,-1,-1,,1,0.828587,0.754887,0.828678,0.779072,0.814128,0.821265,0.873162,0.86115,0.839673,0.770131,,
1992,1995,1996,8,0.8327185,3,0.8509883333,0.811016,0.8094176667,0.7922636667,0.8127283333,0.8084436667,0.8112086667,0.8431113333,0.8374493333,0.7547683333,0,0.009024453208
1994,-1,-1,-1,,1,0.853102,0.812448,0.810086,0.805483,0.839741,0.812839,0.833967,0.841816,0.826933,0.764791,,
1994,1997,1998,0,0.8499315,2,0.8499315,0.8103,0.8090835,0.785654,0.799222,0.806246,0.7998295,0.843759,0.8427075,0.749757,0,0
1996,-1,-1,-1,,1,0.848813,0.821766,0.809273,0.775626,0.789469,0.803793,0.800484,0.859217,0.838504,0.764687,,
1996,-1,-1,-1,,1,0.85105,0.798834,0.808894,0.795682,0.808975,0.808699,0.799175,0.828301,0.846911,0.734827,,
